{
  "train_loss": [
    1.885265344773358,
    0.9740962264053972,
    0.5772182364636586,
    0.27007906839491297,
    0.18606185681266493,
    0.17034723419376582,
    0.11890411258639416,
    0.11688030194424219,
    0.10540609687701778,
    0.1084916656966227,
    0.0992149866254894,
    0.09573830501839335,
    0.09002437387252483,
    0.09004336186746495,
    0.10639654793202583,
    0.06370249330502316,
    0.05568885425630351,
    0.08227329384999685,
    0.06743669455646631,
    0.14059674493074542
  ],
  "val_loss": [
    1.4744726395606995,
    1.2726112508773804,
    1.0017493546009064,
    1.0949130547046662,
    1.1686492943763733,
    1.3602337896823884,
    1.2592379915714265,
    1.3649880838394166,
    1.4542504715919495,
    1.480767959356308,
    1.4031425046920776,
    1.5737845027446746,
    1.4147094905376434,
    1.5297951257228852,
    1.4561682844161987,
    1.445171263217926,
    1.619424620270729,
    1.4908737277984618,
    1.9253968071937562,
    1.7001824808120727
  ],
  "train_acc": [
    0.4668020621777847,
    0.6975472582408999,
    0.8237775347601938,
    0.9129823465083581,
    0.9404780503046399,
    0.9462583971254491,
    0.9618809561006093,
    0.9623496328698641,
    0.9679737541009217,
    0.9703171379471958,
    0.9685986564599282,
    0.969848461177941,
    0.973754100921731,
    0.972191845024215,
    0.9692235588189345,
    0.9829714107170755,
    0.9871895016403687,
    0.9795344477425403,
    0.9810967036400562,
    0.9629745352288704
  ],
  "val_acc": [
    0.5525,
    0.641875,
    0.698125,
    0.70875,
    0.72875,
    0.688125,
    0.731875,
    0.70875,
    0.715,
    0.7025,
    0.733125,
    0.72625,
    0.725625,
    0.729375,
    0.715625,
    0.736875,
    0.715,
    0.725625,
    0.6975,
    0.714375
  ]
}