{
  "0": {
    "precision": 0.7746478873239436,
    "recall": 0.8333333333333334,
    "f1-score": 0.8029197080291971,
    "support": 66.0
  },
  "1": {
    "precision": 0.8,
    "recall": 0.7333333333333333,
    "f1-score": 0.7652173913043478,
    "support": 60.0
  },
  "accuracy": 0.7857142857142857,
  "macro avg": {
    "precision": 0.7873239436619719,
    "recall": 0.7833333333333333,
    "f1-score": 0.7840685496667725,
    "support": 126.0
  },
  "weighted avg": {
    "precision": 0.7867203219315896,
    "recall": 0.7857142857142857,
    "f1-score": 0.784966223874507,
    "support": 126.0
  }
}