{
  "0": {
    "precision": 0.5136612021857924,
    "recall": 0.6308724832214765,
    "f1-score": 0.5662650602409639,
    "support": 149.0
  },
  "1": {
    "precision": 0.7659574468085106,
    "recall": 0.6691449814126395,
    "f1-score": 0.7142857142857143,
    "support": 269.0
  },
  "accuracy": 0.6555023923444976,
  "macro avg": {
    "precision": 0.6398093244971514,
    "recall": 0.650008732317058,
    "f1-score": 0.6402753872633391,
    "support": 418.0
  },
  "weighted avg": {
    "precision": 0.6760240964525657,
    "recall": 0.6555023923444976,
    "f1-score": 0.6615223710975139,
    "support": 418.0
  }
}