{
  "0": {
    "precision": 1.0,
    "recall": 1.0,
    "f1-score": 1.0,
    "support": 156.0
  },
  "1": {
    "precision": 1.0,
    "recall": 1.0,
    "f1-score": 1.0,
    "support": 96.0
  },
  "2": {
    "precision": 1.0,
    "recall": 0.9814814814814815,
    "f1-score": 0.9906542056074766,
    "support": 54.0
  },
  "3": {
    "precision": 1.0,
    "recall": 1.0,
    "f1-score": 1.0,
    "support": 84.0
  },
  "4": {
    "precision": 0.989010989010989,
    "recall": 1.0,
    "f1-score": 0.994475138121547,
    "support": 90.0
  },
  "5": {
    "precision": 1.0,
    "recall": 1.0,
    "f1-score": 1.0,
    "support": 90.0
  },
  "6": {
    "precision": 1.0,
    "recall": 1.0,
    "f1-score": 1.0,
    "support": 72.0
  },
  "accuracy": 0.9984423676012462,
  "macro avg": {
    "precision": 0.9984301412872841,
    "recall": 0.9973544973544973,
    "f1-score": 0.9978756205327176,
    "support": 642.0
  },
  "weighted avg": {
    "precision": 0.9984594844407929,
    "recall": 0.9984423676012462,
    "f1-score": 0.9984393917971075,
    "support": 642.0
  }
}