{
  "0": {
    "precision": 1.0,
    "recall": 1.0,
    "f1-score": 1.0,
    "support": 150.0
  },
  "1": {
    "precision": 1.0,
    "recall": 0.9705882352941176,
    "f1-score": 0.9850746268656716,
    "support": 102.0
  },
  "2": {
    "precision": 0.9777777777777777,
    "recall": 0.8148148148148148,
    "f1-score": 0.8888888888888888,
    "support": 54.0
  },
  "3": {
    "precision": 0.95,
    "recall": 0.9743589743589743,
    "f1-score": 0.9620253164556962,
    "support": 78.0
  },
  "4": {
    "precision": 0.9120879120879121,
    "recall": 0.9880952380952381,
    "f1-score": 0.9485714285714286,
    "support": 84.0
  },
  "5": {
    "precision": 0.9795918367346939,
    "recall": 1.0,
    "f1-score": 0.9896907216494846,
    "support": 96.0
  },
  "6": {
    "precision": 0.9873417721518988,
    "recall": 1.0,
    "f1-score": 0.9936305732484076,
    "support": 78.0
  },
  "accuracy": 0.9750778816199377,
  "macro avg": {
    "precision": 0.9723998998217548,
    "recall": 0.9639796089375922,
    "f1-score": 0.9668402222399396,
    "support": 642.0
  },
  "weighted avg": {
    "precision": 0.9759639550930892,
    "recall": 0.9750778816199377,
    "f1-score": 0.9746247361613227,
    "support": 642.0
  }
}