{
  "0": {
    "precision": 0.9445544554455445,
    "recall": 0.9578313253012049,
    "f1-score": 0.9511465603190429,
    "support": 498.0
  },
  "1": {
    "precision": 0.8333333333333334,
    "recall": 0.7894736842105263,
    "f1-score": 0.8108108108108109,
    "support": 133.0
  },
  "accuracy": 0.9223454833597464,
  "macro avg": {
    "precision": 0.888943894389439,
    "recall": 0.8736525047558656,
    "f1-score": 0.8809786855649269,
    "support": 631.0
  },
  "weighted avg": {
    "precision": 0.921111651577202,
    "recall": 0.9223454833597464,
    "f1-score": 0.92156707587436,
    "support": 631.0
  }
}