{
  "0": {
    "precision": 0.9565217391304348,
    "recall": 0.6875,
    "f1-score": 0.8,
    "support": 32.0
  },
  "1": {
    "precision": 1.0,
    "recall": 0.78125,
    "f1-score": 0.8771929824561403,
    "support": 32.0
  },
  "2": {
    "precision": 0.8857142857142857,
    "recall": 0.96875,
    "f1-score": 0.9253731343283582,
    "support": 32.0
  },
  "3": {
    "precision": 0.8421052631578947,
    "recall": 1.0,
    "f1-score": 0.9142857142857143,
    "support": 32.0
  },
  "4": {
    "precision": 1.0,
    "recall": 1.0,
    "f1-score": 1.0,
    "support": 32.0
  },
  "5": {
    "precision": 0.8378378378378378,
    "recall": 0.96875,
    "f1-score": 0.8985507246376812,
    "support": 32.0
  },
  "6": {
    "precision": 1.0,
    "recall": 1.0,
    "f1-score": 1.0,
    "support": 32.0
  },
  "7": {
    "precision": 0.8518518518518519,
    "recall": 0.71875,
    "f1-score": 0.7796610169491526,
    "support": 32.0
  },
  "8": {
    "precision": 1.0,
    "recall": 1.0,
    "f1-score": 1.0,
    "support": 32.0
  },
  "9": {
    "precision": 0.88,
    "recall": 0.6875,
    "f1-score": 0.7719298245614035,
    "support": 32.0
  },
  "10": {
    "precision": 1.0,
    "recall": 0.875,
    "f1-score": 0.9333333333333333,
    "support": 32.0
  },
  "11": {
    "precision": 0.8648648648648649,
    "recall": 1.0,
    "f1-score": 0.927536231884058,
    "support": 32.0
  },
  "12": {
    "precision": 0.9142857142857143,
    "recall": 1.0,
    "f1-score": 0.9552238805970149,
    "support": 32.0
  },
  "13": {
    "precision": 1.0,
    "recall": 0.78125,
    "f1-score": 0.8771929824561403,
    "support": 32.0
  },
  "14": {
    "precision": 0.967741935483871,
    "recall": 0.9375,
    "f1-score": 0.9523809523809523,
    "support": 32.0
  },
  "15": {
    "precision": 0.90625,
    "recall": 0.90625,
    "f1-score": 0.90625,
    "support": 32.0
  },
  "16": {
    "precision": 1.0,
    "recall": 1.0,
    "f1-score": 1.0,
    "support": 32.0
  },
  "17": {
    "precision": 0.8333333333333334,
    "recall": 0.9375,
    "f1-score": 0.8823529411764706,
    "support": 32.0
  },
  "18": {
    "precision": 0.9473684210526315,
    "recall": 0.5625,
    "f1-score": 0.7058823529411765,
    "support": 32.0
  },
  "19": {
    "precision": 0.9310344827586207,
    "recall": 0.84375,
    "f1-score": 0.8852459016393442,
    "support": 32.0
  },
  "20": {
    "precision": 0.9375,
    "recall": 0.9375,
    "f1-score": 0.9375,
    "support": 32.0
  },
  "21": {
    "precision": 0.896551724137931,
    "recall": 0.8125,
    "f1-score": 0.8524590163934426,
    "support": 32.0
  },
  "22": {
    "precision": 0.8484848484848485,
    "recall": 0.875,
    "f1-score": 0.8615384615384616,
    "support": 32.0
  },
  "23": {
    "precision": 0.7631578947368421,
    "recall": 0.90625,
    "f1-score": 0.8285714285714286,
    "support": 32.0
  },
  "24": {
    "precision": 1.0,
    "recall": 0.625,
    "f1-score": 0.7692307692307693,
    "support": 32.0
  },
  "25": {
    "precision": 0.9393939393939394,
    "recall": 0.96875,
    "f1-score": 0.9538461538461539,
    "support": 32.0
  },
  "26": {
    "precision": 0.967741935483871,
    "recall": 0.9375,
    "f1-score": 0.9523809523809523,
    "support": 32.0
  },
  "27": {
    "precision": 0.9696969696969697,
    "recall": 1.0,
    "f1-score": 0.9846153846153847,
    "support": 32.0
  },
  "28": {
    "precision": 0.8076923076923077,
    "recall": 0.65625,
    "f1-score": 0.7241379310344828,
    "support": 32.0
  },
  "29": {
    "precision": 0.7941176470588235,
    "recall": 0.84375,
    "f1-score": 0.8181818181818182,
    "support": 32.0
  },
  "30": {
    "precision": 1.0,
    "recall": 0.9375,
    "f1-score": 0.967741935483871,
    "support": 32.0
  },
  "31": {
    "precision": 0.6956521739130435,
    "recall": 1.0,
    "f1-score": 0.8205128205128205,
    "support": 32.0
  },
  "32": {
    "precision": 0.6923076923076923,
    "recall": 0.84375,
    "f1-score": 0.7605633802816901,
    "support": 32.0
  },
  "33": {
    "precision": 0.9354838709677419,
    "recall": 0.90625,
    "f1-score": 0.9206349206349206,
    "support": 32.0
  },
  "34": {
    "precision": 1.0,
    "recall": 1.0,
    "f1-score": 1.0,
    "support": 32.0
  },
  "35": {
    "precision": 0.8205128205128205,
    "recall": 1.0,
    "f1-score": 0.9014084507042254,
    "support": 32.0
  },
  "36": {
    "precision": 0.8666666666666667,
    "recall": 0.8125,
    "f1-score": 0.8387096774193549,
    "support": 32.0
  },
  "37": {
    "precision": 1.0,
    "recall": 1.0,
    "f1-score": 1.0,
    "support": 32.0
  },
  "38": {
    "precision": 0.9565217391304348,
    "recall": 0.6875,
    "f1-score": 0.8,
    "support": 32.0
  },
  "39": {
    "precision": 0.7692307692307693,
    "recall": 0.9375,
    "f1-score": 0.8450704225352113,
    "support": 32.0
  },
  "40": {
    "precision": 1.0,
    "recall": 1.0,
    "f1-score": 1.0,
    "support": 32.0
  },
  "41": {
    "precision": 1.0,
    "recall": 0.90625,
    "f1-score": 0.9508196721311475,
    "support": 32.0
  },
  "42": {
    "precision": 0.9142857142857143,
    "recall": 1.0,
    "f1-score": 0.9552238805970149,
    "support": 32.0
  },
  "43": {
    "precision": 1.0,
    "recall": 1.0,
    "f1-score": 1.0,
    "support": 32.0
  },
  "44": {
    "precision": 1.0,
    "recall": 1.0,
    "f1-score": 1.0,
    "support": 32.0
  },
  "45": {
    "precision": 0.896551724137931,
    "recall": 0.8125,
    "f1-score": 0.8524590163934426,
    "support": 32.0
  },
  "46": {
    "precision": 0.7441860465116279,
    "recall": 1.0,
    "f1-score": 0.8533333333333334,
    "support": 32.0
  },
  "47": {
    "precision": 0.8888888888888888,
    "recall": 0.75,
    "f1-score": 0.8135593220338984,
    "support": 32.0
  },
  "48": {
    "precision": 0.8620689655172413,
    "recall": 0.78125,
    "f1-score": 0.819672131147541,
    "support": 32.0
  },
  "49": {
    "precision": 0.5384615384615384,
    "recall": 0.875,
    "f1-score": 0.6666666666666666,
    "support": 32.0
  },
  "accuracy": 0.889375,
  "macro avg": {
    "precision": 0.9024813121337796,
    "recall": 0.889375,
    "f1-score": 0.8888245903858994,
    "support": 1600.0
  },
  "weighted avg": {
    "precision": 0.9024813121337796,
    "recall": 0.889375,
    "f1-score": 0.8888245903858994,
    "support": 1600.0
  }
}