{
  "0": {
    "precision": 0.775,
    "recall": 0.96875,
    "f1-score": 0.8611111111111112,
    "support": 32.0
  },
  "1": {
    "precision": 0.84375,
    "recall": 0.84375,
    "f1-score": 0.84375,
    "support": 32.0
  },
  "2": {
    "precision": 1.0,
    "recall": 0.96875,
    "f1-score": 0.9841269841269841,
    "support": 32.0
  },
  "3": {
    "precision": 0.90625,
    "recall": 0.90625,
    "f1-score": 0.90625,
    "support": 32.0
  },
  "4": {
    "precision": 1.0,
    "recall": 0.84375,
    "f1-score": 0.9152542372881356,
    "support": 32.0
  },
  "5": {
    "precision": 0.9666666666666667,
    "recall": 0.90625,
    "f1-score": 0.9354838709677419,
    "support": 32.0
  },
  "6": {
    "precision": 0.8857142857142857,
    "recall": 0.96875,
    "f1-score": 0.9253731343283582,
    "support": 32.0
  },
  "7": {
    "precision": 0.967741935483871,
    "recall": 0.9375,
    "f1-score": 0.9523809523809523,
    "support": 32.0
  },
  "8": {
    "precision": 1.0,
    "recall": 1.0,
    "f1-score": 1.0,
    "support": 32.0
  },
  "9": {
    "precision": 0.9333333333333333,
    "recall": 0.875,
    "f1-score": 0.9032258064516129,
    "support": 32.0
  },
  "10": {
    "precision": 1.0,
    "recall": 1.0,
    "f1-score": 1.0,
    "support": 32.0
  },
  "11": {
    "precision": 0.96875,
    "recall": 0.96875,
    "f1-score": 0.96875,
    "support": 32.0
  },
  "12": {
    "precision": 0.9393939393939394,
    "recall": 0.96875,
    "f1-score": 0.9538461538461539,
    "support": 32.0
  },
  "13": {
    "precision": 0.8787878787878788,
    "recall": 0.90625,
    "f1-score": 0.8923076923076924,
    "support": 32.0
  },
  "14": {
    "precision": 1.0,
    "recall": 0.8125,
    "f1-score": 0.896551724137931,
    "support": 32.0
  },
  "15": {
    "precision": 0.9696969696969697,
    "recall": 1.0,
    "f1-score": 0.9846153846153847,
    "support": 32.0
  },
  "16": {
    "precision": 0.9310344827586207,
    "recall": 0.84375,
    "f1-score": 0.8852459016393442,
    "support": 32.0
  },
  "17": {
    "precision": 0.7435897435897436,
    "recall": 0.90625,
    "f1-score": 0.8169014084507042,
    "support": 32.0
  },
  "18": {
    "precision": 0.96875,
    "recall": 0.96875,
    "f1-score": 0.96875,
    "support": 32.0
  },
  "19": {
    "precision": 1.0,
    "recall": 0.8125,
    "f1-score": 0.896551724137931,
    "support": 32.0
  },
  "20": {
    "precision": 1.0,
    "recall": 1.0,
    "f1-score": 1.0,
    "support": 32.0
  },
  "21": {
    "precision": 0.7941176470588235,
    "recall": 0.84375,
    "f1-score": 0.8181818181818182,
    "support": 32.0
  },
  "22": {
    "precision": 0.5,
    "recall": 0.875,
    "f1-score": 0.6363636363636364,
    "support": 32.0
  },
  "23": {
    "precision": 0.8214285714285714,
    "recall": 0.71875,
    "f1-score": 0.7666666666666667,
    "support": 32.0
  },
  "24": {
    "precision": 0.7317073170731707,
    "recall": 0.9375,
    "f1-score": 0.821917808219178,
    "support": 32.0
  },
  "25": {
    "precision": 0.9655172413793104,
    "recall": 0.875,
    "f1-score": 0.9180327868852459,
    "support": 32.0
  },
  "26": {
    "precision": 0.9142857142857143,
    "recall": 1.0,
    "f1-score": 0.9552238805970149,
    "support": 32.0
  },
  "27": {
    "precision": 0.7619047619047619,
    "recall": 1.0,
    "f1-score": 0.8648648648648649,
    "support": 32.0
  },
  "28": {
    "precision": 0.8125,
    "recall": 0.40625,
    "f1-score": 0.5416666666666666,
    "support": 32.0
  },
  "29": {
    "precision": 0.875,
    "recall": 0.875,
    "f1-score": 0.875,
    "support": 32.0
  },
  "30": {
    "precision": 0.8421052631578947,
    "recall": 1.0,
    "f1-score": 0.9142857142857143,
    "support": 32.0
  },
  "31": {
    "precision": 0.8157894736842105,
    "recall": 0.96875,
    "f1-score": 0.8857142857142857,
    "support": 32.0
  },
  "32": {
    "precision": 1.0,
    "recall": 0.78125,
    "f1-score": 0.8771929824561403,
    "support": 32.0
  },
  "33": {
    "precision": 1.0,
    "recall": 0.90625,
    "f1-score": 0.9508196721311475,
    "support": 32.0
  },
  "34": {
    "precision": 0.9696969696969697,
    "recall": 1.0,
    "f1-score": 0.9846153846153847,
    "support": 32.0
  },
  "35": {
    "precision": 0.9285714285714286,
    "recall": 0.8125,
    "f1-score": 0.8666666666666667,
    "support": 32.0
  },
  "36": {
    "precision": 0.8333333333333334,
    "recall": 0.9375,
    "f1-score": 0.8823529411764706,
    "support": 32.0
  },
  "37": {
    "precision": 1.0,
    "recall": 1.0,
    "f1-score": 1.0,
    "support": 32.0
  },
  "38": {
    "precision": 0.8857142857142857,
    "recall": 0.96875,
    "f1-score": 0.9253731343283582,
    "support": 32.0
  },
  "39": {
    "precision": 1.0,
    "recall": 0.90625,
    "f1-score": 0.9508196721311475,
    "support": 32.0
  },
  "40": {
    "precision": 0.9142857142857143,
    "recall": 1.0,
    "f1-score": 0.9552238805970149,
    "support": 32.0
  },
  "41": {
    "precision": 0.9032258064516129,
    "recall": 0.875,
    "f1-score": 0.8888888888888888,
    "support": 32.0
  },
  "42": {
    "precision": 1.0,
    "recall": 0.84375,
    "f1-score": 0.9152542372881356,
    "support": 32.0
  },
  "43": {
    "precision": 0.9655172413793104,
    "recall": 0.875,
    "f1-score": 0.9180327868852459,
    "support": 32.0
  },
  "44": {
    "precision": 0.8888888888888888,
    "recall": 1.0,
    "f1-score": 0.9411764705882353,
    "support": 32.0
  },
  "45": {
    "precision": 0.7058823529411765,
    "recall": 0.75,
    "f1-score": 0.7272727272727273,
    "support": 32.0
  },
  "46": {
    "precision": 0.8421052631578947,
    "recall": 1.0,
    "f1-score": 0.9142857142857143,
    "support": 32.0
  },
  "47": {
    "precision": 0.8947368421052632,
    "recall": 0.53125,
    "f1-score": 0.6666666666666666,
    "support": 32.0
  },
  "48": {
    "precision": 0.8571428571428571,
    "recall": 0.5625,
    "f1-score": 0.6792452830188679,
    "support": 32.0
  },
  "49": {
    "precision": 0.7407407407407407,
    "recall": 0.625,
    "f1-score": 0.6779661016949152,
    "support": 32.0
  },
  "accuracy": 0.885625,
  "macro avg": {
    "precision": 0.8968531389961447,
    "recall": 0.885625,
    "f1-score": 0.8842049484985369,
    "support": 1600.0
  },
  "weighted avg": {
    "precision": 0.8968531389961447,
    "recall": 0.885625,
    "f1-score": 0.8842049484985369,
    "support": 1600.0
  }
}