{
  "0": {
    "precision": 0.4659090909090909,
    "recall": 0.5503355704697986,
    "f1-score": 0.5046153846153846,
    "support": 149.0
  },
  "1": {
    "precision": 0.7231404958677686,
    "recall": 0.6505576208178439,
    "f1-score": 0.684931506849315,
    "support": 269.0
  },
  "accuracy": 0.6148325358851675,
  "macro avg": {
    "precision": 0.5945247933884298,
    "recall": 0.6004465956438212,
    "f1-score": 0.5947734457323498,
    "support": 418.0
  },
  "weighted avg": {
    "precision": 0.6314479615643166,
    "recall": 0.6148325358851675,
    "f1-score": 0.6206561427037274,
    "support": 418.0
  }
}