{
  "0": {
    "precision": 0.9818181818181818,
    "recall": 1.0,
    "f1-score": 0.9908256880733946,
    "support": 54.0
  },
  "1": {
    "precision": 1.0,
    "recall": 0.9838709677419355,
    "f1-score": 0.991869918699187,
    "support": 62.0
  },
  "accuracy": 0.9913793103448276,
  "macro avg": {
    "precision": 0.990909090909091,
    "recall": 0.9919354838709677,
    "f1-score": 0.9913478033862908,
    "support": 116.0
  },
  "weighted avg": {
    "precision": 0.9915360501567398,
    "recall": 0.9913793103448276,
    "f1-score": 0.9913838113389042,
    "support": 116.0
  }
}