{
  "0": {
    "precision": 0.9285714285714286,
    "recall": 0.9533333333333334,
    "f1-score": 0.9407894736842105,
    "support": 150.0
  },
  "1": {
    "precision": 0.85,
    "recall": 0.8854166666666666,
    "f1-score": 0.8673469387755102,
    "support": 96.0
  },
  "2": {
    "precision": 0.8461538461538461,
    "recall": 0.6111111111111112,
    "f1-score": 0.7096774193548387,
    "support": 54.0
  },
  "3": {
    "precision": 0.8533333333333334,
    "recall": 0.7619047619047619,
    "f1-score": 0.8050314465408805,
    "support": 84.0
  },
  "4": {
    "precision": 0.74,
    "recall": 0.8809523809523809,
    "f1-score": 0.8043478260869565,
    "support": 84.0
  },
  "5": {
    "precision": 0.9347826086956522,
    "recall": 0.8958333333333334,
    "f1-score": 0.9148936170212766,
    "support": 96.0
  },
  "6": {
    "precision": 0.8658536585365854,
    "recall": 0.9102564102564102,
    "f1-score": 0.8875,
    "support": 78.0
  },
  "accuracy": 0.8660436137071651,
  "macro avg": {
    "precision": 0.859813553612978,
    "recall": 0.8426868567939997,
    "f1-score": 0.8470838173519534,
    "support": 642.0
  },
  "weighted avg": {
    "precision": 0.8686818345461966,
    "recall": 0.8660436137071651,
    "f1-score": 0.8644064703349263,
    "support": 642.0
  }
}