{
  "0": {
    "precision": 0.9880952380952381,
    "recall": 0.9651162790697675,
    "f1-score": 0.9764705882352941,
    "support": 86.0
  },
  "1": {
    "precision": 0.9693877551020408,
    "recall": 0.9895833333333334,
    "f1-score": 0.979381443298969,
    "support": 96.0
  },
  "accuracy": 0.978021978021978,
  "macro avg": {
    "precision": 0.9787414965986394,
    "recall": 0.9773498062015504,
    "f1-score": 0.9779260157671316,
    "support": 182.0
  },
  "weighted avg": {
    "precision": 0.9782275547581669,
    "recall": 0.978021978021978,
    "f1-score": 0.9780059843128368,
    "support": 182.0
  }
}