{
  "final_val_acc": 0.915625,
  "top3_acc": 0.979375,
  "auc_macro": 0.9987615593112246,
  "macro_f1": 0.9144793860348038,
  "macro_precision": 0.9196551596376885,
  "macro_recall": 0.915625,
  "weighted_f1": 0.9144793860348038,
  "per_class_metrics": {
    "0": {
      "precision": 0.96875,
      "recall": 0.96875,
      "f1-score": 0.96875,
      "support": 32
    },
    "1": {
      "precision": 0.8888888888888888,
      "recall": 0.75,
      "f1-score": 0.8135593220338984,
      "support": 32
    },
    "2": {
      "precision": 1.0,
      "recall": 0.96875,
      "f1-score": 0.9841269841269841,
      "support": 32
    },
    "3": {
      "precision": 0.9375,
      "recall": 0.9375,
      "f1-score": 0.9375,
      "support": 32
    },
    "4": {
      "precision": 0.9411764705882353,
      "recall": 1.0,
      "f1-score": 0.9696969696969697,
      "support": 32
    },
    "5": {
      "precision": 0.8823529411764706,
      "recall": 0.9375,
      "f1-score": 0.9090909090909091,
      "support": 32
    },
    "6": {
      "precision": 1.0,
      "recall": 1.0,
      "f1-score": 1.0,
      "support": 32
    },
    "7": {
      "precision": 0.967741935483871,
      "recall": 0.9375,
      "f1-score": 0.9523809523809523,
      "support": 32
    },
    "8": {
      "precision": 1.0,
      "recall": 0.9375,
      "f1-score": 0.967741935483871,
      "support": 32
    },
    "9": {
      "precision": 0.9230769230769231,
      "recall": 0.75,
      "f1-score": 0.8275862068965517,
      "support": 32
    },
    "10": {
      "precision": 0.967741935483871,
      "recall": 0.9375,
      "f1-score": 0.9523809523809523,
      "support": 32
    },
    "11": {
      "precision": 0.8205128205128205,
      "recall": 1.0,
      "f1-score": 0.9014084507042254,
      "support": 32
    },
    "12": {
      "precision": 0.8888888888888888,
      "recall": 1.0,
      "f1-score": 0.9411764705882353,
      "support": 32
    },
    "13": {
      "precision": 0.96875,
      "recall": 0.96875,
      "f1-score": 0.96875,
      "support": 32
    },
    "14": {
      "precision": 0.967741935483871,
      "recall": 0.9375,
      "f1-score": 0.9523809523809523,
      "support": 32
    },
    "15": {
      "precision": 1.0,
      "recall": 0.9375,
      "f1-score": 0.967741935483871,
      "support": 32
    },
    "16": {
      "precision": 0.8787878787878788,
      "recall": 0.90625,
      "f1-score": 0.8923076923076924,
      "support": 32
    },
    "17": {
      "precision": 1.0,
      "recall": 0.9375,
      "f1-score": 0.967741935483871,
      "support": 32
    },
    "18": {
      "precision": 0.8620689655172413,
      "recall": 0.78125,
      "f1-score": 0.819672131147541,
      "support": 32
    },
    "19": {
      "precision": 1.0,
      "recall": 0.84375,
      "f1-score": 0.9152542372881356,
      "support": 32
    },
    "20": {
      "precision": 0.9142857142857143,
      "recall": 1.0,
      "f1-score": 0.9552238805970149,
      "support": 32
    },
    "21": {
      "precision": 0.7837837837837838,
      "recall": 0.90625,
      "f1-score": 0.8405797101449275,
      "support": 32
    },
    "22": {
      "precision": 0.9090909090909091,
      "recall": 0.9375,
      "f1-score": 0.9230769230769231,
      "support": 32
    },
    "23": {
      "precision": 0.9615384615384616,
      "recall": 0.78125,
      "f1-score": 0.8620689655172413,
      "support": 32
    },
    "24": {
      "precision": 0.7441860465116279,
      "recall": 1.0,
      "f1-score": 0.8533333333333334,
      "support": 32
    },
    "25": {
      "precision": 1.0,
      "recall": 0.9375,
      "f1-score": 0.967741935483871,
      "support": 32
    },
    "26": {
      "precision": 1.0,
      "recall": 1.0,
      "f1-score": 1.0,
      "support": 32
    },
    "27": {
      "precision": 0.8611111111111112,
      "recall": 0.96875,
      "f1-score": 0.9117647058823529,
      "support": 32
    },
    "28": {
      "precision": 0.96,
      "recall": 0.75,
      "f1-score": 0.8421052631578947,
      "support": 32
    },
    "29": {
      "precision": 0.875,
      "recall": 0.65625,
      "f1-score": 0.75,
      "support": 32
    },
    "30": {
      "precision": 0.9655172413793104,
      "recall": 0.875,
      "f1-score": 0.9180327868852459,
      "support": 32
    },
    "31": {
      "precision": 0.8823529411764706,
      "recall": 0.9375,
      "f1-score": 0.9090909090909091,
      "support": 32
    },
    "32": {
      "precision": 0.8928571428571429,
      "recall": 0.78125,
      "f1-score": 0.8333333333333334,
      "support": 32
    },
    "33": {
      "precision": 0.9545454545454546,
      "recall": 0.65625,
      "f1-score": 0.7777777777777778,
      "support": 32
    },
    "34": {
      "precision": 0.84375,
      "recall": 0.84375,
      "f1-score": 0.84375,
      "support": 32
    },
    "35": {
      "precision": 0.96875,
      "recall": 0.96875,
      "f1-score": 0.96875,
      "support": 32
    },
    "36": {
      "precision": 0.8,
      "recall": 0.875,
      "f1-score": 0.835820895522388,
      "support": 32
    },
    "37": {
      "precision": 0.8888888888888888,
      "recall": 1.0,
      "f1-score": 0.9411764705882353,
      "support": 32
    },
    "38": {
      "precision": 1.0,
      "recall": 1.0,
      "f1-score": 1.0,
      "support": 32
    },
    "39": {
      "precision": 0.9411764705882353,
      "recall": 1.0,
      "f1-score": 0.9696969696969697,
      "support": 32
    },
    "40": {
      "precision": 0.9696969696969697,
      "recall": 1.0,
      "f1-score": 0.9846153846153847,
      "support": 32
    },
    "41": {
      "precision": 0.8857142857142857,
      "recall": 0.96875,
      "f1-score": 0.9253731343283582,
      "support": 32
    },
    "42": {
      "precision": 0.9090909090909091,
      "recall": 0.9375,
      "f1-score": 0.9230769230769231,
      "support": 32
    },
    "43": {
      "precision": 0.9411764705882353,
      "recall": 1.0,
      "f1-score": 0.9696969696969697,
      "support": 32
    },
    "44": {
      "precision": 0.9696969696969697,
      "recall": 1.0,
      "f1-score": 0.9846153846153847,
      "support": 32
    },
    "45": {
      "precision": 0.8529411764705882,
      "recall": 0.90625,
      "f1-score": 0.8787878787878788,
      "support": 32
    },
    "46": {
      "precision": 0.8529411764705882,
      "recall": 0.90625,
      "f1-score": 0.8787878787878788,
      "support": 32
    },
    "47": {
      "precision": 0.8823529411764706,
      "recall": 0.9375,
      "f1-score": 0.9090909090909091,
      "support": 32
    },
    "48": {
      "precision": 0.8333333333333334,
      "recall": 0.9375,
      "f1-score": 0.8823529411764706,
      "support": 32
    },
    "49": {
      "precision": 0.875,
      "recall": 0.875,
      "f1-score": 0.875,
      "support": 32
    },
    "macro avg": {
      "precision": 0.9196551596376885,
      "recall": 0.915625,
      "f1-score": 0.9144793860348038,
      "support": 1600
    },
    "weighted avg": {
      "precision": 0.9196551596376885,
      "recall": 0.915625,
      "f1-score": 0.9144793860348038,
      "support": 1600
    }
  }
}