{
  "train_loss": [
    1.7120404574275017,
    0.23790358189493419,
    0.07966524090617895,
    0.0464901830162853,
    0.027376359009649603,
    0.02444512121146545,
    0.016504366162698715,
    0.017967297321301885,
    0.017140190656064078,
    0.019715251676971093,
    0.0298962581041269,
    0.019171305858762935,
    0.017451642808155157,
    0.023075966075994075,
    0.007142503343056887,
    0.007180452304746723,
    0.019145880425348878,
    0.033175637816893866,
    0.04045295179123059,
    0.016097725057043134,
    0.009062786378490274,
    0.013866180377663113,
    0.00755902922101086,
    0.002722956583311316,
    0.0005928210431011394,
    0.0004900500409712549,
    0.0003686241827745107,
    0.00020762779920914908,
    0.00016570501882597454,
    0.00014840531322988682
  ],
  "val_loss": [
    0.95861980676651,
    0.6676038014888763,
    0.6605757403373719,
    0.5663019168376923,
    0.7093632167577744,
    0.5222474417090416,
    0.49405720353126525,
    0.5717669269442558,
    0.6550089427828789,
    0.5962334907054901,
    0.5435690379142761,
    0.525094022154808,
    0.4946226730942726,
    0.5320519709587097,
    0.4539941939711571,
    0.5930074536800385,
    0.641429360806942,
    0.6092003038525582,
    0.4686162073910236,
    0.49171258866786954,
    0.4202545493841171,
    0.3267557513713837,
    0.36906310394406316,
    0.3276234818994999,
    0.352040256112814,
    0.3279022552073002,
    0.3308435115963221,
    0.3421605384349823,
    0.32588229320943357,
    0.3254284346476197
  ],
  "train_acc": [
    0.57109375,
    0.93453125,
    0.97890625,
    0.9890625,
    0.99265625,
    0.9928125,
    0.99578125,
    0.99625,
    0.99671875,
    0.99484375,
    0.9925,
    0.9953125,
    0.99546875,
    0.994375,
    0.99859375,
    0.99859375,
    0.9940625,
    0.990625,
    0.99,
    0.99546875,
    0.998125,
    0.99640625,
    0.998125,
    0.99953125,
    0.99984375,
    1.0,
    1.0,
    1.0,
    1.0,
    1.0
  ],
  "val_acc": [
    0.719375,
    0.80625,
    0.816875,
    0.840625,
    0.820625,
    0.848125,
    0.86,
    0.854375,
    0.839375,
    0.858125,
    0.85625,
    0.860625,
    0.8625,
    0.86625,
    0.88375,
    0.865,
    0.8525,
    0.849375,
    0.875,
    0.873125,
    0.886875,
    0.91,
    0.896875,
    0.909375,
    0.90375,
    0.915,
    0.913125,
    0.915,
    0.91625,
    0.915625
  ]
}