{
  "0": {
    "precision": 0.9500998003992016,
    "recall": 0.9558232931726908,
    "f1-score": 0.9529529529529529,
    "support": 498.0
  },
  "1": {
    "precision": 0.8294573643410853,
    "recall": 0.8106060606060606,
    "f1-score": 0.8199233716475096,
    "support": 132.0
  },
  "accuracy": 0.9253968253968254,
  "macro avg": {
    "precision": 0.8897785823701434,
    "recall": 0.8832146768893756,
    "f1-score": 0.8864381623002313,
    "support": 630.0
  },
  "weighted avg": {
    "precision": 0.9248223376060725,
    "recall": 0.9253968253968254,
    "f1-score": 0.9250800882984791,
    "support": 630.0
  }
}