{
  "0": {
    "precision": 0.9622641509433962,
    "recall": 0.9444444444444444,
    "f1-score": 0.9532710280373832,
    "support": 54.0
  },
  "1": {
    "precision": 0.9523809523809523,
    "recall": 0.967741935483871,
    "f1-score": 0.96,
    "support": 62.0
  },
  "accuracy": 0.9568965517241379,
  "macro avg": {
    "precision": 0.9573225516621743,
    "recall": 0.9560931899641577,
    "f1-score": 0.9566355140186915,
    "support": 116.0
  },
  "weighted avg": {
    "precision": 0.9569817517117453,
    "recall": 0.9568965517241379,
    "f1-score": 0.9568675475346439,
    "support": 116.0
  }
}