{
  "0": {
    "precision": 0.5562130177514792,
    "recall": 0.562874251497006,
    "f1-score": 0.5595238095238095,
    "support": 334.0
  },
  "1": {
    "precision": 0.6832971800433839,
    "recall": 0.6774193548387096,
    "f1-score": 0.6803455723542117,
    "support": 465.0
  },
  "accuracy": 0.6295369211514393,
  "macro avg": {
    "precision": 0.6197550988974316,
    "recall": 0.6201468031678579,
    "f1-score": 0.6199346909390107,
    "support": 799.0
  },
  "weighted avg": {
    "precision": 0.6301731372330008,
    "recall": 0.6295369211514393,
    "f1-score": 0.6298393535990748,
    "support": 799.0
  }
}