{
  "0": {
    "precision": 0.8571428571428571,
    "recall": 0.8,
    "f1-score": 0.8275862068965517,
    "support": 60.0
  },
  "1": {
    "precision": 0.8125,
    "recall": 0.8666666666666667,
    "f1-score": 0.8387096774193549,
    "support": 60.0
  },
  "accuracy": 0.8333333333333334,
  "macro avg": {
    "precision": 0.8348214285714286,
    "recall": 0.8333333333333334,
    "f1-score": 0.8331479421579533,
    "support": 120.0
  },
  "weighted avg": {
    "precision": 0.8348214285714285,
    "recall": 0.8333333333333334,
    "f1-score": 0.8331479421579533,
    "support": 120.0
  }
}