{
  "train_loss": [
    1.5860321139249476,
    0.7072127238148098,
    0.27372884871060976,
    0.15724036218221313,
    0.13541378097092252,
    0.07821397799012074,
    0.06470804512964974,
    0.03179445962575366,
    0.05863249326934255,
    0.03519069309334773,
    0.019181094361567796,
    0.08327856277495715,
    0.04738147750009443,
    0.04158609431828851,
    0.02398320841327356,
    0.0064290355545732645,
    0.01572044631553309,
    0.012930788283999371,
    0.037106759103473476,
    0.048123168538547936,
    0.010824314629038176,
    0.02384141924561834,
    0.03785811626349468,
    0.04029974044152649,
    0.01219843250679032,
    0.013983270216506914,
    0.010493454177402587,
    0.009426972282632628,
    0.029670118461609628,
    0.01825014450529306
  ],
  "val_loss": [
    1.5289761975546863,
    0.680990907633416,
    0.30507393733734656,
    0.35142236399084237,
    0.25992492704747994,
    0.22837416683773384,
    0.16488115426161648,
    0.18112597898275495,
    0.20068303085979644,
    0.18828537308167073,
    0.1676383815311197,
    0.19887732783175796,
    0.1743759646332849,
    0.22132873634381273,
    0.14042493241412618,
    0.15150996239571557,
    0.14400520614374465,
    0.1336416685692618,
    0.24968025171868155,
    0.14743082424933293,
    0.14515751707033947,
    0.2057390686507537,
    0.18691291526609863,
    0.13721474832176983,
    0.15212653844321372,
    0.14373781487885703,
    0.14164521913856523,
    0.15370209027537599,
    0.1281237920694165,
    0.15877331635766775
  ],
  "train_acc": [
    0.38746105919003115,
    0.7550623052959502,
    0.9088785046728972,
    0.948208722741433,
    0.9598909657320872,
    0.9746884735202492,
    0.9813084112149533,
    0.9906542056074766,
    0.9820872274143302,
    0.9906542056074766,
    0.9953271028037384,
    0.9750778816199377,
    0.9855919003115264,
    0.9867601246105919,
    0.9937694704049844,
    0.9984423676012462,
    0.9972741433021807,
    0.9953271028037384,
    0.9894859813084113,
    0.9887071651090342,
    0.9972741433021807,
    0.9929906542056075,
    0.9863707165109035,
    0.9875389408099688,
    0.9961059190031153,
    0.9957165109034268,
    0.9961059190031153,
    0.9976635514018691,
    0.9910436137071651,
    0.993380062305296
  ],
  "val_acc": [
    0.4423676012461059,
    0.7741433021806854,
    0.8940809968847352,
    0.8894080996884736,
    0.9127725856697819,
    0.9299065420560748,
    0.9485981308411215,
    0.9454828660436138,
    0.9392523364485982,
    0.9439252336448598,
    0.9548286604361371,
    0.940809968847352,
    0.9501557632398754,
    0.9330218068535826,
    0.9579439252336449,
    0.956386292834891,
    0.9579439252336449,
    0.9579439252336449,
    0.9283489096573209,
    0.9501557632398754,
    0.9595015576323987,
    0.9361370716510904,
    0.9361370716510904,
    0.9548286604361371,
    0.9548286604361371,
    0.9532710280373832,
    0.9532710280373832,
    0.9548286604361371,
    0.9657320872274143,
    0.9610591900311527
  ]
}