{
  "final_val_acc": 0.9610591900311527,
  "top3_acc": 1.0,
  "auc_macro": 0.9971832189566907,
  "macro_f1": 0.9546313339199853,
  "macro_precision": 0.9562212061250897,
  "macro_recall": 0.9548720129077273,
  "weighted_f1": 0.9614172247207489,
  "per_class_metrics": {
    "0": {
      "precision": 1.0,
      "recall": 0.9871794871794872,
      "f1-score": 0.9935483870967742,
      "support": 156
    },
    "1": {
      "precision": 0.93,
      "recall": 0.96875,
      "f1-score": 0.9489795918367347,
      "support": 96
    },
    "2": {
      "precision": 0.8947368421052632,
      "recall": 0.9444444444444444,
      "f1-score": 0.918918918918919,
      "support": 54
    },
    "3": {
      "precision": 1.0,
      "recall": 0.9285714285714286,
      "f1-score": 0.9629629629629629,
      "support": 84
    },
    "4": {
      "precision": 0.8791208791208791,
      "recall": 0.9523809523809523,
      "f1-score": 0.9142857142857143,
      "support": 84
    },
    "5": {
      "precision": 0.9896907216494846,
      "recall": 1.0,
      "f1-score": 0.9948186528497409,
      "support": 96
    },
    "6": {
      "precision": 1.0,
      "recall": 0.9027777777777778,
      "f1-score": 0.948905109489051,
      "support": 72
    },
    "macro avg": {
      "precision": 0.9562212061250897,
      "recall": 0.9548720129077273,
      "f1-score": 0.9546313339199853,
      "support": 642
    },
    "weighted avg": {
      "precision": 0.9633212657292657,
      "recall": 0.9610591900311527,
      "f1-score": 0.9614172247207489,
      "support": 642
    }
  }
}