{
  "0": {
    "precision": 1.0,
    "recall": 1.0,
    "f1-score": 1.0,
    "support": 156.0
  },
  "1": {
    "precision": 0.95,
    "recall": 0.9895833333333334,
    "f1-score": 0.9693877551020408,
    "support": 96.0
  },
  "2": {
    "precision": 0.9803921568627451,
    "recall": 0.9259259259259259,
    "f1-score": 0.9523809523809523,
    "support": 54.0
  },
  "3": {
    "precision": 1.0,
    "recall": 1.0,
    "f1-score": 1.0,
    "support": 84.0
  },
  "4": {
    "precision": 1.0,
    "recall": 0.9642857142857143,
    "f1-score": 0.9818181818181818,
    "support": 84.0
  },
  "5": {
    "precision": 0.9896907216494846,
    "recall": 1.0,
    "f1-score": 0.9948186528497409,
    "support": 96.0
  },
  "6": {
    "precision": 0.9863013698630136,
    "recall": 1.0,
    "f1-score": 0.993103448275862,
    "support": 72.0
  },
  "accuracy": 0.9875389408099688,
  "macro avg": {
    "precision": 0.9866263211964633,
    "recall": 0.9828278533635677,
    "f1-score": 0.9845012843466826,
    "support": 642.0
  },
  "weighted avg": {
    "precision": 0.9877962373505853,
    "recall": 0.9875389408099688,
    "f1-score": 0.9874899721815138,
    "support": 642.0
  }
}