{
  "0": {
    "precision": 0.7,
    "recall": 0.875,
    "f1-score": 0.7777777777777778,
    "support": 32.0
  },
  "1": {
    "precision": 0.8787878787878788,
    "recall": 0.90625,
    "f1-score": 0.8923076923076924,
    "support": 32.0
  },
  "2": {
    "precision": 0.8888888888888888,
    "recall": 1.0,
    "f1-score": 0.9411764705882353,
    "support": 32.0
  },
  "3": {
    "precision": 0.8064516129032258,
    "recall": 0.78125,
    "f1-score": 0.7936507936507936,
    "support": 32.0
  },
  "4": {
    "precision": 1.0,
    "recall": 0.90625,
    "f1-score": 0.9508196721311475,
    "support": 32.0
  },
  "5": {
    "precision": 0.8571428571428571,
    "recall": 0.9375,
    "f1-score": 0.8955223880597015,
    "support": 32.0
  },
  "6": {
    "precision": 1.0,
    "recall": 0.96875,
    "f1-score": 0.9841269841269841,
    "support": 32.0
  },
  "7": {
    "precision": 0.8648648648648649,
    "recall": 1.0,
    "f1-score": 0.927536231884058,
    "support": 32.0
  },
  "8": {
    "precision": 0.9411764705882353,
    "recall": 1.0,
    "f1-score": 0.9696969696969697,
    "support": 32.0
  },
  "9": {
    "precision": 0.7441860465116279,
    "recall": 1.0,
    "f1-score": 0.8533333333333334,
    "support": 32.0
  },
  "10": {
    "precision": 0.9696969696969697,
    "recall": 1.0,
    "f1-score": 0.9846153846153847,
    "support": 32.0
  },
  "11": {
    "precision": 0.8787878787878788,
    "recall": 0.90625,
    "f1-score": 0.8923076923076924,
    "support": 32.0
  },
  "12": {
    "precision": 0.8333333333333334,
    "recall": 0.625,
    "f1-score": 0.7142857142857143,
    "support": 32.0
  },
  "13": {
    "precision": 1.0,
    "recall": 0.96875,
    "f1-score": 0.9841269841269841,
    "support": 32.0
  },
  "14": {
    "precision": 0.7567567567567568,
    "recall": 0.875,
    "f1-score": 0.8115942028985508,
    "support": 32.0
  },
  "15": {
    "precision": 1.0,
    "recall": 0.96875,
    "f1-score": 0.9841269841269841,
    "support": 32.0
  },
  "16": {
    "precision": 1.0,
    "recall": 0.84375,
    "f1-score": 0.9152542372881356,
    "support": 32.0
  },
  "17": {
    "precision": 0.8484848484848485,
    "recall": 0.875,
    "f1-score": 0.8615384615384616,
    "support": 32.0
  },
  "18": {
    "precision": 0.725,
    "recall": 0.90625,
    "f1-score": 0.8055555555555556,
    "support": 32.0
  },
  "19": {
    "precision": 0.8648648648648649,
    "recall": 1.0,
    "f1-score": 0.927536231884058,
    "support": 32.0
  },
  "20": {
    "precision": 1.0,
    "recall": 0.96875,
    "f1-score": 0.9841269841269841,
    "support": 32.0
  },
  "21": {
    "precision": 0.92,
    "recall": 0.71875,
    "f1-score": 0.8070175438596491,
    "support": 32.0
  },
  "22": {
    "precision": 0.9230769230769231,
    "recall": 0.75,
    "f1-score": 0.8275862068965517,
    "support": 32.0
  },
  "23": {
    "precision": 0.9696969696969697,
    "recall": 1.0,
    "f1-score": 0.9846153846153847,
    "support": 32.0
  },
  "24": {
    "precision": 1.0,
    "recall": 0.65625,
    "f1-score": 0.7924528301886793,
    "support": 32.0
  },
  "25": {
    "precision": 0.9117647058823529,
    "recall": 0.96875,
    "f1-score": 0.9393939393939394,
    "support": 32.0
  },
  "26": {
    "precision": 0.8205128205128205,
    "recall": 1.0,
    "f1-score": 0.9014084507042254,
    "support": 32.0
  },
  "27": {
    "precision": 1.0,
    "recall": 1.0,
    "f1-score": 1.0,
    "support": 32.0
  },
  "28": {
    "precision": 0.9473684210526315,
    "recall": 0.5625,
    "f1-score": 0.7058823529411765,
    "support": 32.0
  },
  "29": {
    "precision": 1.0,
    "recall": 0.84375,
    "f1-score": 0.9152542372881356,
    "support": 32.0
  },
  "30": {
    "precision": 1.0,
    "recall": 0.8125,
    "f1-score": 0.896551724137931,
    "support": 32.0
  },
  "31": {
    "precision": 0.875,
    "recall": 0.875,
    "f1-score": 0.875,
    "support": 32.0
  },
  "32": {
    "precision": 0.7777777777777778,
    "recall": 0.4375,
    "f1-score": 0.56,
    "support": 32.0
  },
  "33": {
    "precision": 0.8,
    "recall": 0.625,
    "f1-score": 0.7017543859649122,
    "support": 32.0
  },
  "34": {
    "precision": 0.7948717948717948,
    "recall": 0.96875,
    "f1-score": 0.8732394366197183,
    "support": 32.0
  },
  "35": {
    "precision": 1.0,
    "recall": 1.0,
    "f1-score": 1.0,
    "support": 32.0
  },
  "36": {
    "precision": 0.8648648648648649,
    "recall": 1.0,
    "f1-score": 0.927536231884058,
    "support": 32.0
  },
  "37": {
    "precision": 0.9696969696969697,
    "recall": 1.0,
    "f1-score": 0.9846153846153847,
    "support": 32.0
  },
  "38": {
    "precision": 0.7567567567567568,
    "recall": 0.875,
    "f1-score": 0.8115942028985508,
    "support": 32.0
  },
  "39": {
    "precision": 1.0,
    "recall": 0.96875,
    "f1-score": 0.9841269841269841,
    "support": 32.0
  },
  "40": {
    "precision": 1.0,
    "recall": 1.0,
    "f1-score": 1.0,
    "support": 32.0
  },
  "41": {
    "precision": 0.9354838709677419,
    "recall": 0.90625,
    "f1-score": 0.9206349206349206,
    "support": 32.0
  },
  "42": {
    "precision": 1.0,
    "recall": 0.90625,
    "f1-score": 0.9508196721311475,
    "support": 32.0
  },
  "43": {
    "precision": 0.9411764705882353,
    "recall": 1.0,
    "f1-score": 0.9696969696969697,
    "support": 32.0
  },
  "44": {
    "precision": 1.0,
    "recall": 0.96875,
    "f1-score": 0.9841269841269841,
    "support": 32.0
  },
  "45": {
    "precision": 0.9333333333333333,
    "recall": 0.875,
    "f1-score": 0.9032258064516129,
    "support": 32.0
  },
  "46": {
    "precision": 0.7941176470588235,
    "recall": 0.84375,
    "f1-score": 0.8181818181818182,
    "support": 32.0
  },
  "47": {
    "precision": 0.7837837837837838,
    "recall": 0.90625,
    "f1-score": 0.8405797101449275,
    "support": 32.0
  },
  "48": {
    "precision": 0.8378378378378378,
    "recall": 0.96875,
    "f1-score": 0.8985507246376812,
    "support": 32.0
  },
  "49": {
    "precision": 0.8484848484848485,
    "recall": 0.875,
    "f1-score": 0.8615384615384616,
    "support": 32.0
  },
  "accuracy": 0.8925,
  "macro avg": {
    "precision": 0.899280581357134,
    "recall": 0.8925,
    "f1-score": 0.8897280221998201,
    "support": 1600.0
  },
  "weighted avg": {
    "precision": 0.899280581357134,
    "recall": 0.8925,
    "f1-score": 0.8897280221998201,
    "support": 1600.0
  }
}