{
  "0": {
    "precision": 0.7741935483870968,
    "recall": 0.8,
    "f1-score": 0.7868852459016393,
    "support": 60.0
  },
  "1": {
    "precision": 0.7931034482758621,
    "recall": 0.7666666666666667,
    "f1-score": 0.7796610169491526,
    "support": 60.0
  },
  "accuracy": 0.7833333333333333,
  "macro avg": {
    "precision": 0.7836484983314794,
    "recall": 0.7833333333333334,
    "f1-score": 0.783273131425396,
    "support": 120.0
  },
  "weighted avg": {
    "precision": 0.7836484983314794,
    "recall": 0.7833333333333333,
    "f1-score": 0.783273131425396,
    "support": 120.0
  }
}