{
  "0": {
    "precision": 0.9516129032258065,
    "recall": 0.9477911646586346,
    "f1-score": 0.9496981891348089,
    "support": 498.0
  },
  "1": {
    "precision": 0.8074074074074075,
    "recall": 0.8195488721804511,
    "f1-score": 0.8134328358208955,
    "support": 133.0
  },
  "accuracy": 0.9207606973058637,
  "macro avg": {
    "precision": 0.8795101553166069,
    "recall": 0.8836700184195428,
    "f1-score": 0.8815655124778522,
    "support": 631.0
  },
  "weighted avg": {
    "precision": 0.9212177670231962,
    "recall": 0.9207606973058637,
    "f1-score": 0.9209766487374231,
    "support": 631.0
  }
}