{
  "0": {
    "precision": 0.64,
    "recall": 0.5,
    "f1-score": 0.5614035087719298,
    "support": 32.0
  },
  "1": {
    "precision": 0.2,
    "recall": 0.0625,
    "f1-score": 0.09523809523809523,
    "support": 32.0
  },
  "2": {
    "precision": 0.7941176470588235,
    "recall": 0.84375,
    "f1-score": 0.8181818181818182,
    "support": 32.0
  },
  "3": {
    "precision": 0.5434782608695652,
    "recall": 0.78125,
    "f1-score": 0.6410256410256411,
    "support": 32.0
  },
  "4": {
    "precision": 0.8709677419354839,
    "recall": 0.84375,
    "f1-score": 0.8571428571428571,
    "support": 32.0
  },
  "5": {
    "precision": 0.6388888888888888,
    "recall": 0.71875,
    "f1-score": 0.6764705882352942,
    "support": 32.0
  },
  "6": {
    "precision": 0.8055555555555556,
    "recall": 0.90625,
    "f1-score": 0.8529411764705882,
    "support": 32.0
  },
  "7": {
    "precision": 0.6046511627906976,
    "recall": 0.8125,
    "f1-score": 0.6933333333333334,
    "support": 32.0
  },
  "8": {
    "precision": 0.8787878787878788,
    "recall": 0.90625,
    "f1-score": 0.8923076923076924,
    "support": 32.0
  },
  "9": {
    "precision": 0.9130434782608695,
    "recall": 0.65625,
    "f1-score": 0.7636363636363637,
    "support": 32.0
  },
  "10": {
    "precision": 0.8205128205128205,
    "recall": 1.0,
    "f1-score": 0.9014084507042254,
    "support": 32.0
  },
  "11": {
    "precision": 0.65,
    "recall": 0.8125,
    "f1-score": 0.7222222222222222,
    "support": 32.0
  },
  "12": {
    "precision": 0.42857142857142855,
    "recall": 0.65625,
    "f1-score": 0.5185185185185185,
    "support": 32.0
  },
  "13": {
    "precision": 0.6428571428571429,
    "recall": 0.5625,
    "f1-score": 0.6,
    "support": 32.0
  },
  "14": {
    "precision": 0.75,
    "recall": 0.5625,
    "f1-score": 0.6428571428571429,
    "support": 32.0
  },
  "15": {
    "precision": 0.9565217391304348,
    "recall": 0.6875,
    "f1-score": 0.8,
    "support": 32.0
  },
  "16": {
    "precision": 0.59375,
    "recall": 0.59375,
    "f1-score": 0.59375,
    "support": 32.0
  },
  "17": {
    "precision": 0.8055555555555556,
    "recall": 0.90625,
    "f1-score": 0.8529411764705882,
    "support": 32.0
  },
  "18": {
    "precision": 0.3,
    "recall": 0.1875,
    "f1-score": 0.23076923076923078,
    "support": 32.0
  },
  "19": {
    "precision": 0.5714285714285714,
    "recall": 0.25,
    "f1-score": 0.34782608695652173,
    "support": 32.0
  },
  "20": {
    "precision": 0.6842105263157895,
    "recall": 0.8125,
    "f1-score": 0.7428571428571429,
    "support": 32.0
  },
  "21": {
    "precision": 0.2857142857142857,
    "recall": 0.0625,
    "f1-score": 0.10256410256410256,
    "support": 32.0
  },
  "22": {
    "precision": 0.4375,
    "recall": 0.21875,
    "f1-score": 0.2916666666666667,
    "support": 32.0
  },
  "23": {
    "precision": 0.4117647058823529,
    "recall": 0.65625,
    "f1-score": 0.5060240963855421,
    "support": 32.0
  },
  "24": {
    "precision": 0.625,
    "recall": 0.625,
    "f1-score": 0.625,
    "support": 32.0
  },
  "25": {
    "precision": 0.9473684210526315,
    "recall": 0.5625,
    "f1-score": 0.7058823529411765,
    "support": 32.0
  },
  "26": {
    "precision": 0.6052631578947368,
    "recall": 0.71875,
    "f1-score": 0.6571428571428571,
    "support": 32.0
  },
  "27": {
    "precision": 0.5833333333333334,
    "recall": 0.875,
    "f1-score": 0.7,
    "support": 32.0
  },
  "28": {
    "precision": 0.23076923076923078,
    "recall": 0.09375,
    "f1-score": 0.13333333333333333,
    "support": 32.0
  },
  "29": {
    "precision": 0.45,
    "recall": 0.28125,
    "f1-score": 0.34615384615384615,
    "support": 32.0
  },
  "30": {
    "precision": 1.0,
    "recall": 0.40625,
    "f1-score": 0.5777777777777777,
    "support": 32.0
  },
  "31": {
    "precision": 0.5384615384615384,
    "recall": 0.875,
    "f1-score": 0.6666666666666666,
    "support": 32.0
  },
  "32": {
    "precision": 0.625,
    "recall": 0.15625,
    "f1-score": 0.25,
    "support": 32.0
  },
  "33": {
    "precision": 0.4074074074074074,
    "recall": 0.34375,
    "f1-score": 0.3728813559322034,
    "support": 32.0
  },
  "34": {
    "precision": 0.6785714285714286,
    "recall": 0.59375,
    "f1-score": 0.6333333333333333,
    "support": 32.0
  },
  "35": {
    "precision": 0.6595744680851063,
    "recall": 0.96875,
    "f1-score": 0.7848101265822784,
    "support": 32.0
  },
  "36": {
    "precision": 0.7777777777777778,
    "recall": 0.4375,
    "f1-score": 0.56,
    "support": 32.0
  },
  "37": {
    "precision": 0.5535714285714286,
    "recall": 0.96875,
    "f1-score": 0.7045454545454546,
    "support": 32.0
  },
  "38": {
    "precision": 0.5660377358490566,
    "recall": 0.9375,
    "f1-score": 0.7058823529411765,
    "support": 32.0
  },
  "39": {
    "precision": 0.6666666666666666,
    "recall": 0.6875,
    "f1-score": 0.676923076923077,
    "support": 32.0
  },
  "40": {
    "precision": 0.8529411764705882,
    "recall": 0.90625,
    "f1-score": 0.8787878787878788,
    "support": 32.0
  },
  "41": {
    "precision": 0.4807692307692308,
    "recall": 0.78125,
    "f1-score": 0.5952380952380952,
    "support": 32.0
  },
  "42": {
    "precision": 0.5555555555555556,
    "recall": 0.625,
    "f1-score": 0.5882352941176471,
    "support": 32.0
  },
  "43": {
    "precision": 0.6739130434782609,
    "recall": 0.96875,
    "f1-score": 0.7948717948717948,
    "support": 32.0
  },
  "44": {
    "precision": 0.6571428571428571,
    "recall": 0.71875,
    "f1-score": 0.6865671641791045,
    "support": 32.0
  },
  "45": {
    "precision": 0.6956521739130435,
    "recall": 0.5,
    "f1-score": 0.5818181818181818,
    "support": 32.0
  },
  "46": {
    "precision": 0.47540983606557374,
    "recall": 0.90625,
    "f1-score": 0.6236559139784946,
    "support": 32.0
  },
  "47": {
    "precision": 0.625,
    "recall": 0.3125,
    "f1-score": 0.4166666666666667,
    "support": 32.0
  },
  "48": {
    "precision": 0.5833333333333334,
    "recall": 0.21875,
    "f1-score": 0.3181818181818182,
    "support": 32.0
  },
  "49": {
    "precision": 0.32608695652173914,
    "recall": 0.46875,
    "f1-score": 0.38461538461538464,
    "support": 32.0
  },
  "accuracy": 0.61875,
  "macro avg": {
    "precision": 0.6213696829561333,
    "recall": 0.61875,
    "f1-score": 0.5934811327608752,
    "support": 1600.0
  },
  "weighted avg": {
    "precision": 0.6213696829561333,
    "recall": 0.61875,
    "f1-score": 0.5934811327608752,
    "support": 1600.0
  }
}