{
  "0": {
    "precision": 0.8333333333333334,
    "recall": 0.6976744186046512,
    "f1-score": 0.759493670886076,
    "support": 86.0
  },
  "1": {
    "precision": 0.7636363636363637,
    "recall": 0.875,
    "f1-score": 0.8155339805825242,
    "support": 96.0
  },
  "accuracy": 0.7912087912087912,
  "macro avg": {
    "precision": 0.7984848484848486,
    "recall": 0.7863372093023255,
    "f1-score": 0.7875138257343002,
    "support": 182.0
  },
  "weighted avg": {
    "precision": 0.7965700965700967,
    "recall": 0.7912087912087912,
    "f1-score": 0.7890533946820049,
    "support": 182.0
  }
}