{
  "train_loss": [
    2.022090617948501,
    0.9460826562052639,
    0.5702783397966762,
    0.3076597464814064,
    0.18614110108037196,
    0.15461874569986306,
    0.09985519629941093,
    0.06436475850576981,
    0.053006226114861506,
    0.041352170571253045,
    0.031557020512294864,
    0.039113381197504925,
    0.03037431794050486,
    0.04373791471303638,
    0.025273033247239524,
    0.02781381322150397,
    0.0133711823415482,
    0.05504421216599123,
    0.02307170997604582,
    0.020779921729699412,
    0.02273145739629008,
    0.02204006786375698,
    0.01865807153817285,
    0.01890497627559542,
    0.01098332609452419
  ],
  "val_loss": [
    1.337266355752945,
    1.1205376940965652,
    0.9555592891573906,
    0.95382330365479,
    1.074646627008915,
    1.0232351218909026,
    1.0234444354474546,
    1.0057322891056537,
    0.925435313731432,
    1.0828365871310235,
    1.1377603041008115,
    0.9886009561270476,
    1.0872663336992263,
    1.0604409310221672,
    1.1068468111008405,
    1.102310689408332,
    1.1122229883074761,
    1.1651179030537606,
    1.2012711946293713,
    1.1426070768292993,
    1.3071434363815932,
    1.1261774094682186,
    1.1554864883050322,
    1.0570979774743319,
    1.175871358960867
  ],
  "train_acc": [
    0.44555538197156697,
    0.7048898609592251,
    0.8201843461959069,
    0.9022027808154975,
    0.9398531479456335,
    0.9531323230745196,
    0.9687548820496797,
    0.980784252460553,
    0.9837525386658335,
    0.9878144039993751,
    0.9917200437431651,
    0.9881268551788783,
    0.9904702390251523,
    0.9868770504608655,
    0.9921887205124199,
    0.9918762693329167,
    0.9959381346664584,
    0.9842212154350882,
    0.9931260740509296,
    0.992969848461178,
    0.9926573972816748,
    0.9928136228714264,
    0.9948445555381972,
    0.9950007811279488,
    0.9975003905639743
  ],
  "val_acc": [
    0.609375,
    0.6575,
    0.71625,
    0.73,
    0.7125,
    0.74375,
    0.740625,
    0.7525,
    0.750625,
    0.75375,
    0.75375,
    0.765625,
    0.759375,
    0.753125,
    0.765,
    0.7575,
    0.755625,
    0.7525,
    0.746875,
    0.764375,
    0.7675,
    0.776875,
    0.77125,
    0.7775,
    0.775625
  ]
}