{
  "0": {
    "precision": 1.0,
    "recall": 0.9883720930232558,
    "f1-score": 0.9941520467836257,
    "support": 86.0
  },
  "1": {
    "precision": 0.9896907216494846,
    "recall": 1.0,
    "f1-score": 0.9948186528497409,
    "support": 96.0
  },
  "accuracy": 0.9945054945054945,
  "macro avg": {
    "precision": 0.9948453608247423,
    "recall": 0.9941860465116279,
    "f1-score": 0.9944853498166832,
    "support": 182.0
  },
  "weighted avg": {
    "precision": 0.9945621388920358,
    "recall": 0.9945054945054945,
    "f1-score": 0.9945036631701479,
    "support": 182.0
  }
}