{
  "0": {
    "precision": 0.8,
    "recall": 0.9333333333333333,
    "f1-score": 0.8615384615384616,
    "support": 60.0
  },
  "1": {
    "precision": 0.92,
    "recall": 0.7666666666666667,
    "f1-score": 0.8363636363636363,
    "support": 60.0
  },
  "accuracy": 0.85,
  "macro avg": {
    "precision": 0.8600000000000001,
    "recall": 0.8500000000000001,
    "f1-score": 0.848951048951049,
    "support": 120.0
  },
  "weighted avg": {
    "precision": 0.86,
    "recall": 0.85,
    "f1-score": 0.8489510489510489,
    "support": 120.0
  }
}