{
  "train_loss": [
    1.721204579472542,
    0.24996600545942782,
    0.06905071418732404,
    0.03412098570726812,
    0.03294121006503701,
    0.02622828966472298,
    0.018151599641423672,
    0.034921123252715916,
    0.03563787968829274,
    0.011110815723077394,
    0.010289105016854592,
    0.010717406977782958,
    0.010124335665896069,
    0.016710298062535003,
    0.0398746091988869,
    0.01694748899783008,
    0.021199695791583508,
    0.016096809621085412,
    0.015316481287882197,
    0.017126702486129942,
    0.012519742209697142,
    0.02193126064434182,
    0.014038468027138151,
    0.004605066345538944,
    0.004419212420616532,
    0.0011539516459743028,
    0.012780421536735958,
    0.023212397385505026,
    0.02891214142087847,
    0.008608854874037206
  ],
  "val_loss": [
    0.9204053199291229,
    0.7726210522651672,
    0.6685824358463287,
    0.6628398108482361,
    0.6196071773767471,
    0.6395455116033554,
    0.6039748367667198,
    0.6995929139852524,
    0.4907835125923157,
    0.49526521265506745,
    0.46635540693998334,
    0.49929037123918535,
    0.5006993114948273,
    0.5380365228652955,
    0.5241032853722573,
    0.5963999471068382,
    0.55227314889431,
    0.6361344833672047,
    0.4580001574754715,
    0.5058354192972183,
    0.46694371439516547,
    0.5394801825284958,
    0.3813429191708565,
    0.38768598176538943,
    0.37792555257678034,
    0.43335861414670945,
    0.6057454499602318,
    0.9004699981212616,
    0.5270344741642475,
    0.44558587729930876
  ],
  "train_acc": [
    0.5609375,
    0.92953125,
    0.98328125,
    0.99234375,
    0.99125,
    0.9928125,
    0.99609375,
    0.99046875,
    0.99046875,
    0.99734375,
    0.99734375,
    0.99765625,
    0.9975,
    0.9959375,
    0.99015625,
    0.99546875,
    0.99328125,
    0.99515625,
    0.9965625,
    0.9953125,
    0.99671875,
    0.9934375,
    0.996875,
    0.9990625,
    0.99890625,
    0.99984375,
    0.99734375,
    0.9934375,
    0.99265625,
    0.99765625
  ],
  "val_acc": [
    0.744375,
    0.788125,
    0.818125,
    0.813125,
    0.83125,
    0.824375,
    0.83875,
    0.81875,
    0.860625,
    0.8675,
    0.869375,
    0.86875,
    0.868125,
    0.854375,
    0.85625,
    0.860625,
    0.8625,
    0.849375,
    0.87875,
    0.870625,
    0.8775,
    0.86,
    0.893125,
    0.895,
    0.89625,
    0.893125,
    0.853125,
    0.826875,
    0.871875,
    0.8775
  ]
}