{
  "final_val_acc": 0.8775,
  "top3_acc": 0.96375,
  "auc_macro": 0.9981373565051022,
  "macro_f1": 0.8764830550675213,
  "macro_precision": 0.8894547705885152,
  "macro_recall": 0.8775,
  "weighted_f1": 0.8764830550675213,
  "per_class_metrics": {
    "0": {
      "precision": 0.8695652173913043,
      "recall": 0.625,
      "f1-score": 0.7272727272727273,
      "support": 32
    },
    "1": {
      "precision": 0.8076923076923077,
      "recall": 0.65625,
      "f1-score": 0.7241379310344828,
      "support": 32
    },
    "2": {
      "precision": 0.9583333333333334,
      "recall": 0.71875,
      "f1-score": 0.8214285714285714,
      "support": 32
    },
    "3": {
      "precision": 0.8787878787878788,
      "recall": 0.90625,
      "f1-score": 0.8923076923076924,
      "support": 32
    },
    "4": {
      "precision": 0.8787878787878788,
      "recall": 0.90625,
      "f1-score": 0.8923076923076924,
      "support": 32
    },
    "5": {
      "precision": 0.6666666666666666,
      "recall": 0.875,
      "f1-score": 0.7567567567567568,
      "support": 32
    },
    "6": {
      "precision": 1.0,
      "recall": 0.9375,
      "f1-score": 0.967741935483871,
      "support": 32
    },
    "7": {
      "precision": 0.967741935483871,
      "recall": 0.9375,
      "f1-score": 0.9523809523809523,
      "support": 32
    },
    "8": {
      "precision": 1.0,
      "recall": 0.9375,
      "f1-score": 0.967741935483871,
      "support": 32
    },
    "9": {
      "precision": 1.0,
      "recall": 0.71875,
      "f1-score": 0.8363636363636363,
      "support": 32
    },
    "10": {
      "precision": 1.0,
      "recall": 0.9375,
      "f1-score": 0.967741935483871,
      "support": 32
    },
    "11": {
      "precision": 0.7560975609756098,
      "recall": 0.96875,
      "f1-score": 0.8493150684931506,
      "support": 32
    },
    "12": {
      "precision": 0.8823529411764706,
      "recall": 0.9375,
      "f1-score": 0.9090909090909091,
      "support": 32
    },
    "13": {
      "precision": 0.9642857142857143,
      "recall": 0.84375,
      "f1-score": 0.9,
      "support": 32
    },
    "14": {
      "precision": 0.9032258064516129,
      "recall": 0.875,
      "f1-score": 0.8888888888888888,
      "support": 32
    },
    "15": {
      "precision": 1.0,
      "recall": 1.0,
      "f1-score": 1.0,
      "support": 32
    },
    "16": {
      "precision": 0.875,
      "recall": 0.875,
      "f1-score": 0.875,
      "support": 32
    },
    "17": {
      "precision": 0.9333333333333333,
      "recall": 0.875,
      "f1-score": 0.9032258064516129,
      "support": 32
    },
    "18": {
      "precision": 0.8709677419354839,
      "recall": 0.84375,
      "f1-score": 0.8571428571428571,
      "support": 32
    },
    "19": {
      "precision": 0.9310344827586207,
      "recall": 0.84375,
      "f1-score": 0.8852459016393442,
      "support": 32
    },
    "20": {
      "precision": 0.9655172413793104,
      "recall": 0.875,
      "f1-score": 0.9180327868852459,
      "support": 32
    },
    "21": {
      "precision": 0.7878787878787878,
      "recall": 0.8125,
      "f1-score": 0.8,
      "support": 32
    },
    "22": {
      "precision": 0.8333333333333334,
      "recall": 0.9375,
      "f1-score": 0.8823529411764706,
      "support": 32
    },
    "23": {
      "precision": 0.8205128205128205,
      "recall": 1.0,
      "f1-score": 0.9014084507042254,
      "support": 32
    },
    "24": {
      "precision": 0.9,
      "recall": 0.84375,
      "f1-score": 0.8709677419354839,
      "support": 32
    },
    "25": {
      "precision": 0.9655172413793104,
      "recall": 0.875,
      "f1-score": 0.9180327868852459,
      "support": 32
    },
    "26": {
      "precision": 0.9142857142857143,
      "recall": 1.0,
      "f1-score": 0.9552238805970149,
      "support": 32
    },
    "27": {
      "precision": 0.8333333333333334,
      "recall": 0.9375,
      "f1-score": 0.8823529411764706,
      "support": 32
    },
    "28": {
      "precision": 0.8518518518518519,
      "recall": 0.71875,
      "f1-score": 0.7796610169491526,
      "support": 32
    },
    "29": {
      "precision": 0.9,
      "recall": 0.5625,
      "f1-score": 0.6923076923076923,
      "support": 32
    },
    "30": {
      "precision": 1.0,
      "recall": 0.875,
      "f1-score": 0.9333333333333333,
      "support": 32
    },
    "31": {
      "precision": 0.9642857142857143,
      "recall": 0.84375,
      "f1-score": 0.9,
      "support": 32
    },
    "32": {
      "precision": 0.8571428571428571,
      "recall": 0.9375,
      "f1-score": 0.8955223880597015,
      "support": 32
    },
    "33": {
      "precision": 1.0,
      "recall": 0.59375,
      "f1-score": 0.7450980392156863,
      "support": 32
    },
    "34": {
      "precision": 0.8888888888888888,
      "recall": 0.75,
      "f1-score": 0.8135593220338984,
      "support": 32
    },
    "35": {
      "precision": 0.6956521739130435,
      "recall": 1.0,
      "f1-score": 0.8205128205128205,
      "support": 32
    },
    "36": {
      "precision": 1.0,
      "recall": 0.8125,
      "f1-score": 0.896551724137931,
      "support": 32
    },
    "37": {
      "precision": 0.8648648648648649,
      "recall": 1.0,
      "f1-score": 0.927536231884058,
      "support": 32
    },
    "38": {
      "precision": 0.8648648648648649,
      "recall": 1.0,
      "f1-score": 0.927536231884058,
      "support": 32
    },
    "39": {
      "precision": 0.9666666666666667,
      "recall": 0.90625,
      "f1-score": 0.9354838709677419,
      "support": 32
    },
    "40": {
      "precision": 0.9655172413793104,
      "recall": 0.875,
      "f1-score": 0.9180327868852459,
      "support": 32
    },
    "41": {
      "precision": 0.8648648648648649,
      "recall": 1.0,
      "f1-score": 0.927536231884058,
      "support": 32
    },
    "42": {
      "precision": 0.8157894736842105,
      "recall": 0.96875,
      "f1-score": 0.8857142857142857,
      "support": 32
    },
    "43": {
      "precision": 1.0,
      "recall": 0.96875,
      "f1-score": 0.9841269841269841,
      "support": 32
    },
    "44": {
      "precision": 0.96875,
      "recall": 0.96875,
      "f1-score": 0.96875,
      "support": 32
    },
    "45": {
      "precision": 0.7105263157894737,
      "recall": 0.84375,
      "f1-score": 0.7714285714285715,
      "support": 32
    },
    "46": {
      "precision": 0.8529411764705882,
      "recall": 0.90625,
      "f1-score": 0.8787878787878788,
      "support": 32
    },
    "47": {
      "precision": 0.7894736842105263,
      "recall": 0.9375,
      "f1-score": 0.8571428571428571,
      "support": 32
    },
    "48": {
      "precision": 0.6808510638297872,
      "recall": 1.0,
      "f1-score": 0.810126582278481,
      "support": 32
    },
    "49": {
      "precision": 0.8055555555555556,
      "recall": 0.90625,
      "f1-score": 0.8529411764705882,
      "support": 32
    },
    "macro avg": {
      "precision": 0.8894547705885152,
      "recall": 0.8775,
      "f1-score": 0.8764830550675213,
      "support": 1600
    },
    "weighted avg": {
      "precision": 0.8894547705885152,
      "recall": 0.8775,
      "f1-score": 0.8764830550675213,
      "support": 1600
    }
  }
}