{
  "0": {
    "precision": 0.9529411764705882,
    "recall": 0.9418604651162791,
    "f1-score": 0.9473684210526315,
    "support": 86.0
  },
  "1": {
    "precision": 0.9484536082474226,
    "recall": 0.9583333333333334,
    "f1-score": 0.9533678756476683,
    "support": 96.0
  },
  "accuracy": 0.9505494505494505,
  "macro avg": {
    "precision": 0.9506973923590054,
    "recall": 0.9500968992248062,
    "f1-score": 0.9503681483501499,
    "support": 182.0
  },
  "weighted avg": {
    "precision": 0.9505741075177098,
    "recall": 0.9505494505494505,
    "f1-score": 0.9505329685313323,
    "support": 182.0
  }
}