{
  "0": {
    "precision": 0.8837209302325582,
    "recall": 0.6333333333333333,
    "f1-score": 0.7378640776699029,
    "support": 60.0
  },
  "1": {
    "precision": 0.7142857142857143,
    "recall": 0.9166666666666666,
    "f1-score": 0.8029197080291971,
    "support": 60.0
  },
  "accuracy": 0.775,
  "macro avg": {
    "precision": 0.7990033222591362,
    "recall": 0.7749999999999999,
    "f1-score": 0.77039189284955,
    "support": 120.0
  },
  "weighted avg": {
    "precision": 0.7990033222591362,
    "recall": 0.775,
    "f1-score": 0.77039189284955,
    "support": 120.0
  }
}