{
  "0": {
    "precision": 0.7872340425531915,
    "recall": 0.6727272727272727,
    "f1-score": 0.7254901960784313,
    "support": 55.0
  },
  "1": {
    "precision": 0.7352941176470589,
    "recall": 0.8333333333333334,
    "f1-score": 0.78125,
    "support": 60.0
  },
  "accuracy": 0.7565217391304347,
  "macro avg": {
    "precision": 0.7612640801001251,
    "recall": 0.753030303030303,
    "f1-score": 0.7533700980392157,
    "support": 115.0
  },
  "weighted avg": {
    "precision": 0.7601349512978179,
    "recall": 0.7565217391304347,
    "f1-score": 0.7545822676896846,
    "support": 115.0
  }
}