{
  "0": {
    "precision": 0.96875,
    "recall": 0.9935897435897436,
    "f1-score": 0.9810126582278481,
    "support": 156.0
  },
  "1": {
    "precision": 0.9767441860465116,
    "recall": 0.875,
    "f1-score": 0.9230769230769231,
    "support": 96.0
  },
  "2": {
    "precision": 0.92,
    "recall": 0.8518518518518519,
    "f1-score": 0.8846153846153846,
    "support": 54.0
  },
  "3": {
    "precision": 0.9871794871794872,
    "recall": 0.9166666666666666,
    "f1-score": 0.9506172839506173,
    "support": 84.0
  },
  "4": {
    "precision": 0.9213483146067416,
    "recall": 0.9761904761904762,
    "f1-score": 0.9479768786127167,
    "support": 84.0
  },
  "5": {
    "precision": 0.9405940594059405,
    "recall": 0.9895833333333334,
    "f1-score": 0.9644670050761421,
    "support": 96.0
  },
  "6": {
    "precision": 0.9230769230769231,
    "recall": 1.0,
    "f1-score": 0.96,
    "support": 72.0
  },
  "accuracy": 0.9517133956386293,
  "macro avg": {
    "precision": 0.9482418529022292,
    "recall": 0.9432688673760101,
    "f1-score": 0.9445380190799474,
    "support": 642.0
  },
  "weighted avg": {
    "precision": 0.9527217217679395,
    "recall": 0.9517133956386293,
    "f1-score": 0.9511111093626003,
    "support": 642.0
  }
}