{
  "best_val_acc": 0.9517133956386293,
  "final_macro_f1": 0.9300745880042774,
  "final_auc": 0.9958547799608947,
  "config": {
    "dataset": "emodb",
    "model_type": "mobilenetv2",
    "epochs": 30,
    "batch_size": 32,
    "lr": 0.0001,
    "seed": 999,
    "run_name": "",
    "train_csv": null,
    "val_csv": null
  }
}