{
  "0": {
    "precision": 0.6410256410256411,
    "recall": 0.847457627118644,
    "f1-score": 0.7299270072992701,
    "support": 59.0
  },
  "1": {
    "precision": 0.7804878048780488,
    "recall": 0.5333333333333333,
    "f1-score": 0.6336633663366337,
    "support": 60.0
  },
  "accuracy": 0.6890756302521008,
  "macro avg": {
    "precision": 0.710756722951845,
    "recall": 0.6903954802259886,
    "f1-score": 0.6817951868179519,
    "support": 119.0
  },
  "weighted avg": {
    "precision": 0.7113426984302165,
    "recall": 0.6890756302521008,
    "f1-score": 0.6813907177382769,
    "support": 119.0
  }
}