{
  "0": {
    "precision": 0.7096774193548387,
    "recall": 0.8,
    "f1-score": 0.7521367521367521,
    "support": 55.0
  },
  "1": {
    "precision": 0.7924528301886793,
    "recall": 0.7,
    "f1-score": 0.7433628318584071,
    "support": 60.0
  },
  "accuracy": 0.7478260869565218,
  "macro avg": {
    "precision": 0.751065124771759,
    "recall": 0.75,
    "f1-score": 0.7477497919975796,
    "support": 115.0
  },
  "weighted avg": {
    "precision": 0.7528645902246686,
    "recall": 0.7478260869565218,
    "f1-score": 0.7475590546002243,
    "support": 115.0
  }
}