{
  "0": {
    "precision": 1.0,
    "recall": 1.0,
    "f1-score": 1.0,
    "support": 150.0
  },
  "1": {
    "precision": 0.9895833333333334,
    "recall": 0.9895833333333334,
    "f1-score": 0.9895833333333334,
    "support": 96.0
  },
  "2": {
    "precision": 0.9818181818181818,
    "recall": 1.0,
    "f1-score": 0.9908256880733946,
    "support": 54.0
  },
  "3": {
    "precision": 1.0,
    "recall": 1.0,
    "f1-score": 1.0,
    "support": 84.0
  },
  "4": {
    "precision": 1.0,
    "recall": 0.9880952380952381,
    "f1-score": 0.9940119760479041,
    "support": 84.0
  },
  "5": {
    "precision": 1.0,
    "recall": 1.0,
    "f1-score": 1.0,
    "support": 96.0
  },
  "6": {
    "precision": 0.9871794871794872,
    "recall": 0.9871794871794872,
    "f1-score": 0.9871794871794872,
    "support": 78.0
  },
  "accuracy": 0.9953271028037384,
  "macro avg": {
    "precision": 0.9940830003330003,
    "recall": 0.994979722658294,
    "f1-score": 0.9945143549477313,
    "support": 642.0
  },
  "weighted avg": {
    "precision": 0.9953554233928066,
    "recall": 0.9953271028037384,
    "f1-score": 0.9953295843364288,
    "support": 642.0
  }
}