{
  "0": {
    "precision": 0.9583333333333334,
    "recall": 0.71875,
    "f1-score": 0.8214285714285714,
    "support": 32.0
  },
  "1": {
    "precision": 1.0,
    "recall": 0.9375,
    "f1-score": 0.967741935483871,
    "support": 32.0
  },
  "2": {
    "precision": 1.0,
    "recall": 0.78125,
    "f1-score": 0.8771929824561403,
    "support": 32.0
  },
  "3": {
    "precision": 0.8484848484848485,
    "recall": 0.875,
    "f1-score": 0.8615384615384616,
    "support": 32.0
  },
  "4": {
    "precision": 0.967741935483871,
    "recall": 0.9375,
    "f1-score": 0.9523809523809523,
    "support": 32.0
  },
  "5": {
    "precision": 1.0,
    "recall": 0.9375,
    "f1-score": 0.967741935483871,
    "support": 32.0
  },
  "6": {
    "precision": 0.7352941176470589,
    "recall": 0.78125,
    "f1-score": 0.7575757575757576,
    "support": 32.0
  },
  "7": {
    "precision": 0.9333333333333333,
    "recall": 0.875,
    "f1-score": 0.9032258064516129,
    "support": 32.0
  },
  "8": {
    "precision": 0.96875,
    "recall": 0.96875,
    "f1-score": 0.96875,
    "support": 32.0
  },
  "9": {
    "precision": 1.0,
    "recall": 0.5625,
    "f1-score": 0.72,
    "support": 32.0
  },
  "10": {
    "precision": 0.9393939393939394,
    "recall": 0.96875,
    "f1-score": 0.9538461538461539,
    "support": 32.0
  },
  "11": {
    "precision": 0.8378378378378378,
    "recall": 0.96875,
    "f1-score": 0.8985507246376812,
    "support": 32.0
  },
  "12": {
    "precision": 0.9666666666666667,
    "recall": 0.90625,
    "f1-score": 0.9354838709677419,
    "support": 32.0
  },
  "13": {
    "precision": 0.7380952380952381,
    "recall": 0.96875,
    "f1-score": 0.8378378378378378,
    "support": 32.0
  },
  "14": {
    "precision": 0.9090909090909091,
    "recall": 0.625,
    "f1-score": 0.7407407407407407,
    "support": 32.0
  },
  "15": {
    "precision": 0.7894736842105263,
    "recall": 0.9375,
    "f1-score": 0.8571428571428571,
    "support": 32.0
  },
  "16": {
    "precision": 0.9696969696969697,
    "recall": 1.0,
    "f1-score": 0.9846153846153847,
    "support": 32.0
  },
  "17": {
    "precision": 0.775,
    "recall": 0.96875,
    "f1-score": 0.8611111111111112,
    "support": 32.0
  },
  "18": {
    "precision": 1.0,
    "recall": 0.96875,
    "f1-score": 0.9841269841269841,
    "support": 32.0
  },
  "19": {
    "precision": 0.8823529411764706,
    "recall": 0.9375,
    "f1-score": 0.9090909090909091,
    "support": 32.0
  },
  "20": {
    "precision": 1.0,
    "recall": 1.0,
    "f1-score": 1.0,
    "support": 32.0
  },
  "21": {
    "precision": 0.84375,
    "recall": 0.84375,
    "f1-score": 0.84375,
    "support": 32.0
  },
  "22": {
    "precision": 0.8636363636363636,
    "recall": 0.59375,
    "f1-score": 0.7037037037037037,
    "support": 32.0
  },
  "23": {
    "precision": 0.9696969696969697,
    "recall": 1.0,
    "f1-score": 0.9846153846153847,
    "support": 32.0
  },
  "24": {
    "precision": 0.8484848484848485,
    "recall": 0.875,
    "f1-score": 0.8615384615384616,
    "support": 32.0
  },
  "25": {
    "precision": 1.0,
    "recall": 0.96875,
    "f1-score": 0.9841269841269841,
    "support": 32.0
  },
  "26": {
    "precision": 1.0,
    "recall": 1.0,
    "f1-score": 1.0,
    "support": 32.0
  },
  "27": {
    "precision": 0.9333333333333333,
    "recall": 0.875,
    "f1-score": 0.9032258064516129,
    "support": 32.0
  },
  "28": {
    "precision": 0.8928571428571429,
    "recall": 0.78125,
    "f1-score": 0.8333333333333334,
    "support": 32.0
  },
  "29": {
    "precision": 0.9354838709677419,
    "recall": 0.90625,
    "f1-score": 0.9206349206349206,
    "support": 32.0
  },
  "30": {
    "precision": 0.9,
    "recall": 0.84375,
    "f1-score": 0.8709677419354839,
    "support": 32.0
  },
  "31": {
    "precision": 0.7272727272727273,
    "recall": 1.0,
    "f1-score": 0.8421052631578947,
    "support": 32.0
  },
  "32": {
    "precision": 0.8928571428571429,
    "recall": 0.78125,
    "f1-score": 0.8333333333333334,
    "support": 32.0
  },
  "33": {
    "precision": 0.8620689655172413,
    "recall": 0.78125,
    "f1-score": 0.819672131147541,
    "support": 32.0
  },
  "34": {
    "precision": 0.9696969696969697,
    "recall": 1.0,
    "f1-score": 0.9846153846153847,
    "support": 32.0
  },
  "35": {
    "precision": 0.9411764705882353,
    "recall": 1.0,
    "f1-score": 0.9696969696969697,
    "support": 32.0
  },
  "36": {
    "precision": 0.46938775510204084,
    "recall": 0.71875,
    "f1-score": 0.5679012345679012,
    "support": 32.0
  },
  "37": {
    "precision": 0.9696969696969697,
    "recall": 1.0,
    "f1-score": 0.9846153846153847,
    "support": 32.0
  },
  "38": {
    "precision": 0.9565217391304348,
    "recall": 0.6875,
    "f1-score": 0.8,
    "support": 32.0
  },
  "39": {
    "precision": 0.9696969696969697,
    "recall": 1.0,
    "f1-score": 0.9846153846153847,
    "support": 32.0
  },
  "40": {
    "precision": 0.9411764705882353,
    "recall": 1.0,
    "f1-score": 0.9696969696969697,
    "support": 32.0
  },
  "41": {
    "precision": 0.9393939393939394,
    "recall": 0.96875,
    "f1-score": 0.9538461538461539,
    "support": 32.0
  },
  "42": {
    "precision": 0.8888888888888888,
    "recall": 1.0,
    "f1-score": 0.9411764705882353,
    "support": 32.0
  },
  "43": {
    "precision": 0.8648648648648649,
    "recall": 1.0,
    "f1-score": 0.927536231884058,
    "support": 32.0
  },
  "44": {
    "precision": 0.9411764705882353,
    "recall": 1.0,
    "f1-score": 0.9696969696969697,
    "support": 32.0
  },
  "45": {
    "precision": 0.8055555555555556,
    "recall": 0.90625,
    "f1-score": 0.8529411764705882,
    "support": 32.0
  },
  "46": {
    "precision": 0.9230769230769231,
    "recall": 0.75,
    "f1-score": 0.8275862068965517,
    "support": 32.0
  },
  "47": {
    "precision": 0.75,
    "recall": 0.75,
    "f1-score": 0.75,
    "support": 32.0
  },
  "48": {
    "precision": 0.8,
    "recall": 0.75,
    "f1-score": 0.7741935483870968,
    "support": 32.0
  },
  "49": {
    "precision": 0.7142857142857143,
    "recall": 0.78125,
    "f1-score": 0.746268656716418,
    "support": 32.0
  },
  "accuracy": 0.88375,
  "macro avg": {
    "precision": 0.8946716564045698,
    "recall": 0.88375,
    "f1-score": 0.8833103356637872,
    "support": 1600.0
  },
  "weighted avg": {
    "precision": 0.8946716564045698,
    "recall": 0.88375,
    "f1-score": 0.8833103356637872,
    "support": 1600.0
  }
}