{
  "0": {
    "precision": 1.0,
    "recall": 0.8255813953488372,
    "f1-score": 0.9044585987261147,
    "support": 86.0
  },
  "1": {
    "precision": 0.8051948051948052,
    "recall": 1.0,
    "f1-score": 0.8920863309352518,
    "support": 62.0
  },
  "accuracy": 0.8986486486486487,
  "macro avg": {
    "precision": 0.9025974025974026,
    "recall": 0.9127906976744187,
    "f1-score": 0.8982724648306832,
    "support": 148.0
  },
  "weighted avg": {
    "precision": 0.9183924183924185,
    "recall": 0.8986486486486487,
    "f1-score": 0.899275621678591,
    "support": 148.0
  }
}