{
  "0": {
    "precision": 0.8165137614678899,
    "recall": 1.0,
    "f1-score": 0.898989898989899,
    "support": 89.0
  },
  "1": {
    "precision": 1.0,
    "recall": 0.8540145985401459,
    "f1-score": 0.9212598425196851,
    "support": 137.0
  },
  "accuracy": 0.911504424778761,
  "macro avg": {
    "precision": 0.908256880733945,
    "recall": 0.927007299270073,
    "f1-score": 0.910124870754792,
    "support": 226.0
  },
  "weighted avg": {
    "precision": 0.9277421450028416,
    "recall": 0.911504424778761,
    "f1-score": 0.9124898205101676,
    "support": 226.0
  }
}