{
  "0": {
    "precision": 1.0,
    "recall": 1.0,
    "f1-score": 1.0,
    "support": 150.0
  },
  "1": {
    "precision": 1.0,
    "recall": 0.9479166666666666,
    "f1-score": 0.9732620320855615,
    "support": 96.0
  },
  "2": {
    "precision": 0.7794117647058824,
    "recall": 0.8833333333333333,
    "f1-score": 0.828125,
    "support": 60.0
  },
  "3": {
    "precision": 0.9552238805970149,
    "recall": 0.7619047619047619,
    "f1-score": 0.847682119205298,
    "support": 84.0
  },
  "4": {
    "precision": 0.8426966292134831,
    "recall": 0.8928571428571429,
    "f1-score": 0.8670520231213873,
    "support": 84.0
  },
  "5": {
    "precision": 1.0,
    "recall": 1.0,
    "f1-score": 1.0,
    "support": 96.0
  },
  "6": {
    "precision": 0.8888888888888888,
    "recall": 1.0,
    "f1-score": 0.9411764705882353,
    "support": 72.0
  },
  "accuracy": 0.9361370716510904,
  "macro avg": {
    "precision": 0.923745880486467,
    "recall": 0.9265731292517007,
    "f1-score": 0.922471092142926,
    "support": 642.0
  },
  "weighted avg": {
    "precision": 0.9404829107576865,
    "recall": 0.9361370716510904,
    "f1-score": 0.9360171790000131,
    "support": 642.0
  }
}