{
  "0": {
    "precision": 0.9512195121951219,
    "recall": 0.65,
    "f1-score": 0.7722772277227723,
    "support": 60.0
  },
  "1": {
    "precision": 0.7341772151898734,
    "recall": 0.9666666666666667,
    "f1-score": 0.8345323741007195,
    "support": 60.0
  },
  "accuracy": 0.8083333333333333,
  "macro avg": {
    "precision": 0.8426983636924976,
    "recall": 0.8083333333333333,
    "f1-score": 0.8034048009117458,
    "support": 120.0
  },
  "weighted avg": {
    "precision": 0.8426983636924976,
    "recall": 0.8083333333333333,
    "f1-score": 0.8034048009117458,
    "support": 120.0
  }
}