{
  "0": {
    "precision": 1.0,
    "recall": 1.0,
    "f1-score": 1.0,
    "support": 150.0
  },
  "1": {
    "precision": 1.0,
    "recall": 1.0,
    "f1-score": 1.0,
    "support": 96.0
  },
  "2": {
    "precision": 0.9814814814814815,
    "recall": 0.9814814814814815,
    "f1-score": 0.9814814814814815,
    "support": 54.0
  },
  "3": {
    "precision": 1.0,
    "recall": 1.0,
    "f1-score": 1.0,
    "support": 84.0
  },
  "4": {
    "precision": 0.9880952380952381,
    "recall": 0.9880952380952381,
    "f1-score": 0.9880952380952381,
    "support": 84.0
  },
  "5": {
    "precision": 1.0,
    "recall": 1.0,
    "f1-score": 1.0,
    "support": 96.0
  },
  "6": {
    "precision": 1.0,
    "recall": 1.0,
    "f1-score": 1.0,
    "support": 78.0
  },
  "accuracy": 0.9968847352024922,
  "macro avg": {
    "precision": 0.9956538170823885,
    "recall": 0.9956538170823885,
    "f1-score": 0.9956538170823885,
    "support": 642.0
  },
  "weighted avg": {
    "precision": 0.9968847352024922,
    "recall": 0.9968847352024922,
    "f1-score": 0.9968847352024922,
    "support": 642.0
  }
}