{
  "0": {
    "precision": 0.64,
    "recall": 0.8135593220338984,
    "f1-score": 0.7164179104477612,
    "support": 59.0
  },
  "1": {
    "precision": 0.75,
    "recall": 0.55,
    "f1-score": 0.6346153846153846,
    "support": 60.0
  },
  "accuracy": 0.680672268907563,
  "macro avg": {
    "precision": 0.6950000000000001,
    "recall": 0.6817796610169492,
    "f1-score": 0.6755166475315728,
    "support": 119.0
  },
  "weighted avg": {
    "precision": 0.6954621848739495,
    "recall": 0.680672268907563,
    "f1-score": 0.6751729394398402,
    "support": 119.0
  }
}