{
  "0": {
    "precision": 0.9408284023668639,
    "recall": 0.959758551307847,
    "f1-score": 0.950199203187251,
    "support": 497.0
  },
  "1": {
    "precision": 0.8387096774193549,
    "recall": 0.7761194029850746,
    "f1-score": 0.8062015503875969,
    "support": 134.0
  },
  "accuracy": 0.9207606973058637,
  "macro avg": {
    "precision": 0.8897690398931094,
    "recall": 0.8679389771464608,
    "f1-score": 0.878200376787424,
    "support": 631.0
  },
  "weighted avg": {
    "precision": 0.9191423339944929,
    "recall": 0.9207606973058637,
    "f1-score": 0.9196196699461202,
    "support": 631.0
  }
}