{
  "0": {
    "precision": 0.8541666666666666,
    "recall": 0.9213483146067416,
    "f1-score": 0.8864864864864865,
    "support": 89.0
  },
  "1": {
    "precision": 0.9461538461538461,
    "recall": 0.8978102189781022,
    "f1-score": 0.9213483146067416,
    "support": 137.0
  },
  "accuracy": 0.9070796460176991,
  "macro avg": {
    "precision": 0.9001602564102564,
    "recall": 0.9095792667924218,
    "f1-score": 0.9039174005466141,
    "support": 226.0
  },
  "weighted avg": {
    "precision": 0.9099288064442932,
    "recall": 0.9070796460176991,
    "f1-score": 0.9076195415859332,
    "support": 226.0
  }
}