{
  "0": {
    "precision": 0.9666666666666667,
    "recall": 0.90625,
    "f1-score": 0.9354838709677419,
    "support": 32.0
  },
  "1": {
    "precision": 0.8709677419354839,
    "recall": 0.84375,
    "f1-score": 0.8571428571428571,
    "support": 32.0
  },
  "2": {
    "precision": 1.0,
    "recall": 0.6875,
    "f1-score": 0.8148148148148148,
    "support": 32.0
  },
  "3": {
    "precision": 0.8484848484848485,
    "recall": 0.875,
    "f1-score": 0.8615384615384616,
    "support": 32.0
  },
  "4": {
    "precision": 0.8888888888888888,
    "recall": 0.75,
    "f1-score": 0.8135593220338984,
    "support": 32.0
  },
  "5": {
    "precision": 0.6666666666666666,
    "recall": 0.5625,
    "f1-score": 0.6101694915254238,
    "support": 32.0
  },
  "6": {
    "precision": 0.9032258064516129,
    "recall": 0.875,
    "f1-score": 0.8888888888888888,
    "support": 32.0
  },
  "7": {
    "precision": 1.0,
    "recall": 0.875,
    "f1-score": 0.9333333333333333,
    "support": 32.0
  },
  "8": {
    "precision": 0.7804878048780488,
    "recall": 1.0,
    "f1-score": 0.8767123287671232,
    "support": 32.0
  },
  "9": {
    "precision": 1.0,
    "recall": 0.90625,
    "f1-score": 0.9508196721311475,
    "support": 32.0
  },
  "10": {
    "precision": 1.0,
    "recall": 0.84375,
    "f1-score": 0.9152542372881356,
    "support": 32.0
  },
  "11": {
    "precision": 0.9375,
    "recall": 0.9375,
    "f1-score": 0.9375,
    "support": 32.0
  },
  "12": {
    "precision": 0.6153846153846154,
    "recall": 0.75,
    "f1-score": 0.676056338028169,
    "support": 32.0
  },
  "13": {
    "precision": 1.0,
    "recall": 1.0,
    "f1-score": 1.0,
    "support": 32.0
  },
  "14": {
    "precision": 0.875,
    "recall": 0.875,
    "f1-score": 0.875,
    "support": 32.0
  },
  "15": {
    "precision": 0.7435897435897436,
    "recall": 0.90625,
    "f1-score": 0.8169014084507042,
    "support": 32.0
  },
  "16": {
    "precision": 0.967741935483871,
    "recall": 0.9375,
    "f1-score": 0.9523809523809523,
    "support": 32.0
  },
  "17": {
    "precision": 0.6829268292682927,
    "recall": 0.875,
    "f1-score": 0.7671232876712328,
    "support": 32.0
  },
  "18": {
    "precision": 0.8205128205128205,
    "recall": 1.0,
    "f1-score": 0.9014084507042254,
    "support": 32.0
  },
  "19": {
    "precision": 1.0,
    "recall": 0.875,
    "f1-score": 0.9333333333333333,
    "support": 32.0
  },
  "20": {
    "precision": 1.0,
    "recall": 1.0,
    "f1-score": 1.0,
    "support": 32.0
  },
  "21": {
    "precision": 0.7804878048780488,
    "recall": 1.0,
    "f1-score": 0.8767123287671232,
    "support": 32.0
  },
  "22": {
    "precision": 0.7105263157894737,
    "recall": 0.84375,
    "f1-score": 0.7714285714285715,
    "support": 32.0
  },
  "23": {
    "precision": 0.8648648648648649,
    "recall": 1.0,
    "f1-score": 0.927536231884058,
    "support": 32.0
  },
  "24": {
    "precision": 0.7804878048780488,
    "recall": 1.0,
    "f1-score": 0.8767123287671232,
    "support": 32.0
  },
  "25": {
    "precision": 0.9411764705882353,
    "recall": 1.0,
    "f1-score": 0.9696969696969697,
    "support": 32.0
  },
  "26": {
    "precision": 0.8571428571428571,
    "recall": 0.75,
    "f1-score": 0.8,
    "support": 32.0
  },
  "27": {
    "precision": 1.0,
    "recall": 0.65625,
    "f1-score": 0.7924528301886793,
    "support": 32.0
  },
  "28": {
    "precision": 0.7741935483870968,
    "recall": 0.75,
    "f1-score": 0.7619047619047619,
    "support": 32.0
  },
  "29": {
    "precision": 0.8620689655172413,
    "recall": 0.78125,
    "f1-score": 0.819672131147541,
    "support": 32.0
  },
  "30": {
    "precision": 1.0,
    "recall": 0.90625,
    "f1-score": 0.9508196721311475,
    "support": 32.0
  },
  "31": {
    "precision": 0.8333333333333334,
    "recall": 0.9375,
    "f1-score": 0.8823529411764706,
    "support": 32.0
  },
  "32": {
    "precision": 0.75,
    "recall": 0.75,
    "f1-score": 0.75,
    "support": 32.0
  },
  "33": {
    "precision": 0.9032258064516129,
    "recall": 0.875,
    "f1-score": 0.8888888888888888,
    "support": 32.0
  },
  "34": {
    "precision": 0.7209302325581395,
    "recall": 0.96875,
    "f1-score": 0.8266666666666667,
    "support": 32.0
  },
  "35": {
    "precision": 0.8,
    "recall": 1.0,
    "f1-score": 0.8888888888888888,
    "support": 32.0
  },
  "36": {
    "precision": 0.7333333333333333,
    "recall": 0.6875,
    "f1-score": 0.7096774193548387,
    "support": 32.0
  },
  "37": {
    "precision": 0.8888888888888888,
    "recall": 1.0,
    "f1-score": 0.9411764705882353,
    "support": 32.0
  },
  "38": {
    "precision": 0.9117647058823529,
    "recall": 0.96875,
    "f1-score": 0.9393939393939394,
    "support": 32.0
  },
  "39": {
    "precision": 1.0,
    "recall": 1.0,
    "f1-score": 1.0,
    "support": 32.0
  },
  "40": {
    "precision": 1.0,
    "recall": 0.78125,
    "f1-score": 0.8771929824561403,
    "support": 32.0
  },
  "41": {
    "precision": 0.9285714285714286,
    "recall": 0.8125,
    "f1-score": 0.8666666666666667,
    "support": 32.0
  },
  "42": {
    "precision": 1.0,
    "recall": 0.875,
    "f1-score": 0.9333333333333333,
    "support": 32.0
  },
  "43": {
    "precision": 1.0,
    "recall": 0.84375,
    "f1-score": 0.9152542372881356,
    "support": 32.0
  },
  "44": {
    "precision": 0.9142857142857143,
    "recall": 1.0,
    "f1-score": 0.9552238805970149,
    "support": 32.0
  },
  "45": {
    "precision": 0.85,
    "recall": 0.53125,
    "f1-score": 0.6538461538461539,
    "support": 32.0
  },
  "46": {
    "precision": 0.6304347826086957,
    "recall": 0.90625,
    "f1-score": 0.7435897435897436,
    "support": 32.0
  },
  "47": {
    "precision": 0.6190476190476191,
    "recall": 0.40625,
    "f1-score": 0.49056603773584906,
    "support": 32.0
  },
  "48": {
    "precision": 0.96,
    "recall": 0.75,
    "f1-score": 0.8421052631578947,
    "support": 32.0
  },
  "49": {
    "precision": 0.9032258064516129,
    "recall": 0.875,
    "f1-score": 0.8888888888888888,
    "support": 32.0
  },
  "accuracy": 0.85875,
  "macro avg": {
    "precision": 0.8697206930334032,
    "recall": 0.85875,
    "f1-score": 0.8571613855486834,
    "support": 1600.0
  },
  "weighted avg": {
    "precision": 0.8697206930334032,
    "recall": 0.85875,
    "f1-score": 0.8571613855486834,
    "support": 1600.0
  }
}