{
  "0": {
    "precision": 0.968944099378882,
    "recall": 0.9416498993963782,
    "f1-score": 0.9551020408163265,
    "support": 497.0
  },
  "1": {
    "precision": 0.8040540540540541,
    "recall": 0.8880597014925373,
    "f1-score": 0.8439716312056738,
    "support": 134.0
  },
  "accuracy": 0.93026941362916,
  "macro avg": {
    "precision": 0.886499076716468,
    "recall": 0.9148548004444578,
    "f1-score": 0.8995368360110001,
    "support": 631.0
  },
  "weighted avg": {
    "precision": 0.9339278298487284,
    "recall": 0.93026941362916,
    "f1-score": 0.9315022390923527,
    "support": 631.0
  }
}