{
  "0": {
    "precision": 1.0,
    "recall": 1.0,
    "f1-score": 1.0,
    "support": 156.0
  },
  "1": {
    "precision": 0.9896907216494846,
    "recall": 1.0,
    "f1-score": 0.9948186528497409,
    "support": 96.0
  },
  "2": {
    "precision": 1.0,
    "recall": 0.9629629629629629,
    "f1-score": 0.9811320754716981,
    "support": 54.0
  },
  "3": {
    "precision": 0.9767441860465116,
    "recall": 1.0,
    "f1-score": 0.9882352941176471,
    "support": 84.0
  },
  "4": {
    "precision": 1.0,
    "recall": 1.0,
    "f1-score": 1.0,
    "support": 84.0
  },
  "5": {
    "precision": 1.0,
    "recall": 1.0,
    "f1-score": 1.0,
    "support": 96.0
  },
  "6": {
    "precision": 1.0,
    "recall": 0.9861111111111112,
    "f1-score": 0.993006993006993,
    "support": 72.0
  },
  "accuracy": 0.9953271028037384,
  "macro avg": {
    "precision": 0.9952049868137137,
    "recall": 0.9927248677248678,
    "f1-score": 0.993884716492297,
    "support": 642.0
  },
  "weighted avg": {
    "precision": 0.9954156088882515,
    "recall": 0.9953271028037384,
    "f1-score": 0.9953146276502066,
    "support": 642.0
  }
}