{
  "0": {
    "precision": 1.0,
    "recall": 1.0,
    "f1-score": 1.0,
    "support": 150.0
  },
  "1": {
    "precision": 0.9456521739130435,
    "recall": 0.90625,
    "f1-score": 0.925531914893617,
    "support": 96.0
  },
  "2": {
    "precision": 1.0,
    "recall": 0.8666666666666667,
    "f1-score": 0.9285714285714286,
    "support": 60.0
  },
  "3": {
    "precision": 0.9759036144578314,
    "recall": 0.9642857142857143,
    "f1-score": 0.9700598802395209,
    "support": 84.0
  },
  "4": {
    "precision": 0.9390243902439024,
    "recall": 0.9166666666666666,
    "f1-score": 0.927710843373494,
    "support": 84.0
  },
  "5": {
    "precision": 1.0,
    "recall": 1.0,
    "f1-score": 1.0,
    "support": 96.0
  },
  "6": {
    "precision": 0.8275862068965517,
    "recall": 1.0,
    "f1-score": 0.9056603773584906,
    "support": 72.0
  },
  "accuracy": 0.9579439252336449,
  "macro avg": {
    "precision": 0.9554523407873327,
    "recall": 0.9505527210884354,
    "f1-score": 0.9510763492052215,
    "support": 642.0
  },
  "weighted avg": {
    "precision": 0.9614061806653419,
    "recall": 0.9579439252336449,
    "f1-score": 0.9582330802139836,
    "support": 642.0
  }
}