{
  "0": {
    "precision": 0.5364238410596026,
    "recall": 0.5436241610738255,
    "f1-score": 0.54,
    "support": 149.0
  },
  "1": {
    "precision": 0.7453183520599251,
    "recall": 0.7397769516728625,
    "f1-score": 0.7425373134328358,
    "support": 269.0
  },
  "accuracy": 0.6698564593301436,
  "macro avg": {
    "precision": 0.6408710965597639,
    "recall": 0.641700556373344,
    "f1-score": 0.6412686567164179,
    "support": 418.0
  },
  "weighted avg": {
    "precision": 0.6708559545980877,
    "recall": 0.6698564593301436,
    "f1-score": 0.6703409983574947,
    "support": 418.0
  }
}