{
  "best_val_acc": 0.6698564593301436,
  "final_macro_f1": 0.5807173424024976,
  "final_auc": 0.6084054789052169,
  "config": {
    "dataset": "pitt",
    "model_type": "mobilenetv2",
    "epochs": 30,
    "batch_size": 32,
    "lr": 0.0001,
    "seed": 42,
    "run_name": "",
    "train_csv": null,
    "val_csv": null
  }
}