{
  "0": {
    "precision": 1.0,
    "recall": 0.9933333333333333,
    "f1-score": 0.9966555183946488,
    "support": 150.0
  },
  "1": {
    "precision": 0.9320388349514563,
    "recall": 1.0,
    "f1-score": 0.964824120603015,
    "support": 96.0
  },
  "2": {
    "precision": 0.7666666666666667,
    "recall": 0.8518518518518519,
    "f1-score": 0.8070175438596491,
    "support": 54.0
  },
  "3": {
    "precision": 0.9655172413793104,
    "recall": 1.0,
    "f1-score": 0.9824561403508771,
    "support": 84.0
  },
  "4": {
    "precision": 0.9041095890410958,
    "recall": 0.7857142857142857,
    "f1-score": 0.8407643312101911,
    "support": 84.0
  },
  "5": {
    "precision": 0.9896907216494846,
    "recall": 1.0,
    "f1-score": 0.9948186528497409,
    "support": 96.0
  },
  "6": {
    "precision": 1.0,
    "recall": 0.9358974358974359,
    "f1-score": 0.9668874172185431,
    "support": 78.0
  },
  "accuracy": 0.9501557632398754,
  "macro avg": {
    "precision": 0.9368604362411448,
    "recall": 0.9381138438281296,
    "f1-score": 0.9362033892123807,
    "support": 642.0
  },
  "weighted avg": {
    "precision": 0.9516116685186986,
    "recall": 0.9501557632398754,
    "f1-score": 0.9497986285564783,
    "support": 642.0
  }
}