{
  "0": {
    "precision": 0.5849056603773585,
    "recall": 0.96875,
    "f1-score": 0.7294117647058823,
    "support": 32.0
  },
  "1": {
    "precision": 0.7647058823529411,
    "recall": 0.8125,
    "f1-score": 0.7878787878787878,
    "support": 32.0
  },
  "2": {
    "precision": 0.8888888888888888,
    "recall": 1.0,
    "f1-score": 0.9411764705882353,
    "support": 32.0
  },
  "3": {
    "precision": 0.8666666666666667,
    "recall": 0.8125,
    "f1-score": 0.8387096774193549,
    "support": 32.0
  },
  "4": {
    "precision": 0.9696969696969697,
    "recall": 1.0,
    "f1-score": 0.9846153846153847,
    "support": 32.0
  },
  "5": {
    "precision": 0.9,
    "recall": 0.84375,
    "f1-score": 0.8709677419354839,
    "support": 32.0
  },
  "6": {
    "precision": 1.0,
    "recall": 0.90625,
    "f1-score": 0.9508196721311475,
    "support": 32.0
  },
  "7": {
    "precision": 0.967741935483871,
    "recall": 0.9375,
    "f1-score": 0.9523809523809523,
    "support": 32.0
  },
  "8": {
    "precision": 1.0,
    "recall": 1.0,
    "f1-score": 1.0,
    "support": 32.0
  },
  "9": {
    "precision": 0.8421052631578947,
    "recall": 1.0,
    "f1-score": 0.9142857142857143,
    "support": 32.0
  },
  "10": {
    "precision": 0.9142857142857143,
    "recall": 1.0,
    "f1-score": 0.9552238805970149,
    "support": 32.0
  },
  "11": {
    "precision": 0.9354838709677419,
    "recall": 0.90625,
    "f1-score": 0.9206349206349206,
    "support": 32.0
  },
  "12": {
    "precision": 0.9047619047619048,
    "recall": 0.59375,
    "f1-score": 0.7169811320754716,
    "support": 32.0
  },
  "13": {
    "precision": 1.0,
    "recall": 1.0,
    "f1-score": 1.0,
    "support": 32.0
  },
  "14": {
    "precision": 0.8125,
    "recall": 0.8125,
    "f1-score": 0.8125,
    "support": 32.0
  },
  "15": {
    "precision": 1.0,
    "recall": 0.90625,
    "f1-score": 0.9508196721311475,
    "support": 32.0
  },
  "16": {
    "precision": 1.0,
    "recall": 0.875,
    "f1-score": 0.9333333333333333,
    "support": 32.0
  },
  "17": {
    "precision": 1.0,
    "recall": 0.84375,
    "f1-score": 0.9152542372881356,
    "support": 32.0
  },
  "18": {
    "precision": 0.7894736842105263,
    "recall": 0.9375,
    "f1-score": 0.8571428571428571,
    "support": 32.0
  },
  "19": {
    "precision": 0.9411764705882353,
    "recall": 1.0,
    "f1-score": 0.9696969696969697,
    "support": 32.0
  },
  "20": {
    "precision": 0.8823529411764706,
    "recall": 0.9375,
    "f1-score": 0.9090909090909091,
    "support": 32.0
  },
  "21": {
    "precision": 0.5555555555555556,
    "recall": 0.78125,
    "f1-score": 0.6493506493506493,
    "support": 32.0
  },
  "22": {
    "precision": 0.9310344827586207,
    "recall": 0.84375,
    "f1-score": 0.8852459016393442,
    "support": 32.0
  },
  "23": {
    "precision": 1.0,
    "recall": 0.90625,
    "f1-score": 0.9508196721311475,
    "support": 32.0
  },
  "24": {
    "precision": 0.7586206896551724,
    "recall": 0.6875,
    "f1-score": 0.7213114754098361,
    "support": 32.0
  },
  "25": {
    "precision": 1.0,
    "recall": 1.0,
    "f1-score": 1.0,
    "support": 32.0
  },
  "26": {
    "precision": 0.9696969696969697,
    "recall": 1.0,
    "f1-score": 0.9846153846153847,
    "support": 32.0
  },
  "27": {
    "precision": 0.9696969696969697,
    "recall": 1.0,
    "f1-score": 0.9846153846153847,
    "support": 32.0
  },
  "28": {
    "precision": 0.9473684210526315,
    "recall": 0.5625,
    "f1-score": 0.7058823529411765,
    "support": 32.0
  },
  "29": {
    "precision": 0.9411764705882353,
    "recall": 1.0,
    "f1-score": 0.9696969696969697,
    "support": 32.0
  },
  "30": {
    "precision": 0.9117647058823529,
    "recall": 0.96875,
    "f1-score": 0.9393939393939394,
    "support": 32.0
  },
  "31": {
    "precision": 0.7567567567567568,
    "recall": 0.875,
    "f1-score": 0.8115942028985508,
    "support": 32.0
  },
  "32": {
    "precision": 0.9259259259259259,
    "recall": 0.78125,
    "f1-score": 0.847457627118644,
    "support": 32.0
  },
  "33": {
    "precision": 0.8095238095238095,
    "recall": 0.53125,
    "f1-score": 0.6415094339622641,
    "support": 32.0
  },
  "34": {
    "precision": 0.7894736842105263,
    "recall": 0.9375,
    "f1-score": 0.8571428571428571,
    "support": 32.0
  },
  "35": {
    "precision": 0.9696969696969697,
    "recall": 1.0,
    "f1-score": 0.9846153846153847,
    "support": 32.0
  },
  "36": {
    "precision": 1.0,
    "recall": 0.875,
    "f1-score": 0.9333333333333333,
    "support": 32.0
  },
  "37": {
    "precision": 0.8888888888888888,
    "recall": 1.0,
    "f1-score": 0.9411764705882353,
    "support": 32.0
  },
  "38": {
    "precision": 0.75,
    "recall": 0.84375,
    "f1-score": 0.7941176470588235,
    "support": 32.0
  },
  "39": {
    "precision": 1.0,
    "recall": 1.0,
    "f1-score": 1.0,
    "support": 32.0
  },
  "40": {
    "precision": 1.0,
    "recall": 1.0,
    "f1-score": 1.0,
    "support": 32.0
  },
  "41": {
    "precision": 0.9354838709677419,
    "recall": 0.90625,
    "f1-score": 0.9206349206349206,
    "support": 32.0
  },
  "42": {
    "precision": 0.9090909090909091,
    "recall": 0.9375,
    "f1-score": 0.9230769230769231,
    "support": 32.0
  },
  "43": {
    "precision": 0.8529411764705882,
    "recall": 0.90625,
    "f1-score": 0.8787878787878788,
    "support": 32.0
  },
  "44": {
    "precision": 1.0,
    "recall": 0.96875,
    "f1-score": 0.9841269841269841,
    "support": 32.0
  },
  "45": {
    "precision": 0.9310344827586207,
    "recall": 0.84375,
    "f1-score": 0.8852459016393442,
    "support": 32.0
  },
  "46": {
    "precision": 0.8214285714285714,
    "recall": 0.71875,
    "f1-score": 0.7666666666666667,
    "support": 32.0
  },
  "47": {
    "precision": 0.6923076923076923,
    "recall": 0.84375,
    "f1-score": 0.7605633802816901,
    "support": 32.0
  },
  "48": {
    "precision": 1.0,
    "recall": 0.75,
    "f1-score": 0.8571428571428571,
    "support": 32.0
  },
  "49": {
    "precision": 0.9629629629629629,
    "recall": 0.8125,
    "f1-score": 0.8813559322033898,
    "support": 32.0
  },
  "accuracy": 0.8875,
  "macro avg": {
    "precision": 0.898903516369833,
    "recall": 0.8875,
    "f1-score": 0.8874080841800857,
    "support": 1600.0
  },
  "weighted avg": {
    "precision": 0.898903516369833,
    "recall": 0.8875,
    "f1-score": 0.8874080841800857,
    "support": 1600.0
  }
}