{
  "0": {
    "precision": 0.6118012422360248,
    "recall": 0.5596590909090909,
    "f1-score": 0.5845697329376854,
    "support": 352.0
  },
  "1": {
    "precision": 0.6673819742489271,
    "recall": 0.713302752293578,
    "f1-score": 0.6895787139689579,
    "support": 436.0
  },
  "accuracy": 0.6446700507614214,
  "macro avg": {
    "precision": 0.639591608242476,
    "recall": 0.6364809216013345,
    "f1-score": 0.6370742234533217,
    "support": 788.0
  },
  "weighted avg": {
    "precision": 0.6425540330451941,
    "recall": 0.6446700507614214,
    "f1-score": 0.6426711488382372,
    "support": 788.0
  }
}