{
  "0": {
    "precision": 0.7407407407407407,
    "recall": 0.6666666666666666,
    "f1-score": 0.7017543859649122,
    "support": 60.0
  },
  "1": {
    "precision": 0.696969696969697,
    "recall": 0.7666666666666667,
    "f1-score": 0.7301587301587301,
    "support": 60.0
  },
  "accuracy": 0.7166666666666667,
  "macro avg": {
    "precision": 0.7188552188552189,
    "recall": 0.7166666666666667,
    "f1-score": 0.7159565580618212,
    "support": 120.0
  },
  "weighted avg": {
    "precision": 0.718855218855219,
    "recall": 0.7166666666666667,
    "f1-score": 0.7159565580618211,
    "support": 120.0
  }
}