{
  "train_loss": [
    1.7305461361400807,
    1.0999432033467516,
    0.39755401270597523,
    0.15526585499074227,
    0.10359009032680239,
    0.061851763558164935,
    0.06742393074562988,
    0.060150420972119985,
    0.0605413720267027,
    0.026141359525909676,
    0.0720580558864127,
    0.03212680942683577,
    0.014679303572649524,
    0.006827776794643881,
    0.023432149258775875,
    0.04035661587741145,
    0.029047310056391162,
    0.018749389923656375,
    0.011284146974344862,
    0.07113139212967079,
    0.041563625746287663,
    0.014951874911088809,
    0.02901504810237996,
    0.01113135768738909,
    0.019211928856289275,
    0.01646198630238654,
    0.010160325145830524,
    0.004961658335171895,
    0.003840330678453187,
    0.02329499824146662
  ],
  "val_loss": [
    1.7566729995691888,
    0.7870195714112754,
    0.670178458141018,
    0.5833103329964516,
    0.45595928973219474,
    0.5123991721144346,
    0.5253523528761581,
    0.5838394454706495,
    0.5327751450356665,
    0.46748578037799704,
    0.5885155910272093,
    0.43964173173607324,
    0.415735581582209,
    0.4976657335631944,
    0.6143950413320666,
    0.6036797253142264,
    0.5563389172783336,
    0.4452074392933712,
    0.43487714138752387,
    0.432476059820886,
    0.5409138125608272,
    0.4409329053768859,
    0.4993863408439256,
    0.5080831511369747,
    0.4234663203497913,
    0.48352670395671393,
    0.4570801574678807,
    0.4207175302165459,
    0.49044642964163304,
    0.4877356071709844
  ],
  "train_acc": [
    0.3142523364485981,
    0.6020249221183801,
    0.8714953271028038,
    0.9528816199376947,
    0.9680685358255452,
    0.9813084112149533,
    0.9793613707165109,
    0.9824766355140186,
    0.9824766355140186,
    0.9929906542056075,
    0.9770249221183801,
    0.9914330218068536,
    0.9957165109034268,
    0.9992211838006231,
    0.9929906542056075,
    0.9894859813084113,
    0.9914330218068536,
    0.9937694704049844,
    0.9968847352024922,
    0.977803738317757,
    0.9879283489096573,
    0.9941588785046729,
    0.9910436137071651,
    0.9976635514018691,
    0.9937694704049844,
    0.9949376947040498,
    0.9980529595015576,
    0.9988317757009346,
    0.9992211838006231,
    0.991822429906542
  ],
  "val_acc": [
    0.32710280373831774,
    0.7367601246105919,
    0.7601246105919003,
    0.8115264797507789,
    0.838006230529595,
    0.8364485981308412,
    0.838006230529595,
    0.8302180685358256,
    0.8411214953271028,
    0.8426791277258567,
    0.8317757009345794,
    0.8878504672897196,
    0.8769470404984424,
    0.8520249221183801,
    0.8271028037383178,
    0.8364485981308412,
    0.8582554517133957,
    0.883177570093458,
    0.8753894080996885,
    0.867601246105919,
    0.8457943925233645,
    0.8785046728971962,
    0.8566978193146417,
    0.8691588785046729,
    0.8613707165109035,
    0.8489096573208723,
    0.8707165109034268,
    0.8800623052959502,
    0.8629283489096573,
    0.8691588785046729
  ]
}