{
  "final_val_acc": 0.8691588785046729,
  "top3_acc": 0.9719626168224299,
  "auc_macro": 0.981197048476827,
  "macro_f1": 0.8385163936826627,
  "macro_precision": 0.8629418052926727,
  "macro_recall": 0.8345379818594105,
  "weighted_f1": 0.863605179023536,
  "per_class_metrics": {
    "0": {
      "precision": 0.9512195121951219,
      "recall": 1.0,
      "f1-score": 0.975,
      "support": 156
    },
    "1": {
      "precision": 0.9195402298850575,
      "recall": 0.8333333333333334,
      "f1-score": 0.8743169398907104,
      "support": 96
    },
    "2": {
      "precision": 0.9,
      "recall": 0.5,
      "f1-score": 0.6428571428571429,
      "support": 54
    },
    "3": {
      "precision": 0.7848101265822784,
      "recall": 0.7380952380952381,
      "f1-score": 0.7607361963190185,
      "support": 84
    },
    "4": {
      "precision": 0.8470588235294118,
      "recall": 0.8571428571428571,
      "f1-score": 0.8520710059171598,
      "support": 84
    },
    "5": {
      "precision": 0.808695652173913,
      "recall": 0.96875,
      "f1-score": 0.8815165876777251,
      "support": 96
    },
    "6": {
      "precision": 0.8292682926829268,
      "recall": 0.9444444444444444,
      "f1-score": 0.8831168831168831,
      "support": 72
    },
    "macro avg": {
      "precision": 0.8629418052926727,
      "recall": 0.8345379818594105,
      "f1-score": 0.8385163936826627,
      "support": 642
    },
    "weighted avg": {
      "precision": 0.871783796670799,
      "recall": 0.8691588785046729,
      "f1-score": 0.863605179023536,
      "support": 642
    }
  }
}