{
  "0": {
    "precision": 0.6206896551724138,
    "recall": 0.5625,
    "f1-score": 0.5901639344262295,
    "support": 32.0
  },
  "1": {
    "precision": 0.2,
    "recall": 0.0625,
    "f1-score": 0.09523809523809523,
    "support": 32.0
  },
  "2": {
    "precision": 0.5714285714285714,
    "recall": 0.625,
    "f1-score": 0.5970149253731343,
    "support": 32.0
  },
  "3": {
    "precision": 0.5777777777777777,
    "recall": 0.8125,
    "f1-score": 0.6753246753246753,
    "support": 32.0
  },
  "4": {
    "precision": 0.7741935483870968,
    "recall": 0.75,
    "f1-score": 0.7619047619047619,
    "support": 32.0
  },
  "5": {
    "precision": 0.7666666666666667,
    "recall": 0.71875,
    "f1-score": 0.7419354838709677,
    "support": 32.0
  },
  "6": {
    "precision": 0.9117647058823529,
    "recall": 0.96875,
    "f1-score": 0.9393939393939394,
    "support": 32.0
  },
  "7": {
    "precision": 0.7222222222222222,
    "recall": 0.8125,
    "f1-score": 0.7647058823529411,
    "support": 32.0
  },
  "8": {
    "precision": 0.8666666666666667,
    "recall": 0.8125,
    "f1-score": 0.8387096774193549,
    "support": 32.0
  },
  "9": {
    "precision": 0.8461538461538461,
    "recall": 0.6875,
    "f1-score": 0.7586206896551724,
    "support": 32.0
  },
  "10": {
    "precision": 0.64,
    "recall": 1.0,
    "f1-score": 0.7804878048780488,
    "support": 32.0
  },
  "11": {
    "precision": 0.6410256410256411,
    "recall": 0.78125,
    "f1-score": 0.704225352112676,
    "support": 32.0
  },
  "12": {
    "precision": 0.5333333333333333,
    "recall": 0.75,
    "f1-score": 0.6233766233766234,
    "support": 32.0
  },
  "13": {
    "precision": 0.7,
    "recall": 0.65625,
    "f1-score": 0.6774193548387096,
    "support": 32.0
  },
  "14": {
    "precision": 0.6470588235294118,
    "recall": 0.34375,
    "f1-score": 0.4489795918367347,
    "support": 32.0
  },
  "15": {
    "precision": 1.0,
    "recall": 0.34375,
    "f1-score": 0.5116279069767442,
    "support": 32.0
  },
  "16": {
    "precision": 0.4857142857142857,
    "recall": 0.53125,
    "f1-score": 0.5074626865671642,
    "support": 32.0
  },
  "17": {
    "precision": 0.8611111111111112,
    "recall": 0.96875,
    "f1-score": 0.9117647058823529,
    "support": 32.0
  },
  "18": {
    "precision": 0.5,
    "recall": 0.34375,
    "f1-score": 0.4074074074074074,
    "support": 32.0
  },
  "19": {
    "precision": 0.6,
    "recall": 0.1875,
    "f1-score": 0.2857142857142857,
    "support": 32.0
  },
  "20": {
    "precision": 0.65,
    "recall": 0.8125,
    "f1-score": 0.7222222222222222,
    "support": 32.0
  },
  "21": {
    "precision": 0.0,
    "recall": 0.0,
    "f1-score": 0.0,
    "support": 32.0
  },
  "22": {
    "precision": 0.3235294117647059,
    "recall": 0.34375,
    "f1-score": 0.3333333333333333,
    "support": 32.0
  },
  "23": {
    "precision": 0.4339622641509434,
    "recall": 0.71875,
    "f1-score": 0.5411764705882353,
    "support": 32.0
  },
  "24": {
    "precision": 0.6666666666666666,
    "recall": 0.75,
    "f1-score": 0.7058823529411765,
    "support": 32.0
  },
  "25": {
    "precision": 0.875,
    "recall": 0.4375,
    "f1-score": 0.5833333333333334,
    "support": 32.0
  },
  "26": {
    "precision": 0.5483870967741935,
    "recall": 0.53125,
    "f1-score": 0.5396825396825397,
    "support": 32.0
  },
  "27": {
    "precision": 0.5416666666666666,
    "recall": 0.8125,
    "f1-score": 0.65,
    "support": 32.0
  },
  "28": {
    "precision": 0.2857142857142857,
    "recall": 0.125,
    "f1-score": 0.17391304347826086,
    "support": 32.0
  },
  "29": {
    "precision": 0.42857142857142855,
    "recall": 0.28125,
    "f1-score": 0.33962264150943394,
    "support": 32.0
  },
  "30": {
    "precision": 0.85,
    "recall": 0.53125,
    "f1-score": 0.6538461538461539,
    "support": 32.0
  },
  "31": {
    "precision": 0.54,
    "recall": 0.84375,
    "f1-score": 0.6585365853658537,
    "support": 32.0
  },
  "32": {
    "precision": 0.7142857142857143,
    "recall": 0.3125,
    "f1-score": 0.43478260869565216,
    "support": 32.0
  },
  "33": {
    "precision": 0.4117647058823529,
    "recall": 0.21875,
    "f1-score": 0.2857142857142857,
    "support": 32.0
  },
  "34": {
    "precision": 0.8076923076923077,
    "recall": 0.65625,
    "f1-score": 0.7241379310344828,
    "support": 32.0
  },
  "35": {
    "precision": 0.6829268292682927,
    "recall": 0.875,
    "f1-score": 0.7671232876712328,
    "support": 32.0
  },
  "36": {
    "precision": 0.782608695652174,
    "recall": 0.5625,
    "f1-score": 0.6545454545454545,
    "support": 32.0
  },
  "37": {
    "precision": 0.47619047619047616,
    "recall": 0.9375,
    "f1-score": 0.631578947368421,
    "support": 32.0
  },
  "38": {
    "precision": 0.6530612244897959,
    "recall": 1.0,
    "f1-score": 0.7901234567901234,
    "support": 32.0
  },
  "39": {
    "precision": 0.8064516129032258,
    "recall": 0.78125,
    "f1-score": 0.7936507936507936,
    "support": 32.0
  },
  "40": {
    "precision": 0.9333333333333333,
    "recall": 0.875,
    "f1-score": 0.9032258064516129,
    "support": 32.0
  },
  "41": {
    "precision": 0.47368421052631576,
    "recall": 0.84375,
    "f1-score": 0.6067415730337079,
    "support": 32.0
  },
  "42": {
    "precision": 0.5555555555555556,
    "recall": 0.78125,
    "f1-score": 0.6493506493506493,
    "support": 32.0
  },
  "43": {
    "precision": 0.7209302325581395,
    "recall": 0.96875,
    "f1-score": 0.8266666666666667,
    "support": 32.0
  },
  "44": {
    "precision": 0.7333333333333333,
    "recall": 0.6875,
    "f1-score": 0.7096774193548387,
    "support": 32.0
  },
  "45": {
    "precision": 0.6,
    "recall": 0.46875,
    "f1-score": 0.5263157894736842,
    "support": 32.0
  },
  "46": {
    "precision": 0.5283018867924528,
    "recall": 0.875,
    "f1-score": 0.6588235294117647,
    "support": 32.0
  },
  "47": {
    "precision": 0.3684210526315789,
    "recall": 0.21875,
    "f1-score": 0.27450980392156865,
    "support": 32.0
  },
  "48": {
    "precision": 0.5789473684210527,
    "recall": 0.34375,
    "f1-score": 0.43137254901960786,
    "support": 32.0
  },
  "49": {
    "precision": 0.32653061224489793,
    "recall": 0.5,
    "f1-score": 0.3950617283950617,
    "support": 32.0
  },
  "accuracy": 0.61625,
  "macro avg": {
    "precision": 0.6152664765428257,
    "recall": 0.61625,
    "f1-score": 0.5917285748280033,
    "support": 1600.0
  },
  "weighted avg": {
    "precision": 0.6152664765428257,
    "recall": 0.61625,
    "f1-score": 0.5917285748280033,
    "support": 1600.0
  }
}