Dataset,Model,Seed,Val_Accuracy,Macro_F1,AUC,Run
ITALIAN_PD,ResNet50,123,99.32432432432432,0.0,0.9975618904726182,anchor_pd_s123
ITALIAN_PD,ResNet50,42,97.2972972972973,0.0,0.9876219054763691,anchor_pd_s42
ITALIAN_PD,ResNet50,999,95.94594594594594,0.9374030734526999,0.9908102025506377,anchor_pd_s999
PHYSIONET,ResNet50,123,93.18541996830429,0.8822057945041816,0.9536022102765849,anchor_phys_s123
PHYSIONET,ResNet50,42,93.6608557844691,0.8906947112330961,0.9494729571458602,anchor_phys_s42
