{
  "0": {
    "precision": 1.0,
    "recall": 1.0,
    "f1-score": 1.0,
    "support": 150.0
  },
  "1": {
    "precision": 1.0,
    "recall": 1.0,
    "f1-score": 1.0,
    "support": 96.0
  },
  "2": {
    "precision": 0.9833333333333333,
    "recall": 0.9833333333333333,
    "f1-score": 0.9833333333333333,
    "support": 60.0
  },
  "3": {
    "precision": 1.0,
    "recall": 0.9761904761904762,
    "f1-score": 0.9879518072289156,
    "support": 84.0
  },
  "4": {
    "precision": 0.9764705882352941,
    "recall": 0.9880952380952381,
    "f1-score": 0.9822485207100592,
    "support": 84.0
  },
  "5": {
    "precision": 1.0,
    "recall": 1.0,
    "f1-score": 1.0,
    "support": 96.0
  },
  "6": {
    "precision": 0.9863013698630136,
    "recall": 1.0,
    "f1-score": 0.993103448275862,
    "support": 72.0
  },
  "accuracy": 0.9937694704049844,
  "macro avg": {
    "precision": 0.9923007559188058,
    "recall": 0.9925170068027211,
    "f1-score": 0.9923767299354529,
    "support": 642.0
  },
  "weighted avg": {
    "precision": 0.9938274580091927,
    "recall": 0.9937694704049844,
    "f1-score": 0.9937699000354142,
    "support": 642.0
  }
}