{
  "0": {
    "precision": 0.9885057471264368,
    "recall": 1.0,
    "f1-score": 0.9942196531791907,
    "support": 86.0
  },
  "1": {
    "precision": 1.0,
    "recall": 0.9838709677419355,
    "f1-score": 0.991869918699187,
    "support": 62.0
  },
  "accuracy": 0.9932432432432432,
  "macro avg": {
    "precision": 0.9942528735632183,
    "recall": 0.9919354838709677,
    "f1-score": 0.9930447859391889,
    "support": 148.0
  },
  "weighted avg": {
    "precision": 0.9933209071140104,
    "recall": 0.9932432432432432,
    "f1-score": 0.9932353049510811,
    "support": 148.0
  }
}