{
  "best_val_acc": 0.9932432432432432,
  "final_macro_f1": 0.9930447859391889,
  "final_auc": 0.9934358589647412,
  "config": {
    "dataset": "italian_pd",
    "model_type": "mobilenetv2",
    "epochs": 30,
    "batch_size": 32,
    "lr": 0.0001,
    "seed": 123,
    "run_name": "",
    "train_csv": null,
    "val_csv": null
  }
}