{
  "0": {
    "precision": 0.5289256198347108,
    "recall": 0.42953020134228187,
    "f1-score": 0.4740740740740741,
    "support": 149.0
  },
  "1": {
    "precision": 0.7138047138047138,
    "recall": 0.7881040892193308,
    "f1-score": 0.7491166077738516,
    "support": 269.0
  },
  "accuracy": 0.6602870813397129,
  "macro avg": {
    "precision": 0.6213651668197122,
    "recall": 0.6088171452808063,
    "f1-score": 0.6115953409239628,
    "support": 418.0
  },
  "weighted avg": {
    "precision": 0.6479028358106218,
    "recall": 0.6602870813397129,
    "f1-score": 0.6510751304502468,
    "support": 418.0
  }
}