{
  "0": {
    "precision": 0.46449704142011833,
    "recall": 0.5451388888888888,
    "f1-score": 0.5015974440894568,
    "support": 288.0
  },
  "1": {
    "precision": 0.7523629489603024,
    "recall": 0.687392055267703,
    "f1-score": 0.7184115523465704,
    "support": 579.0
  },
  "accuracy": 0.6401384083044983,
  "macro avg": {
    "precision": 0.6084299951902103,
    "recall": 0.6162654720782959,
    "f1-score": 0.6100044982180136,
    "support": 867.0
  },
  "weighted avg": {
    "precision": 0.6567396717151202,
    "recall": 0.6401384083044983,
    "f1-score": 0.6463902568701589,
    "support": 867.0
  }
}