{
  "0": {
    "precision": 0.9871794871794872,
    "recall": 0.9746835443037974,
    "f1-score": 0.9808917197452229,
    "support": 79.0
  },
  "1": {
    "precision": 0.9753086419753086,
    "recall": 0.9875,
    "f1-score": 0.9813664596273292,
    "support": 80.0
  },
  "accuracy": 0.9811320754716981,
  "macro avg": {
    "precision": 0.9812440645773979,
    "recall": 0.9810917721518988,
    "f1-score": 0.9811290896862761,
    "support": 159.0
  },
  "weighted avg": {
    "precision": 0.981206734875498,
    "recall": 0.9811320754716981,
    "f1-score": 0.981130582578987,
    "support": 159.0
  }
}