{
  "0": {
    "precision": 0.5454545454545454,
    "recall": 0.75,
    "f1-score": 0.631578947368421,
    "support": 8.0
  },
  "1": {
    "precision": 0.5,
    "recall": 0.25,
    "f1-score": 0.3333333333333333,
    "support": 8.0
  },
  "2": {
    "precision": 1.0,
    "recall": 0.75,
    "f1-score": 0.8571428571428571,
    "support": 8.0
  },
  "3": {
    "precision": 0.6153846153846154,
    "recall": 1.0,
    "f1-score": 0.7619047619047619,
    "support": 8.0
  },
  "4": {
    "precision": 0.7777777777777778,
    "recall": 0.875,
    "f1-score": 0.8235294117647058,
    "support": 8.0
  },
  "5": {
    "precision": 0.5833333333333334,
    "recall": 0.875,
    "f1-score": 0.7,
    "support": 8.0
  },
  "6": {
    "precision": 1.0,
    "recall": 1.0,
    "f1-score": 1.0,
    "support": 8.0
  },
  "7": {
    "precision": 1.0,
    "recall": 0.75,
    "f1-score": 0.8571428571428571,
    "support": 8.0
  },
  "8": {
    "precision": 0.8571428571428571,
    "recall": 0.75,
    "f1-score": 0.8,
    "support": 8.0
  },
  "9": {
    "precision": 0.8571428571428571,
    "recall": 0.75,
    "f1-score": 0.8,
    "support": 8.0
  },
  "10": {
    "precision": 0.8888888888888888,
    "recall": 1.0,
    "f1-score": 0.9411764705882353,
    "support": 8.0
  },
  "11": {
    "precision": 0.8571428571428571,
    "recall": 0.75,
    "f1-score": 0.8,
    "support": 8.0
  },
  "12": {
    "precision": 1.0,
    "recall": 0.875,
    "f1-score": 0.9333333333333333,
    "support": 8.0
  },
  "13": {
    "precision": 0.7142857142857143,
    "recall": 0.625,
    "f1-score": 0.6666666666666666,
    "support": 8.0
  },
  "14": {
    "precision": 0.7777777777777778,
    "recall": 0.875,
    "f1-score": 0.8235294117647058,
    "support": 8.0
  },
  "15": {
    "precision": 1.0,
    "recall": 1.0,
    "f1-score": 1.0,
    "support": 8.0
  },
  "16": {
    "precision": 0.8,
    "recall": 1.0,
    "f1-score": 0.8888888888888888,
    "support": 8.0
  },
  "17": {
    "precision": 1.0,
    "recall": 0.75,
    "f1-score": 0.8571428571428571,
    "support": 8.0
  },
  "18": {
    "precision": 0.6666666666666666,
    "recall": 0.5,
    "f1-score": 0.5714285714285714,
    "support": 8.0
  },
  "19": {
    "precision": 0.6,
    "recall": 0.375,
    "f1-score": 0.46153846153846156,
    "support": 8.0
  },
  "20": {
    "precision": 0.7272727272727273,
    "recall": 1.0,
    "f1-score": 0.8421052631578947,
    "support": 8.0
  },
  "21": {
    "precision": 0.2,
    "recall": 0.125,
    "f1-score": 0.15384615384615385,
    "support": 8.0
  },
  "22": {
    "precision": 0.6666666666666666,
    "recall": 0.75,
    "f1-score": 0.7058823529411765,
    "support": 8.0
  },
  "23": {
    "precision": 1.0,
    "recall": 0.875,
    "f1-score": 0.9333333333333333,
    "support": 8.0
  },
  "24": {
    "precision": 0.7,
    "recall": 0.875,
    "f1-score": 0.7777777777777778,
    "support": 8.0
  },
  "25": {
    "precision": 0.8,
    "recall": 0.5,
    "f1-score": 0.6153846153846154,
    "support": 8.0
  },
  "26": {
    "precision": 0.8,
    "recall": 1.0,
    "f1-score": 0.8888888888888888,
    "support": 8.0
  },
  "27": {
    "precision": 0.6666666666666666,
    "recall": 1.0,
    "f1-score": 0.8,
    "support": 8.0
  },
  "28": {
    "precision": 1.0,
    "recall": 0.25,
    "f1-score": 0.4,
    "support": 8.0
  },
  "29": {
    "precision": 0.5714285714285714,
    "recall": 0.5,
    "f1-score": 0.5333333333333333,
    "support": 8.0
  },
  "30": {
    "precision": 0.75,
    "recall": 0.75,
    "f1-score": 0.75,
    "support": 8.0
  },
  "31": {
    "precision": 0.6666666666666666,
    "recall": 0.75,
    "f1-score": 0.7058823529411765,
    "support": 8.0
  },
  "32": {
    "precision": 0.5,
    "recall": 0.5,
    "f1-score": 0.5,
    "support": 8.0
  },
  "33": {
    "precision": 0.6666666666666666,
    "recall": 0.25,
    "f1-score": 0.36363636363636365,
    "support": 8.0
  },
  "34": {
    "precision": 0.8333333333333334,
    "recall": 0.625,
    "f1-score": 0.7142857142857143,
    "support": 8.0
  },
  "35": {
    "precision": 0.8888888888888888,
    "recall": 1.0,
    "f1-score": 0.9411764705882353,
    "support": 8.0
  },
  "36": {
    "precision": 0.8333333333333334,
    "recall": 0.625,
    "f1-score": 0.7142857142857143,
    "support": 8.0
  },
  "37": {
    "precision": 0.5,
    "recall": 1.0,
    "f1-score": 0.6666666666666666,
    "support": 8.0
  },
  "38": {
    "precision": 0.8888888888888888,
    "recall": 1.0,
    "f1-score": 0.9411764705882353,
    "support": 8.0
  },
  "39": {
    "precision": 0.8,
    "recall": 0.5,
    "f1-score": 0.6153846153846154,
    "support": 8.0
  },
  "40": {
    "precision": 1.0,
    "recall": 1.0,
    "f1-score": 1.0,
    "support": 8.0
  },
  "41": {
    "precision": 0.6363636363636364,
    "recall": 0.875,
    "f1-score": 0.7368421052631579,
    "support": 8.0
  },
  "42": {
    "precision": 0.8571428571428571,
    "recall": 0.75,
    "f1-score": 0.8,
    "support": 8.0
  },
  "43": {
    "precision": 0.8,
    "recall": 1.0,
    "f1-score": 0.8888888888888888,
    "support": 8.0
  },
  "44": {
    "precision": 0.7,
    "recall": 0.875,
    "f1-score": 0.7777777777777778,
    "support": 8.0
  },
  "45": {
    "precision": 0.5,
    "recall": 0.5,
    "f1-score": 0.5,
    "support": 8.0
  },
  "46": {
    "precision": 0.6666666666666666,
    "recall": 0.75,
    "f1-score": 0.7058823529411765,
    "support": 8.0
  },
  "47": {
    "precision": 0.5555555555555556,
    "recall": 0.625,
    "f1-score": 0.5882352941176471,
    "support": 8.0
  },
  "48": {
    "precision": 0.8571428571428571,
    "recall": 0.75,
    "f1-score": 0.8,
    "support": 8.0
  },
  "49": {
    "precision": 0.8571428571428571,
    "recall": 0.75,
    "f1-score": 0.8,
    "support": 8.0
  },
  "accuracy": 0.745,
  "macro avg": {
    "precision": 0.7586164946164945,
    "recall": 0.745,
    "f1-score": 0.7333801867207438,
    "support": 400.0
  },
  "weighted avg": {
    "precision": 0.7586164946164945,
    "recall": 0.745,
    "f1-score": 0.7333801867207438,
    "support": 400.0
  }
}