{
  "0": {
    "precision": 0.4297082228116711,
    "recall": 0.5625,
    "f1-score": 0.48721804511278194,
    "support": 288.0
  },
  "1": {
    "precision": 0.7428571428571429,
    "recall": 0.6286701208981001,
    "f1-score": 0.6810102899906455,
    "support": 579.0
  },
  "accuracy": 0.6066897347174164,
  "macro avg": {
    "precision": 0.586282682834407,
    "recall": 0.59558506044905,
    "f1-score": 0.5841141675517137,
    "support": 867.0
  },
  "weighted avg": {
    "precision": 0.6388353562676437,
    "recall": 0.6066897347174164,
    "f1-score": 0.6166363954983448,
    "support": 867.0
  }
}