{
  "0": {
    "precision": 1.0,
    "recall": 1.0,
    "f1-score": 1.0,
    "support": 156.0
  },
  "1": {
    "precision": 0.9375,
    "recall": 0.9375,
    "f1-score": 0.9375,
    "support": 96.0
  },
  "2": {
    "precision": 0.8627450980392157,
    "recall": 0.8148148148148148,
    "f1-score": 0.8380952380952381,
    "support": 54.0
  },
  "3": {
    "precision": 0.9873417721518988,
    "recall": 0.9285714285714286,
    "f1-score": 0.9570552147239264,
    "support": 84.0
  },
  "4": {
    "precision": 0.89,
    "recall": 0.9888888888888889,
    "f1-score": 0.9368421052631579,
    "support": 90.0
  },
  "5": {
    "precision": 1.0,
    "recall": 1.0,
    "f1-score": 1.0,
    "support": 90.0
  },
  "6": {
    "precision": 0.9428571428571428,
    "recall": 0.9166666666666666,
    "f1-score": 0.9295774647887324,
    "support": 72.0
  },
  "accuracy": 0.9548286604361371,
  "macro avg": {
    "precision": 0.945777716149751,
    "recall": 0.9409202569916857,
    "f1-score": 0.9427242889815792,
    "support": 642.0
  },
  "weighted avg": {
    "precision": 0.9556240785678994,
    "recall": 0.9548286604361371,
    "f1-score": 0.9546653393028437,
    "support": 642.0
  }
}