{
  "0": {
    "precision": 0.8245614035087719,
    "recall": 0.7833333333333333,
    "f1-score": 0.8034188034188035,
    "support": 60.0
  },
  "1": {
    "precision": 0.7936507936507936,
    "recall": 0.8333333333333334,
    "f1-score": 0.8130081300813008,
    "support": 60.0
  },
  "accuracy": 0.8083333333333333,
  "macro avg": {
    "precision": 0.8091060985797828,
    "recall": 0.8083333333333333,
    "f1-score": 0.8082134667500521,
    "support": 120.0
  },
  "weighted avg": {
    "precision": 0.8091060985797827,
    "recall": 0.8083333333333333,
    "f1-score": 0.8082134667500521,
    "support": 120.0
  }
}