{
  "final_val_acc": 0.893125,
  "macro_f1": 0.8915208853211795,
  "weighted_f1": 0.8915208853211795,
  "per_class_recall": {
    "0": 0.90625,
    "1": 0.71875,
    "2": 0.84375,
    "3": 0.96875,
    "4": 1.0,
    "5": 0.9375,
    "6": 0.9375,
    "7": 1.0,
    "8": 0.9375,
    "9": 0.75,
    "10": 1.0,
    "11": 0.9375,
    "12": 0.96875,
    "13": 0.96875,
    "14": 1.0,
    "15": 0.96875,
    "16": 0.84375,
    "17": 0.71875,
    "18": 0.75,
    "19": 0.78125,
    "20": 1.0,
    "21": 0.75,
    "22": 0.84375,
    "23": 0.9375,
    "24": 0.96875,
    "25": 0.96875,
    "26": 0.96875,
    "27": 0.9375,
    "28": 0.8125,
    "29": 0.875,
    "30": 0.90625,
    "31": 0.875,
    "32": 0.78125,
    "33": 0.46875,
    "34": 0.84375,
    "35": 1.0,
    "36": 0.8125,
    "37": 0.96875,
    "38": 1.0,
    "39": 0.96875,
    "40": 1.0,
    "41": 0.96875,
    "42": 0.875,
    "43": 1.0,
    "44": 1.0,
    "45": 0.84375,
    "46": 0.90625,
    "47": 0.90625,
    "48": 0.8125,
    "49": 0.71875,
    "macro avg": 0.893125,
    "weighted avg": 0.893125
  }
}