{
  "train_loss": [
    1.5742493268847466,
    0.24237133651971818,
    0.051154201719909906,
    0.031628131973557176,
    0.03723596167750656,
    0.03839471510378644,
    0.0535141444997862,
    0.031090837761294097,
    0.015952569167129695,
    0.021927807350875808,
    0.01901727129181381,
    0.020923962568631396,
    0.02627613362390548,
    0.009771708382177167,
    0.010057392705057282,
    0.022736251935129986,
    0.019393040015129374,
    0.003798774880124256,
    0.0008672947154991561,
    0.00046298963432491293,
    0.0002695790642974316,
    0.00020711908295197644,
    0.00019345097258337773,
    0.0002259724877330882,
    0.0011729979840492887,
    0.007574877248480334,
    0.013720328248746227,
    0.05347465026425198,
    0.052431936892680824,
    0.020117824605549686
  ],
  "val_loss": [
    0.9586807477474213,
    0.6128165024518967,
    0.6033215975761413,
    0.5585064408183098,
    0.5766313996911049,
    0.5499336586892605,
    0.6125977849960327,
    0.5109871950745583,
    0.43620941624045373,
    0.7717887449264527,
    0.5006153577566147,
    0.6026038798689842,
    0.5336859539151192,
    0.5053874549269676,
    0.5557323771715165,
    0.5180468082427978,
    0.44476678520441054,
    0.391076131016016,
    0.37771530106663703,
    0.3879132243990898,
    0.38219135969877244,
    0.378596623018384,
    0.4005236356705427,
    0.37190601252019406,
    0.39243475832045077,
    0.4366336779296398,
    0.5069383344054222,
    0.6374844205379486,
    0.5710052067041397,
    0.42378393322229385
  ],
  "train_acc": [
    0.59203125,
    0.93515625,
    0.98984375,
    0.99375,
    0.99125,
    0.99,
    0.98640625,
    0.991875,
    0.99625,
    0.9928125,
    0.9953125,
    0.99453125,
    0.9928125,
    0.9975,
    0.99703125,
    0.99453125,
    0.99375,
    0.99984375,
    1.0,
    1.0,
    1.0,
    1.0,
    1.0,
    1.0,
    0.9996875,
    0.99828125,
    0.99640625,
    0.98625,
    0.98484375,
    0.9946875
  ],
  "val_acc": [
    0.723125,
    0.816875,
    0.826875,
    0.838125,
    0.835,
    0.845625,
    0.839375,
    0.856875,
    0.88625,
    0.81625,
    0.855,
    0.848125,
    0.860625,
    0.8675,
    0.86375,
    0.869375,
    0.874375,
    0.901875,
    0.900625,
    0.89875,
    0.89875,
    0.898125,
    0.900625,
    0.898125,
    0.891875,
    0.88,
    0.8725,
    0.824375,
    0.865625,
    0.893125
  ]
}