{
  "0": {
    "precision": 0.9523809523809523,
    "recall": 0.963855421686747,
    "f1-score": 0.9580838323353293,
    "support": 498.0
  },
  "1": {
    "precision": 0.8571428571428571,
    "recall": 0.8181818181818182,
    "f1-score": 0.8372093023255814,
    "support": 132.0
  },
  "accuracy": 0.9333333333333333,
  "macro avg": {
    "precision": 0.9047619047619047,
    "recall": 0.8910186199342827,
    "f1-score": 0.8976465673304554,
    "support": 630.0
  },
  "weighted avg": {
    "precision": 0.9324263038548753,
    "recall": 0.9333333333333333,
    "f1-score": 0.932757740333287,
    "support": 630.0
  }
}