{
  "final_val_acc": 0.704375,
  "top3_acc": 0.87125,
  "auc_macro": 0.9832661033163265,
  "macro_f1": 0.7019038472804463,
  "macro_precision": 0.7364211882611582,
  "macro_recall": 0.704375,
  "weighted_f1": 0.7019038472804463,
  "per_class_metrics": {
    "0": {
      "precision": 0.8888888888888888,
      "recall": 0.5,
      "f1-score": 0.64,
      "support": 32
    },
    "1": {
      "precision": 0.5,
      "recall": 0.40625,
      "f1-score": 0.4482758620689655,
      "support": 32
    },
    "2": {
      "precision": 0.8666666666666667,
      "recall": 0.40625,
      "f1-score": 0.5531914893617021,
      "support": 32
    },
    "3": {
      "precision": 0.8571428571428571,
      "recall": 0.5625,
      "f1-score": 0.6792452830188679,
      "support": 32
    },
    "4": {
      "precision": 0.6785714285714286,
      "recall": 0.59375,
      "f1-score": 0.6333333333333333,
      "support": 32
    },
    "5": {
      "precision": 0.5853658536585366,
      "recall": 0.75,
      "f1-score": 0.6575342465753424,
      "support": 32
    },
    "6": {
      "precision": 0.967741935483871,
      "recall": 0.9375,
      "f1-score": 0.9523809523809523,
      "support": 32
    },
    "7": {
      "precision": 0.7352941176470589,
      "recall": 0.78125,
      "f1-score": 0.7575757575757576,
      "support": 32
    },
    "8": {
      "precision": 0.9629629629629629,
      "recall": 0.8125,
      "f1-score": 0.8813559322033898,
      "support": 32
    },
    "9": {
      "precision": 0.6551724137931034,
      "recall": 0.59375,
      "f1-score": 0.6229508196721312,
      "support": 32
    },
    "10": {
      "precision": 0.7837837837837838,
      "recall": 0.90625,
      "f1-score": 0.8405797101449275,
      "support": 32
    },
    "11": {
      "precision": 0.6216216216216216,
      "recall": 0.71875,
      "f1-score": 0.6666666666666666,
      "support": 32
    },
    "12": {
      "precision": 0.6764705882352942,
      "recall": 0.71875,
      "f1-score": 0.696969696969697,
      "support": 32
    },
    "13": {
      "precision": 0.7317073170731707,
      "recall": 0.9375,
      "f1-score": 0.821917808219178,
      "support": 32
    },
    "14": {
      "precision": 0.6451612903225806,
      "recall": 0.625,
      "f1-score": 0.6349206349206349,
      "support": 32
    },
    "15": {
      "precision": 0.9,
      "recall": 0.84375,
      "f1-score": 0.8709677419354839,
      "support": 32
    },
    "16": {
      "precision": 0.9545454545454546,
      "recall": 0.65625,
      "f1-score": 0.7777777777777778,
      "support": 32
    },
    "17": {
      "precision": 0.7567567567567568,
      "recall": 0.875,
      "f1-score": 0.8115942028985508,
      "support": 32
    },
    "18": {
      "precision": 0.6666666666666666,
      "recall": 0.4375,
      "f1-score": 0.5283018867924528,
      "support": 32
    },
    "19": {
      "precision": 0.75,
      "recall": 0.65625,
      "f1-score": 0.7,
      "support": 32
    },
    "20": {
      "precision": 0.7317073170731707,
      "recall": 0.9375,
      "f1-score": 0.821917808219178,
      "support": 32
    },
    "21": {
      "precision": 0.7037037037037037,
      "recall": 0.59375,
      "f1-score": 0.6440677966101694,
      "support": 32
    },
    "22": {
      "precision": 0.3469387755102041,
      "recall": 0.53125,
      "f1-score": 0.41975308641975306,
      "support": 32
    },
    "23": {
      "precision": 0.8260869565217391,
      "recall": 0.59375,
      "f1-score": 0.6909090909090909,
      "support": 32
    },
    "24": {
      "precision": 0.5581395348837209,
      "recall": 0.75,
      "f1-score": 0.64,
      "support": 32
    },
    "25": {
      "precision": 0.96,
      "recall": 0.75,
      "f1-score": 0.8421052631578947,
      "support": 32
    },
    "26": {
      "precision": 0.58,
      "recall": 0.90625,
      "f1-score": 0.7073170731707317,
      "support": 32
    },
    "27": {
      "precision": 0.5686274509803921,
      "recall": 0.90625,
      "f1-score": 0.6987951807228916,
      "support": 32
    },
    "28": {
      "precision": 0.42424242424242425,
      "recall": 0.4375,
      "f1-score": 0.4307692307692308,
      "support": 32
    },
    "29": {
      "precision": 0.8095238095238095,
      "recall": 0.53125,
      "f1-score": 0.6415094339622641,
      "support": 32
    },
    "30": {
      "precision": 0.7931034482758621,
      "recall": 0.71875,
      "f1-score": 0.7540983606557377,
      "support": 32
    },
    "31": {
      "precision": 0.5384615384615384,
      "recall": 0.65625,
      "f1-score": 0.5915492957746479,
      "support": 32
    },
    "32": {
      "precision": 1.0,
      "recall": 0.40625,
      "f1-score": 0.5777777777777777,
      "support": 32
    },
    "33": {
      "precision": 0.6470588235294118,
      "recall": 0.6875,
      "f1-score": 0.6666666666666666,
      "support": 32
    },
    "34": {
      "precision": 0.6666666666666666,
      "recall": 0.75,
      "f1-score": 0.7058823529411765,
      "support": 32
    },
    "35": {
      "precision": 0.6666666666666666,
      "recall": 0.9375,
      "f1-score": 0.7792207792207793,
      "support": 32
    },
    "36": {
      "precision": 0.75,
      "recall": 0.65625,
      "f1-score": 0.7,
      "support": 32
    },
    "37": {
      "precision": 0.8108108108108109,
      "recall": 0.9375,
      "f1-score": 0.8695652173913043,
      "support": 32
    },
    "38": {
      "precision": 0.8285714285714286,
      "recall": 0.90625,
      "f1-score": 0.8656716417910447,
      "support": 32
    },
    "39": {
      "precision": 1.0,
      "recall": 0.28125,
      "f1-score": 0.43902439024390244,
      "support": 32
    },
    "40": {
      "precision": 0.896551724137931,
      "recall": 0.8125,
      "f1-score": 0.8524590163934426,
      "support": 32
    },
    "41": {
      "precision": 0.5227272727272727,
      "recall": 0.71875,
      "f1-score": 0.6052631578947368,
      "support": 32
    },
    "42": {
      "precision": 0.7878787878787878,
      "recall": 0.8125,
      "f1-score": 0.8,
      "support": 32
    },
    "43": {
      "precision": 0.9629629629629629,
      "recall": 0.8125,
      "f1-score": 0.8813559322033898,
      "support": 32
    },
    "44": {
      "precision": 0.7272727272727273,
      "recall": 0.75,
      "f1-score": 0.7384615384615385,
      "support": 32
    },
    "45": {
      "precision": 0.8518518518518519,
      "recall": 0.71875,
      "f1-score": 0.7796610169491526,
      "support": 32
    },
    "46": {
      "precision": 0.7222222222222222,
      "recall": 0.8125,
      "f1-score": 0.7647058823529411,
      "support": 32
    },
    "47": {
      "precision": 0.8,
      "recall": 0.875,
      "f1-score": 0.835820895522388,
      "support": 32
    },
    "48": {
      "precision": 0.7083333333333334,
      "recall": 0.53125,
      "f1-score": 0.6071428571428571,
      "support": 32
    },
    "49": {
      "precision": 0.44642857142857145,
      "recall": 0.78125,
      "f1-score": 0.5681818181818182,
      "support": 32
    },
    "macro avg": {
      "precision": 0.7364211882611582,
      "recall": 0.704375,
      "f1-score": 0.7019038472804463,
      "support": 1600
    },
    "weighted avg": {
      "precision": 0.7364211882611582,
      "recall": 0.704375,
      "f1-score": 0.7019038472804463,
      "support": 1600
    }
  }
}