{
  "0": {
    "precision": 0.8253968253968254,
    "recall": 0.7878787878787878,
    "f1-score": 0.8062015503875969,
    "support": 66.0
  },
  "1": {
    "precision": 0.7777777777777778,
    "recall": 0.8166666666666667,
    "f1-score": 0.7967479674796748,
    "support": 60.0
  },
  "accuracy": 0.8015873015873016,
  "macro avg": {
    "precision": 0.8015873015873016,
    "recall": 0.8022727272727272,
    "f1-score": 0.8014747589336358,
    "support": 126.0
  },
  "weighted avg": {
    "precision": 0.8027210884353742,
    "recall": 0.8015873015873016,
    "f1-score": 0.8016998442409673,
    "support": 126.0
  }
}