{
  "0": {
    "precision": 0.8448275862068966,
    "recall": 0.8166666666666667,
    "f1-score": 0.8305084745762712,
    "support": 60.0
  },
  "1": {
    "precision": 0.8225806451612904,
    "recall": 0.85,
    "f1-score": 0.8360655737704918,
    "support": 60.0
  },
  "accuracy": 0.8333333333333334,
  "macro avg": {
    "precision": 0.8337041156840934,
    "recall": 0.8333333333333333,
    "f1-score": 0.8332870241733815,
    "support": 120.0
  },
  "weighted avg": {
    "precision": 0.8337041156840935,
    "recall": 0.8333333333333334,
    "f1-score": 0.8332870241733815,
    "support": 120.0
  }
}