{
  "train_loss": [
    3.808243155479431,
    2.624609261751175,
    1.4770975011587142,
    0.9777577066421509,
    0.7526598405838013,
    0.5809569400548935,
    0.47174470603466034,
    0.38663962468504903,
    0.3282607036828995,
    0.28385288305580614,
    0.21863478884100915,
    0.22315340742468834,
    0.19392869293689727,
    0.17655495546758174,
    0.1455300395190716,
    0.12098082415759563,
    0.12322825896553695,
    0.10461626790463924,
    0.09367139805108309,
    0.12221143009141087,
    0.10710567536763847,
    0.09203689178451896,
    0.09598203680478036,
    0.0893292469996959,
    0.1016982221743092,
    0.07449329650960862,
    0.08414228657260538,
    0.07035359745845199,
    0.0708445973903872,
    0.06931419641710818
  ],
  "val_loss": [
    3.447197675704956,
    1.986812982559204,
    1.4588289999961852,
    1.1606889271736145,
    0.9858451294898987,
    0.9494364047050476,
    0.8702060902118682,
    0.8482767009735107,
    0.76465735912323,
    0.6205754780769348,
    0.6649100804328918,
    0.6964928430318832,
    0.639312528371811,
    0.6801699423789977,
    0.6279437655210495,
    0.6136928725242615,
    0.5937379205226898,
    0.6141429024934769,
    0.6113354641199112,
    0.6592323917150498,
    0.6272447347640991,
    0.6466080325841904,
    0.6530379903316498,
    0.5891952222585678,
    0.5993837147951127,
    0.6368354663252831,
    0.6907852718234062,
    0.553270466029644,
    0.6589655619859696,
    0.5563907846808434
  ],
  "train_acc": [
    0.05546875,
    0.28921875,
    0.59171875,
    0.7246875,
    0.7846875,
    0.83390625,
    0.86078125,
    0.88734375,
    0.9,
    0.91671875,
    0.93578125,
    0.93078125,
    0.941875,
    0.94453125,
    0.95390625,
    0.965,
    0.9615625,
    0.9709375,
    0.97265625,
    0.9625,
    0.9675,
    0.97484375,
    0.9703125,
    0.97203125,
    0.96984375,
    0.97765625,
    0.975625,
    0.980625,
    0.9784375,
    0.9778125
  ],
  "val_acc": [
    0.115625,
    0.459375,
    0.56,
    0.653125,
    0.715,
    0.716875,
    0.75375,
    0.759375,
    0.77125,
    0.823125,
    0.81625,
    0.805,
    0.81125,
    0.808125,
    0.830625,
    0.818125,
    0.8425,
    0.833125,
    0.84375,
    0.81375,
    0.829375,
    0.83375,
    0.81875,
    0.84875,
    0.835625,
    0.83375,
    0.82,
    0.8525,
    0.831875,
    0.861875
  ]
}