{
  "final_val_acc": 0.861875,
  "top3_acc": 0.95625,
  "auc_macro": 0.9958884725765306,
  "macro_f1": 0.8621439072494854,
  "macro_precision": 0.8708136834386605,
  "macro_recall": 0.861875,
  "weighted_f1": 0.8621439072494854,
  "per_class_metrics": {
    "0": {
      "precision": 0.9117647058823529,
      "recall": 0.96875,
      "f1-score": 0.9393939393939394,
      "support": 32
    },
    "1": {
      "precision": 0.696969696969697,
      "recall": 0.71875,
      "f1-score": 0.7076923076923077,
      "support": 32
    },
    "2": {
      "precision": 0.717948717948718,
      "recall": 0.875,
      "f1-score": 0.7887323943661971,
      "support": 32
    },
    "3": {
      "precision": 1.0,
      "recall": 0.875,
      "f1-score": 0.9333333333333333,
      "support": 32
    },
    "4": {
      "precision": 1.0,
      "recall": 0.84375,
      "f1-score": 0.9152542372881356,
      "support": 32
    },
    "5": {
      "precision": 0.7,
      "recall": 0.875,
      "f1-score": 0.7777777777777778,
      "support": 32
    },
    "6": {
      "precision": 0.8108108108108109,
      "recall": 0.9375,
      "f1-score": 0.8695652173913043,
      "support": 32
    },
    "7": {
      "precision": 0.8823529411764706,
      "recall": 0.9375,
      "f1-score": 0.9090909090909091,
      "support": 32
    },
    "8": {
      "precision": 0.8857142857142857,
      "recall": 0.96875,
      "f1-score": 0.9253731343283582,
      "support": 32
    },
    "9": {
      "precision": 0.9310344827586207,
      "recall": 0.84375,
      "f1-score": 0.8852459016393442,
      "support": 32
    },
    "10": {
      "precision": 0.8571428571428571,
      "recall": 0.9375,
      "f1-score": 0.8955223880597015,
      "support": 32
    },
    "11": {
      "precision": 0.8387096774193549,
      "recall": 0.8125,
      "f1-score": 0.8253968253968254,
      "support": 32
    },
    "12": {
      "precision": 0.7894736842105263,
      "recall": 0.9375,
      "f1-score": 0.8571428571428571,
      "support": 32
    },
    "13": {
      "precision": 0.8787878787878788,
      "recall": 0.90625,
      "f1-score": 0.8923076923076924,
      "support": 32
    },
    "14": {
      "precision": 0.7837837837837838,
      "recall": 0.90625,
      "f1-score": 0.8405797101449275,
      "support": 32
    },
    "15": {
      "precision": 0.8571428571428571,
      "recall": 0.9375,
      "f1-score": 0.8955223880597015,
      "support": 32
    },
    "16": {
      "precision": 0.6896551724137931,
      "recall": 0.625,
      "f1-score": 0.6557377049180327,
      "support": 32
    },
    "17": {
      "precision": 0.717948717948718,
      "recall": 0.875,
      "f1-score": 0.7887323943661971,
      "support": 32
    },
    "18": {
      "precision": 0.7419354838709677,
      "recall": 0.71875,
      "f1-score": 0.7301587301587301,
      "support": 32
    },
    "19": {
      "precision": 0.6875,
      "recall": 0.6875,
      "f1-score": 0.6875,
      "support": 32
    },
    "20": {
      "precision": 0.96875,
      "recall": 0.96875,
      "f1-score": 0.96875,
      "support": 32
    },
    "21": {
      "precision": 0.9629629629629629,
      "recall": 0.8125,
      "f1-score": 0.8813559322033898,
      "support": 32
    },
    "22": {
      "precision": 1.0,
      "recall": 1.0,
      "f1-score": 1.0,
      "support": 32
    },
    "23": {
      "precision": 0.8055555555555556,
      "recall": 0.90625,
      "f1-score": 0.8529411764705882,
      "support": 32
    },
    "24": {
      "precision": 0.9642857142857143,
      "recall": 0.84375,
      "f1-score": 0.9,
      "support": 32
    },
    "25": {
      "precision": 0.9411764705882353,
      "recall": 1.0,
      "f1-score": 0.9696969696969697,
      "support": 32
    },
    "26": {
      "precision": 0.9310344827586207,
      "recall": 0.84375,
      "f1-score": 0.8852459016393442,
      "support": 32
    },
    "27": {
      "precision": 0.9090909090909091,
      "recall": 0.625,
      "f1-score": 0.7407407407407407,
      "support": 32
    },
    "28": {
      "precision": 0.8055555555555556,
      "recall": 0.90625,
      "f1-score": 0.8529411764705882,
      "support": 32
    },
    "29": {
      "precision": 0.96,
      "recall": 0.75,
      "f1-score": 0.8421052631578947,
      "support": 32
    },
    "30": {
      "precision": 0.8611111111111112,
      "recall": 0.96875,
      "f1-score": 0.9117647058823529,
      "support": 32
    },
    "31": {
      "precision": 0.9285714285714286,
      "recall": 0.8125,
      "f1-score": 0.8666666666666667,
      "support": 32
    },
    "32": {
      "precision": 0.9666666666666667,
      "recall": 0.90625,
      "f1-score": 0.9354838709677419,
      "support": 32
    },
    "33": {
      "precision": 0.9642857142857143,
      "recall": 0.84375,
      "f1-score": 0.9,
      "support": 32
    },
    "34": {
      "precision": 0.88,
      "recall": 0.6875,
      "f1-score": 0.7719298245614035,
      "support": 32
    },
    "35": {
      "precision": 0.8571428571428571,
      "recall": 0.75,
      "f1-score": 0.8,
      "support": 32
    },
    "36": {
      "precision": 1.0,
      "recall": 0.78125,
      "f1-score": 0.8771929824561403,
      "support": 32
    },
    "37": {
      "precision": 0.8378378378378378,
      "recall": 0.96875,
      "f1-score": 0.8985507246376812,
      "support": 32
    },
    "38": {
      "precision": 1.0,
      "recall": 0.90625,
      "f1-score": 0.9508196721311475,
      "support": 32
    },
    "39": {
      "precision": 0.7272727272727273,
      "recall": 0.75,
      "f1-score": 0.7384615384615385,
      "support": 32
    },
    "40": {
      "precision": 1.0,
      "recall": 0.8125,
      "f1-score": 0.896551724137931,
      "support": 32
    },
    "41": {
      "precision": 0.9696969696969697,
      "recall": 1.0,
      "f1-score": 0.9846153846153847,
      "support": 32
    },
    "42": {
      "precision": 0.7777777777777778,
      "recall": 0.875,
      "f1-score": 0.8235294117647058,
      "support": 32
    },
    "43": {
      "precision": 1.0,
      "recall": 0.90625,
      "f1-score": 0.9508196721311475,
      "support": 32
    },
    "44": {
      "precision": 0.875,
      "recall": 0.875,
      "f1-score": 0.875,
      "support": 32
    },
    "45": {
      "precision": 0.8235294117647058,
      "recall": 0.875,
      "f1-score": 0.8484848484848485,
      "support": 32
    },
    "46": {
      "precision": 0.9285714285714286,
      "recall": 0.8125,
      "f1-score": 0.8666666666666667,
      "support": 32
    },
    "47": {
      "precision": 0.6976744186046512,
      "recall": 0.9375,
      "f1-score": 0.8,
      "support": 32
    },
    "48": {
      "precision": 0.9655172413793104,
      "recall": 0.875,
      "f1-score": 0.9180327868852459,
      "support": 32
    },
    "49": {
      "precision": 0.8529411764705882,
      "recall": 0.90625,
      "f1-score": 0.8787878787878788,
      "support": 32
    },
    "macro avg": {
      "precision": 0.8708136834386605,
      "recall": 0.861875,
      "f1-score": 0.8621439072494854,
      "support": 1600
    },
    "weighted avg": {
      "precision": 0.8708136834386605,
      "recall": 0.861875,
      "f1-score": 0.8621439072494854,
      "support": 1600
    }
  }
}