{
  "0": {
    "precision": 0.9811320754716981,
    "recall": 1.0,
    "f1-score": 0.9904761904761905,
    "support": 156.0
  },
  "1": {
    "precision": 0.9886363636363636,
    "recall": 0.90625,
    "f1-score": 0.9456521739130435,
    "support": 96.0
  },
  "2": {
    "precision": 0.9807692307692307,
    "recall": 0.9444444444444444,
    "f1-score": 0.9622641509433962,
    "support": 54.0
  },
  "3": {
    "precision": 0.9625,
    "recall": 0.9166666666666666,
    "f1-score": 0.9390243902439024,
    "support": 84.0
  },
  "4": {
    "precision": 0.9879518072289156,
    "recall": 0.9761904761904762,
    "f1-score": 0.9820359281437125,
    "support": 84.0
  },
  "5": {
    "precision": 0.9313725490196079,
    "recall": 0.9895833333333334,
    "f1-score": 0.9595959595959596,
    "support": 96.0
  },
  "6": {
    "precision": 0.9102564102564102,
    "recall": 0.9861111111111112,
    "f1-score": 0.9466666666666667,
    "support": 72.0
  },
  "accuracy": 0.9641744548286605,
  "macro avg": {
    "precision": 0.963231205197461,
    "recall": 0.9598922902494331,
    "f1-score": 0.9608164942832672,
    "support": 642.0
  },
  "weighted avg": {
    "precision": 0.9652888024856496,
    "recall": 0.9641744548286605,
    "f1-score": 0.9640333916303008,
    "support": 642.0
  }
}