{
  "0": {
    "precision": 0.782608695652174,
    "recall": 0.8181818181818182,
    "f1-score": 0.8,
    "support": 66.0
  },
  "1": {
    "precision": 0.7894736842105263,
    "recall": 0.75,
    "f1-score": 0.7692307692307693,
    "support": 60.0
  },
  "accuracy": 0.7857142857142857,
  "macro avg": {
    "precision": 0.7860411899313502,
    "recall": 0.7840909090909092,
    "f1-score": 0.7846153846153847,
    "support": 126.0
  },
  "weighted avg": {
    "precision": 0.7858777378228179,
    "recall": 0.7857142857142857,
    "f1-score": 0.7853479853479853,
    "support": 126.0
  }
}