{
  "0": {
    "precision": 0.9130434782608695,
    "recall": 0.65625,
    "f1-score": 0.7636363636363637,
    "support": 32.0
  },
  "1": {
    "precision": 0.8787878787878788,
    "recall": 0.90625,
    "f1-score": 0.8923076923076924,
    "support": 32.0
  },
  "2": {
    "precision": 0.7441860465116279,
    "recall": 1.0,
    "f1-score": 0.8533333333333334,
    "support": 32.0
  },
  "3": {
    "precision": 0.84375,
    "recall": 0.84375,
    "f1-score": 0.84375,
    "support": 32.0
  },
  "4": {
    "precision": 0.9642857142857143,
    "recall": 0.84375,
    "f1-score": 0.9,
    "support": 32.0
  },
  "5": {
    "precision": 0.84375,
    "recall": 0.84375,
    "f1-score": 0.84375,
    "support": 32.0
  },
  "6": {
    "precision": 0.9,
    "recall": 0.84375,
    "f1-score": 0.8709677419354839,
    "support": 32.0
  },
  "7": {
    "precision": 0.9285714285714286,
    "recall": 0.8125,
    "f1-score": 0.8666666666666667,
    "support": 32.0
  },
  "8": {
    "precision": 1.0,
    "recall": 1.0,
    "f1-score": 1.0,
    "support": 32.0
  },
  "9": {
    "precision": 0.8529411764705882,
    "recall": 0.90625,
    "f1-score": 0.8787878787878788,
    "support": 32.0
  },
  "10": {
    "precision": 0.9666666666666667,
    "recall": 0.90625,
    "f1-score": 0.9354838709677419,
    "support": 32.0
  },
  "11": {
    "precision": 0.8421052631578947,
    "recall": 1.0,
    "f1-score": 0.9142857142857143,
    "support": 32.0
  },
  "12": {
    "precision": 0.8857142857142857,
    "recall": 0.96875,
    "f1-score": 0.9253731343283582,
    "support": 32.0
  },
  "13": {
    "precision": 0.6595744680851063,
    "recall": 0.96875,
    "f1-score": 0.7848101265822784,
    "support": 32.0
  },
  "14": {
    "precision": 0.896551724137931,
    "recall": 0.8125,
    "f1-score": 0.8524590163934426,
    "support": 32.0
  },
  "15": {
    "precision": 0.7692307692307693,
    "recall": 0.9375,
    "f1-score": 0.8450704225352113,
    "support": 32.0
  },
  "16": {
    "precision": 0.8484848484848485,
    "recall": 0.875,
    "f1-score": 0.8615384615384616,
    "support": 32.0
  },
  "17": {
    "precision": 0.84375,
    "recall": 0.84375,
    "f1-score": 0.84375,
    "support": 32.0
  },
  "18": {
    "precision": 0.9354838709677419,
    "recall": 0.90625,
    "f1-score": 0.9206349206349206,
    "support": 32.0
  },
  "19": {
    "precision": 0.9545454545454546,
    "recall": 0.65625,
    "f1-score": 0.7777777777777778,
    "support": 32.0
  },
  "20": {
    "precision": 1.0,
    "recall": 1.0,
    "f1-score": 1.0,
    "support": 32.0
  },
  "21": {
    "precision": 0.7419354838709677,
    "recall": 0.71875,
    "f1-score": 0.7301587301587301,
    "support": 32.0
  },
  "22": {
    "precision": 0.5909090909090909,
    "recall": 0.8125,
    "f1-score": 0.6842105263157895,
    "support": 32.0
  },
  "23": {
    "precision": 0.78125,
    "recall": 0.78125,
    "f1-score": 0.78125,
    "support": 32.0
  },
  "24": {
    "precision": 0.8571428571428571,
    "recall": 0.9375,
    "f1-score": 0.8955223880597015,
    "support": 32.0
  },
  "25": {
    "precision": 0.9629629629629629,
    "recall": 0.8125,
    "f1-score": 0.8813559322033898,
    "support": 32.0
  },
  "26": {
    "precision": 0.9142857142857143,
    "recall": 1.0,
    "f1-score": 0.9552238805970149,
    "support": 32.0
  },
  "27": {
    "precision": 0.8611111111111112,
    "recall": 0.96875,
    "f1-score": 0.9117647058823529,
    "support": 32.0
  },
  "28": {
    "precision": 0.6086956521739131,
    "recall": 0.4375,
    "f1-score": 0.509090909090909,
    "support": 32.0
  },
  "29": {
    "precision": 0.875,
    "recall": 0.65625,
    "f1-score": 0.75,
    "support": 32.0
  },
  "30": {
    "precision": 1.0,
    "recall": 1.0,
    "f1-score": 1.0,
    "support": 32.0
  },
  "31": {
    "precision": 0.8333333333333334,
    "recall": 0.9375,
    "f1-score": 0.8823529411764706,
    "support": 32.0
  },
  "32": {
    "precision": 0.8846153846153846,
    "recall": 0.71875,
    "f1-score": 0.7931034482758621,
    "support": 32.0
  },
  "33": {
    "precision": 0.8235294117647058,
    "recall": 0.875,
    "f1-score": 0.8484848484848485,
    "support": 32.0
  },
  "34": {
    "precision": 0.8787878787878788,
    "recall": 0.90625,
    "f1-score": 0.8923076923076924,
    "support": 32.0
  },
  "35": {
    "precision": 0.8846153846153846,
    "recall": 0.71875,
    "f1-score": 0.7931034482758621,
    "support": 32.0
  },
  "36": {
    "precision": 0.7073170731707317,
    "recall": 0.90625,
    "f1-score": 0.7945205479452054,
    "support": 32.0
  },
  "37": {
    "precision": 0.9117647058823529,
    "recall": 0.96875,
    "f1-score": 0.9393939393939394,
    "support": 32.0
  },
  "38": {
    "precision": 0.8888888888888888,
    "recall": 1.0,
    "f1-score": 0.9411764705882353,
    "support": 32.0
  },
  "39": {
    "precision": 0.95,
    "recall": 0.59375,
    "f1-score": 0.7307692307692307,
    "support": 32.0
  },
  "40": {
    "precision": 1.0,
    "recall": 1.0,
    "f1-score": 1.0,
    "support": 32.0
  },
  "41": {
    "precision": 0.9,
    "recall": 0.84375,
    "f1-score": 0.8709677419354839,
    "support": 32.0
  },
  "42": {
    "precision": 0.90625,
    "recall": 0.90625,
    "f1-score": 0.90625,
    "support": 32.0
  },
  "43": {
    "precision": 0.90625,
    "recall": 0.90625,
    "f1-score": 0.90625,
    "support": 32.0
  },
  "44": {
    "precision": 1.0,
    "recall": 0.9375,
    "f1-score": 0.967741935483871,
    "support": 32.0
  },
  "45": {
    "precision": 0.896551724137931,
    "recall": 0.8125,
    "f1-score": 0.8524590163934426,
    "support": 32.0
  },
  "46": {
    "precision": 0.7804878048780488,
    "recall": 1.0,
    "f1-score": 0.8767123287671232,
    "support": 32.0
  },
  "47": {
    "precision": 0.5357142857142857,
    "recall": 0.46875,
    "f1-score": 0.5,
    "support": 32.0
  },
  "48": {
    "precision": 0.8,
    "recall": 0.375,
    "f1-score": 0.5106382978723404,
    "support": 32.0
  },
  "49": {
    "precision": 0.627906976744186,
    "recall": 0.84375,
    "f1-score": 0.72,
    "support": 32.0
  },
  "accuracy": 0.8475,
  "macro avg": {
    "precision": 0.8556145759773708,
    "recall": 0.8475,
    "f1-score": 0.8439838416337763,
    "support": 1600.0
  },
  "weighted avg": {
    "precision": 0.8556145759773708,
    "recall": 0.8475,
    "f1-score": 0.8439838416337763,
    "support": 1600.0
  }
}