{
  "final_val_acc": 0.85125,
  "top3_acc": 0.955,
  "auc_macro": 0.9965023118622449,
  "macro_f1": 0.8508709313905204,
  "macro_precision": 0.8592401942932041,
  "macro_recall": 0.85125,
  "weighted_f1": 0.8508709313905204,
  "per_class_metrics": {
    "0": {
      "precision": 0.9615384615384616,
      "recall": 0.78125,
      "f1-score": 0.8620689655172413,
      "support": 32
    },
    "1": {
      "precision": 0.9583333333333334,
      "recall": 0.71875,
      "f1-score": 0.8214285714285714,
      "support": 32
    },
    "2": {
      "precision": 0.8846153846153846,
      "recall": 0.71875,
      "f1-score": 0.7931034482758621,
      "support": 32
    },
    "3": {
      "precision": 1.0,
      "recall": 0.9375,
      "f1-score": 0.967741935483871,
      "support": 32
    },
    "4": {
      "precision": 0.717948717948718,
      "recall": 0.875,
      "f1-score": 0.7887323943661971,
      "support": 32
    },
    "5": {
      "precision": 0.7297297297297297,
      "recall": 0.84375,
      "f1-score": 0.782608695652174,
      "support": 32
    },
    "6": {
      "precision": 0.7575757575757576,
      "recall": 0.78125,
      "f1-score": 0.7692307692307693,
      "support": 32
    },
    "7": {
      "precision": 0.8157894736842105,
      "recall": 0.96875,
      "f1-score": 0.8857142857142857,
      "support": 32
    },
    "8": {
      "precision": 0.9375,
      "recall": 0.9375,
      "f1-score": 0.9375,
      "support": 32
    },
    "9": {
      "precision": 0.9285714285714286,
      "recall": 0.8125,
      "f1-score": 0.8666666666666667,
      "support": 32
    },
    "10": {
      "precision": 0.8529411764705882,
      "recall": 0.90625,
      "f1-score": 0.8787878787878788,
      "support": 32
    },
    "11": {
      "precision": 0.8235294117647058,
      "recall": 0.875,
      "f1-score": 0.8484848484848485,
      "support": 32
    },
    "12": {
      "precision": 0.9354838709677419,
      "recall": 0.90625,
      "f1-score": 0.9206349206349206,
      "support": 32
    },
    "13": {
      "precision": 0.8,
      "recall": 0.875,
      "f1-score": 0.835820895522388,
      "support": 32
    },
    "14": {
      "precision": 0.8235294117647058,
      "recall": 0.875,
      "f1-score": 0.8484848484848485,
      "support": 32
    },
    "15": {
      "precision": 0.8205128205128205,
      "recall": 1.0,
      "f1-score": 0.9014084507042254,
      "support": 32
    },
    "16": {
      "precision": 0.8,
      "recall": 0.625,
      "f1-score": 0.7017543859649122,
      "support": 32
    },
    "17": {
      "precision": 0.7,
      "recall": 0.875,
      "f1-score": 0.7777777777777778,
      "support": 32
    },
    "18": {
      "precision": 0.7666666666666667,
      "recall": 0.71875,
      "f1-score": 0.7419354838709677,
      "support": 32
    },
    "19": {
      "precision": 0.6842105263157895,
      "recall": 0.8125,
      "f1-score": 0.7428571428571429,
      "support": 32
    },
    "20": {
      "precision": 0.9393939393939394,
      "recall": 0.96875,
      "f1-score": 0.9538461538461539,
      "support": 32
    },
    "21": {
      "precision": 0.9354838709677419,
      "recall": 0.90625,
      "f1-score": 0.9206349206349206,
      "support": 32
    },
    "22": {
      "precision": 0.9117647058823529,
      "recall": 0.96875,
      "f1-score": 0.9393939393939394,
      "support": 32
    },
    "23": {
      "precision": 0.8928571428571429,
      "recall": 0.78125,
      "f1-score": 0.8333333333333334,
      "support": 32
    },
    "24": {
      "precision": 0.9032258064516129,
      "recall": 0.875,
      "f1-score": 0.8888888888888888,
      "support": 32
    },
    "25": {
      "precision": 0.8648648648648649,
      "recall": 1.0,
      "f1-score": 0.927536231884058,
      "support": 32
    },
    "26": {
      "precision": 0.967741935483871,
      "recall": 0.9375,
      "f1-score": 0.9523809523809523,
      "support": 32
    },
    "27": {
      "precision": 0.8518518518518519,
      "recall": 0.71875,
      "f1-score": 0.7796610169491526,
      "support": 32
    },
    "28": {
      "precision": 0.8378378378378378,
      "recall": 0.96875,
      "f1-score": 0.8985507246376812,
      "support": 32
    },
    "29": {
      "precision": 0.84,
      "recall": 0.65625,
      "f1-score": 0.7368421052631579,
      "support": 32
    },
    "30": {
      "precision": 0.9285714285714286,
      "recall": 0.8125,
      "f1-score": 0.8666666666666667,
      "support": 32
    },
    "31": {
      "precision": 0.92,
      "recall": 0.71875,
      "f1-score": 0.8070175438596491,
      "support": 32
    },
    "32": {
      "precision": 0.9259259259259259,
      "recall": 0.78125,
      "f1-score": 0.847457627118644,
      "support": 32
    },
    "33": {
      "precision": 0.75,
      "recall": 0.75,
      "f1-score": 0.75,
      "support": 32
    },
    "34": {
      "precision": 0.8846153846153846,
      "recall": 0.71875,
      "f1-score": 0.7931034482758621,
      "support": 32
    },
    "35": {
      "precision": 0.6842105263157895,
      "recall": 0.8125,
      "f1-score": 0.7428571428571429,
      "support": 32
    },
    "36": {
      "precision": 0.9629629629629629,
      "recall": 0.8125,
      "f1-score": 0.8813559322033898,
      "support": 32
    },
    "37": {
      "precision": 0.7692307692307693,
      "recall": 0.9375,
      "f1-score": 0.8450704225352113,
      "support": 32
    },
    "38": {
      "precision": 0.9655172413793104,
      "recall": 0.875,
      "f1-score": 0.9180327868852459,
      "support": 32
    },
    "39": {
      "precision": 0.7878787878787878,
      "recall": 0.8125,
      "f1-score": 0.8,
      "support": 32
    },
    "40": {
      "precision": 0.9285714285714286,
      "recall": 0.8125,
      "f1-score": 0.8666666666666667,
      "support": 32
    },
    "41": {
      "precision": 0.8157894736842105,
      "recall": 0.96875,
      "f1-score": 0.8857142857142857,
      "support": 32
    },
    "42": {
      "precision": 0.875,
      "recall": 0.875,
      "f1-score": 0.875,
      "support": 32
    },
    "43": {
      "precision": 0.9666666666666667,
      "recall": 0.90625,
      "f1-score": 0.9354838709677419,
      "support": 32
    },
    "44": {
      "precision": 0.9285714285714286,
      "recall": 0.8125,
      "f1-score": 0.8666666666666667,
      "support": 32
    },
    "45": {
      "precision": 0.8571428571428571,
      "recall": 0.9375,
      "f1-score": 0.8955223880597015,
      "support": 32
    },
    "46": {
      "precision": 0.8108108108108109,
      "recall": 0.9375,
      "f1-score": 0.8695652173913043,
      "support": 32
    },
    "47": {
      "precision": 0.8235294117647058,
      "recall": 0.875,
      "f1-score": 0.8484848484848485,
      "support": 32
    },
    "48": {
      "precision": 0.9642857142857143,
      "recall": 0.84375,
      "f1-score": 0.9,
      "support": 32
    },
    "49": {
      "precision": 0.7692307692307693,
      "recall": 0.9375,
      "f1-score": 0.8450704225352113,
      "support": 32
    },
    "macro avg": {
      "precision": 0.8592401942932041,
      "recall": 0.85125,
      "f1-score": 0.8508709313905204,
      "support": 1600
    },
    "weighted avg": {
      "precision": 0.8592401942932041,
      "recall": 0.85125,
      "f1-score": 0.8508709313905204,
      "support": 1600
    }
  }
}