{
  "train_loss": [
    3.799110834598541,
    2.5389941370487215,
    1.4583444219827653,
    0.9997992521524429,
    0.7640564849972725,
    0.5865977767109871,
    0.4644950684905052,
    0.3752374687790871,
    0.319148068651557,
    0.28010133378207686,
    0.22666419699788093,
    0.2377030273526907,
    0.18881754893809558,
    0.18010713234543801,
    0.15139247918501497,
    0.1435437799990177,
    0.12784418042749165,
    0.11515381367877126,
    0.10068503628484905,
    0.10814240079373122,
    0.11515333574265242,
    0.09664003314450383,
    0.08884675751440227,
    0.09632194908335805,
    0.1034043992497027,
    0.07859206585213542,
    0.09884185919538141,
    0.07408372486941517,
    0.07359125361777842,
    0.06920510887168348
  ],
  "val_loss": [
    3.4158609771728514,
    2.006961236000061,
    1.5163681745529174,
    1.0942152857780456,
    1.136905119419098,
    0.8750928318500519,
    0.8365389227867126,
    0.7748726880550385,
    0.8070985472202301,
    0.7072054147720337,
    0.6252266651391983,
    0.6954094815254211,
    0.593564133644104,
    0.6370872211456299,
    0.5880418741703033,
    0.5979961228370666,
    0.613463808298111,
    0.6204494065046311,
    0.5725644898414611,
    0.6391200548410416,
    0.623121297955513,
    0.5426613700389862,
    0.6211480659246444,
    0.5969131726026535,
    0.6666417229175567,
    0.6687798053026199,
    0.5594686535000801,
    0.577070609331131,
    0.5001385033130645,
    0.5548572681844235
  ],
  "train_acc": [
    0.05265625,
    0.30703125,
    0.591875,
    0.72140625,
    0.7821875,
    0.82921875,
    0.8646875,
    0.88890625,
    0.90421875,
    0.9159375,
    0.93296875,
    0.9275,
    0.94265625,
    0.9446875,
    0.95390625,
    0.9584375,
    0.960625,
    0.96484375,
    0.96921875,
    0.96546875,
    0.9653125,
    0.96875,
    0.97171875,
    0.97,
    0.96921875,
    0.97734375,
    0.96984375,
    0.9759375,
    0.97828125,
    0.97875
  ],
  "val_acc": [
    0.113125,
    0.44,
    0.5575,
    0.678125,
    0.65625,
    0.739375,
    0.756875,
    0.77,
    0.76125,
    0.791875,
    0.813125,
    0.806875,
    0.823125,
    0.826875,
    0.826875,
    0.835625,
    0.8325,
    0.82875,
    0.834375,
    0.845,
    0.84,
    0.853125,
    0.835,
    0.838125,
    0.826875,
    0.831875,
    0.85,
    0.841875,
    0.859375,
    0.85125
  ]
}