{
  "0": {
    "precision": 0.9473684210526315,
    "recall": 0.9759036144578314,
    "f1-score": 0.9614243323442137,
    "support": 498.0
  },
  "1": {
    "precision": 0.8974358974358975,
    "recall": 0.7954545454545454,
    "f1-score": 0.8433734939759037,
    "support": 132.0
  },
  "accuracy": 0.9380952380952381,
  "macro avg": {
    "precision": 0.9224021592442645,
    "recall": 0.8856790799561884,
    "f1-score": 0.9023989131600587,
    "support": 630.0
  },
  "weighted avg": {
    "precision": 0.9369063684853158,
    "recall": 0.9380952380952381,
    "f1-score": 0.9366898709718058,
    "support": 630.0
  }
}