{
  "0": {
    "precision": 0.7678571428571429,
    "recall": 0.7166666666666667,
    "f1-score": 0.7413793103448276,
    "support": 60.0
  },
  "1": {
    "precision": 0.734375,
    "recall": 0.7833333333333333,
    "f1-score": 0.7580645161290323,
    "support": 60.0
  },
  "accuracy": 0.75,
  "macro avg": {
    "precision": 0.7511160714285714,
    "recall": 0.75,
    "f1-score": 0.7497219132369299,
    "support": 120.0
  },
  "weighted avg": {
    "precision": 0.7511160714285715,
    "recall": 0.75,
    "f1-score": 0.74972191323693,
    "support": 120.0
  }
}