{
  "0": {
    "precision": 1.0,
    "recall": 0.9873417721518988,
    "f1-score": 0.9936305732484076,
    "support": 79.0
  },
  "1": {
    "precision": 0.9876543209876543,
    "recall": 1.0,
    "f1-score": 0.9937888198757764,
    "support": 80.0
  },
  "accuracy": 0.9937106918238994,
  "macro avg": {
    "precision": 0.9938271604938271,
    "recall": 0.9936708860759493,
    "f1-score": 0.993709696562092,
    "support": 159.0
  },
  "weighted avg": {
    "precision": 0.9937883376038513,
    "recall": 0.9937106918238994,
    "f1-score": 0.9937101941929957,
    "support": 159.0
  }
}