{
  "0": {
    "precision": 0.49101796407185627,
    "recall": 0.5503355704697986,
    "f1-score": 0.5189873417721519,
    "support": 149.0
  },
  "1": {
    "precision": 0.7330677290836654,
    "recall": 0.6840148698884758,
    "f1-score": 0.7076923076923077,
    "support": 269.0
  },
  "accuracy": 0.6363636363636364,
  "macro avg": {
    "precision": 0.6120428465777608,
    "recall": 0.6171752201791372,
    "f1-score": 0.6133398247322298,
    "support": 418.0
  },
  "weighted avg": {
    "precision": 0.6467868319861544,
    "recall": 0.6363636363636364,
    "f1-score": 0.6404266619456492,
    "support": 418.0
  }
}