{
  "0": {
    "precision": 1.0,
    "recall": 1.0,
    "f1-score": 1.0,
    "support": 150.0
  },
  "1": {
    "precision": 0.9896907216494846,
    "recall": 1.0,
    "f1-score": 0.9948186528497409,
    "support": 96.0
  },
  "2": {
    "precision": 1.0,
    "recall": 0.9814814814814815,
    "f1-score": 0.9906542056074766,
    "support": 54.0
  },
  "3": {
    "precision": 1.0,
    "recall": 1.0,
    "f1-score": 1.0,
    "support": 84.0
  },
  "4": {
    "precision": 0.9882352941176471,
    "recall": 1.0,
    "f1-score": 0.9940828402366864,
    "support": 84.0
  },
  "5": {
    "precision": 1.0,
    "recall": 1.0,
    "f1-score": 1.0,
    "support": 96.0
  },
  "6": {
    "precision": 1.0,
    "recall": 0.9871794871794872,
    "f1-score": 0.9935483870967742,
    "support": 78.0
  },
  "accuracy": 0.9968847352024922,
  "macro avg": {
    "precision": 0.9968465736810188,
    "recall": 0.9955229955229955,
    "f1-score": 0.9961577265415255,
    "support": 642.0
  },
  "weighted avg": {
    "precision": 0.996919118355503,
    "recall": 0.9968847352024922,
    "f1-score": 0.9968810756227553,
    "support": 642.0
  }
}