{
  "0": {
    "precision": 0.9444444444444444,
    "recall": 0.5666666666666667,
    "f1-score": 0.7083333333333334,
    "support": 60.0
  },
  "1": {
    "precision": 0.6904761904761905,
    "recall": 0.9666666666666667,
    "f1-score": 0.8055555555555556,
    "support": 60.0
  },
  "accuracy": 0.7666666666666667,
  "macro avg": {
    "precision": 0.8174603174603174,
    "recall": 0.7666666666666666,
    "f1-score": 0.7569444444444444,
    "support": 120.0
  },
  "weighted avg": {
    "precision": 0.8174603174603176,
    "recall": 0.7666666666666667,
    "f1-score": 0.7569444444444445,
    "support": 120.0
  }
}