{
  "0": {
    "precision": 1.0,
    "recall": 0.9493670886075949,
    "f1-score": 0.974025974025974,
    "support": 79.0
  },
  "1": {
    "precision": 0.9523809523809523,
    "recall": 1.0,
    "f1-score": 0.975609756097561,
    "support": 80.0
  },
  "accuracy": 0.9748427672955975,
  "macro avg": {
    "precision": 0.9761904761904762,
    "recall": 0.9746835443037974,
    "f1-score": 0.9748178650617675,
    "support": 159.0
  },
  "weighted avg": {
    "precision": 0.976040730757712,
    "recall": 0.9748427672955975,
    "f1-score": 0.9748228455085335,
    "support": 159.0
  }
}