{
  "0": {
    "precision": 0.8484848484848485,
    "recall": 0.875,
    "f1-score": 0.8615384615384616,
    "support": 32.0
  },
  "1": {
    "precision": 0.6410256410256411,
    "recall": 0.78125,
    "f1-score": 0.704225352112676,
    "support": 32.0
  },
  "2": {
    "precision": 0.9354838709677419,
    "recall": 0.90625,
    "f1-score": 0.9206349206349206,
    "support": 32.0
  },
  "3": {
    "precision": 0.9411764705882353,
    "recall": 1.0,
    "f1-score": 0.9696969696969697,
    "support": 32.0
  },
  "4": {
    "precision": 0.8108108108108109,
    "recall": 0.9375,
    "f1-score": 0.8695652173913043,
    "support": 32.0
  },
  "5": {
    "precision": 0.8571428571428571,
    "recall": 0.9375,
    "f1-score": 0.8955223880597015,
    "support": 32.0
  },
  "6": {
    "precision": 0.9393939393939394,
    "recall": 0.96875,
    "f1-score": 0.9538461538461539,
    "support": 32.0
  },
  "7": {
    "precision": 0.7272727272727273,
    "recall": 0.75,
    "f1-score": 0.7384615384615385,
    "support": 32.0
  },
  "8": {
    "precision": 1.0,
    "recall": 0.78125,
    "f1-score": 0.8771929824561403,
    "support": 32.0
  },
  "9": {
    "precision": 0.9032258064516129,
    "recall": 0.875,
    "f1-score": 0.8888888888888888,
    "support": 32.0
  },
  "10": {
    "precision": 0.967741935483871,
    "recall": 0.9375,
    "f1-score": 0.9523809523809523,
    "support": 32.0
  },
  "11": {
    "precision": 0.8611111111111112,
    "recall": 0.96875,
    "f1-score": 0.9117647058823529,
    "support": 32.0
  },
  "12": {
    "precision": 0.7647058823529411,
    "recall": 0.8125,
    "f1-score": 0.7878787878787878,
    "support": 32.0
  },
  "13": {
    "precision": 0.967741935483871,
    "recall": 0.9375,
    "f1-score": 0.9523809523809523,
    "support": 32.0
  },
  "14": {
    "precision": 0.9666666666666667,
    "recall": 0.90625,
    "f1-score": 0.9354838709677419,
    "support": 32.0
  },
  "15": {
    "precision": 0.7631578947368421,
    "recall": 0.90625,
    "f1-score": 0.8285714285714286,
    "support": 32.0
  },
  "16": {
    "precision": 0.8857142857142857,
    "recall": 0.96875,
    "f1-score": 0.9253731343283582,
    "support": 32.0
  },
  "17": {
    "precision": 0.8235294117647058,
    "recall": 0.875,
    "f1-score": 0.8484848484848485,
    "support": 32.0
  },
  "18": {
    "precision": 0.7727272727272727,
    "recall": 0.53125,
    "f1-score": 0.6296296296296297,
    "support": 32.0
  },
  "19": {
    "precision": 0.9545454545454546,
    "recall": 0.65625,
    "f1-score": 0.7777777777777778,
    "support": 32.0
  },
  "20": {
    "precision": 0.8,
    "recall": 0.875,
    "f1-score": 0.835820895522388,
    "support": 32.0
  },
  "21": {
    "precision": 0.6944444444444444,
    "recall": 0.78125,
    "f1-score": 0.7352941176470589,
    "support": 32.0
  },
  "22": {
    "precision": 0.96875,
    "recall": 0.96875,
    "f1-score": 0.96875,
    "support": 32.0
  },
  "23": {
    "precision": 0.92,
    "recall": 0.71875,
    "f1-score": 0.8070175438596491,
    "support": 32.0
  },
  "24": {
    "precision": 1.0,
    "recall": 0.75,
    "f1-score": 0.8571428571428571,
    "support": 32.0
  },
  "25": {
    "precision": 0.8571428571428571,
    "recall": 0.75,
    "f1-score": 0.8,
    "support": 32.0
  },
  "26": {
    "precision": 0.8285714285714286,
    "recall": 0.90625,
    "f1-score": 0.8656716417910447,
    "support": 32.0
  },
  "27": {
    "precision": 0.9615384615384616,
    "recall": 0.78125,
    "f1-score": 0.8620689655172413,
    "support": 32.0
  },
  "28": {
    "precision": 1.0,
    "recall": 0.53125,
    "f1-score": 0.6938775510204082,
    "support": 32.0
  },
  "29": {
    "precision": 0.7096774193548387,
    "recall": 0.6875,
    "f1-score": 0.6984126984126984,
    "support": 32.0
  },
  "30": {
    "precision": 1.0,
    "recall": 0.875,
    "f1-score": 0.9333333333333333,
    "support": 32.0
  },
  "31": {
    "precision": 0.7692307692307693,
    "recall": 0.9375,
    "f1-score": 0.8450704225352113,
    "support": 32.0
  },
  "32": {
    "precision": 0.5757575757575758,
    "recall": 0.59375,
    "f1-score": 0.5846153846153846,
    "support": 32.0
  },
  "33": {
    "precision": 0.7352941176470589,
    "recall": 0.78125,
    "f1-score": 0.7575757575757576,
    "support": 32.0
  },
  "34": {
    "precision": 0.7804878048780488,
    "recall": 1.0,
    "f1-score": 0.8767123287671232,
    "support": 32.0
  },
  "35": {
    "precision": 0.9696969696969697,
    "recall": 1.0,
    "f1-score": 0.9846153846153847,
    "support": 32.0
  },
  "36": {
    "precision": 0.9090909090909091,
    "recall": 0.9375,
    "f1-score": 0.9230769230769231,
    "support": 32.0
  },
  "37": {
    "precision": 0.8888888888888888,
    "recall": 1.0,
    "f1-score": 0.9411764705882353,
    "support": 32.0
  },
  "38": {
    "precision": 0.875,
    "recall": 0.875,
    "f1-score": 0.875,
    "support": 32.0
  },
  "39": {
    "precision": 0.9375,
    "recall": 0.9375,
    "f1-score": 0.9375,
    "support": 32.0
  },
  "40": {
    "precision": 1.0,
    "recall": 1.0,
    "f1-score": 1.0,
    "support": 32.0
  },
  "41": {
    "precision": 0.7209302325581395,
    "recall": 0.96875,
    "f1-score": 0.8266666666666667,
    "support": 32.0
  },
  "42": {
    "precision": 0.9375,
    "recall": 0.9375,
    "f1-score": 0.9375,
    "support": 32.0
  },
  "43": {
    "precision": 0.9655172413793104,
    "recall": 0.875,
    "f1-score": 0.9180327868852459,
    "support": 32.0
  },
  "44": {
    "precision": 1.0,
    "recall": 0.96875,
    "f1-score": 0.9841269841269841,
    "support": 32.0
  },
  "45": {
    "precision": 0.7297297297297297,
    "recall": 0.84375,
    "f1-score": 0.782608695652174,
    "support": 32.0
  },
  "46": {
    "precision": 0.7368421052631579,
    "recall": 0.875,
    "f1-score": 0.8,
    "support": 32.0
  },
  "47": {
    "precision": 0.6774193548387096,
    "recall": 0.65625,
    "f1-score": 0.6666666666666666,
    "support": 32.0
  },
  "48": {
    "precision": 0.9130434782608695,
    "recall": 0.65625,
    "f1-score": 0.7636363636363637,
    "support": 32.0
  },
  "49": {
    "precision": 0.7,
    "recall": 0.65625,
    "f1-score": 0.6774193548387096,
    "support": 32.0
  },
  "accuracy": 0.84875,
  "macro avg": {
    "precision": 0.8578742522199521,
    "recall": 0.84875,
    "f1-score": 0.847373775117262,
    "support": 1600.0
  },
  "weighted avg": {
    "precision": 0.8578742522199521,
    "recall": 0.84875,
    "f1-score": 0.847373775117262,
    "support": 1600.0
  }
}