{
  "0": {
    "precision": 1.0,
    "recall": 1.0,
    "f1-score": 1.0,
    "support": 150.0
  },
  "1": {
    "precision": 0.918918918918919,
    "recall": 1.0,
    "f1-score": 0.9577464788732394,
    "support": 102.0
  },
  "2": {
    "precision": 0.8627450980392157,
    "recall": 0.8148148148148148,
    "f1-score": 0.8380952380952381,
    "support": 54.0
  },
  "3": {
    "precision": 1.0,
    "recall": 1.0,
    "f1-score": 1.0,
    "support": 78.0
  },
  "4": {
    "precision": 0.9113924050632911,
    "recall": 0.8571428571428571,
    "f1-score": 0.8834355828220859,
    "support": 84.0
  },
  "5": {
    "precision": 0.9896907216494846,
    "recall": 1.0,
    "f1-score": 0.9948186528497409,
    "support": 96.0
  },
  "6": {
    "precision": 0.9868421052631579,
    "recall": 0.9615384615384616,
    "f1-score": 0.974025974025974,
    "support": 78.0
  },
  "accuracy": 0.9610591900311527,
  "macro avg": {
    "precision": 0.9527984641334383,
    "recall": 0.9476423047851619,
    "f1-score": 0.9497317038094684,
    "support": 642.0
  },
  "weighted avg": {
    "precision": 0.9608394400904061,
    "recall": 0.9610591900311527,
    "f1-score": 0.9604867434686443,
    "support": 642.0
  }
}