{
  "0": {
    "precision": 0.6571428571428571,
    "recall": 0.7796610169491526,
    "f1-score": 0.7131782945736435,
    "support": 59.0
  },
  "1": {
    "precision": 0.7346938775510204,
    "recall": 0.6,
    "f1-score": 0.6605504587155964,
    "support": 60.0
  },
  "accuracy": 0.6890756302521008,
  "macro avg": {
    "precision": 0.6959183673469388,
    "recall": 0.6898305084745763,
    "f1-score": 0.6868643766446199,
    "support": 119.0
  },
  "weighted avg": {
    "precision": 0.6962442119705026,
    "recall": 0.6890756302521008,
    "f1-score": 0.6866432512838718,
    "support": 119.0
  }
}