{
  "train_loss": [
    0.7486009668686494,
    0.05226104207499376,
    0.019182825089661504,
    0.012913852825621578,
    0.05138998760659004,
    0.057897925073704525,
    0.002024796406950256,
    0.0013586212909922606,
    0.0015637024709769173,
    0.004913955777477346,
    0.0007350779770629776,
    0.001257616365248645,
    0.015832224599668914,
    0.012580522366529592,
    0.001968728279770349,
    0.0007014877940426549,
    0.0003801423628710071,
    0.0005366048756392087,
    0.014570307536007158,
    0.010113418751433956,
    0.0125436358334427,
    0.013625650863943628,
    0.017541352743239393,
    0.006369790034383141,
    0.0010780011845181038,
    0.00043065398275080453,
    0.00021514344394331757,
    0.0002396038481914888,
    0.00022934788309989318,
    0.00015514044316320148
  ],
  "val_loss": [
    0.24482973360941046,
    0.369904085216214,
    0.12243238748326851,
    0.1424319912154355,
    0.3701763650826019,
    0.1494958219481081,
    0.09738854820784935,
    0.09585241435931247,
    0.11479912424819817,
    0.120499675029084,
    0.11608645736350101,
    0.10789506710630391,
    0.15517627123313177,
    0.10160467061112603,
    0.1641229094206312,
    0.07503360445318145,
    0.07069949815020754,
    0.0744178129151185,
    0.0997392453008108,
    0.1555301301802198,
    0.1775585807565414,
    0.12785904493902425,
    0.08779544995755328,
    0.06203588684933765,
    0.08485953422913159,
    0.07833592079484086,
    0.07487838198953073,
    0.06754333075648028,
    0.07321357358148398,
    0.06835494164306369
  ],
  "train_acc": [
    0.7476635514018691,
    0.985202492211838,
    0.9968847352024922,
    0.9953271028037384,
    0.9824766355140186,
    0.9855919003115264,
    1.0,
    1.0,
    1.0,
    0.9980529595015576,
    1.0,
    0.9996105919003115,
    0.9953271028037384,
    0.9968847352024922,
    1.0,
    1.0,
    1.0,
    0.9996105919003115,
    0.9968847352024922,
    0.9976635514018691,
    0.9957165109034268,
    0.9957165109034268,
    0.9957165109034268,
    0.9984423676012462,
    1.0,
    1.0,
    1.0,
    1.0,
    1.0,
    1.0
  ],
  "val_acc": [
    0.9065420560747663,
    0.8785046728971962,
    0.9704049844236761,
    0.9548286604361371,
    0.8582554517133957,
    0.9532710280373832,
    0.9641744548286605,
    0.9672897196261683,
    0.9657320872274143,
    0.9610591900311527,
    0.9641744548286605,
    0.9626168224299065,
    0.9454828660436138,
    0.9641744548286605,
    0.9610591900311527,
    0.9750778816199377,
    0.9719626168224299,
    0.9688473520249221,
    0.9672897196261683,
    0.9595015576323987,
    0.9548286604361371,
    0.9532710280373832,
    0.9750778816199377,
    0.9828660436137072,
    0.9813084112149533,
    0.9797507788161994,
    0.9750778816199377,
    0.9813084112149533,
    0.9797507788161994,
    0.9797507788161994
  ]
}