{
  "final_val_acc": 0.9797507788161994,
  "top3_acc": 0.9968847352024922,
  "auc_macro": 0.9992087345747995,
  "macro_f1": 0.9747849513072203,
  "macro_precision": 0.9763792013870127,
  "macro_recall": 0.9734504913076342,
  "weighted_f1": 0.9797021616371696,
  "per_class_metrics": {
    "0": {
      "precision": 1.0,
      "recall": 1.0,
      "f1-score": 1.0,
      "support": 156
    },
    "1": {
      "precision": 0.9387755102040817,
      "recall": 0.9583333333333334,
      "f1-score": 0.9484536082474226,
      "support": 96
    },
    "2": {
      "precision": 0.9607843137254902,
      "recall": 0.9074074074074074,
      "f1-score": 0.9333333333333333,
      "support": 54
    },
    "3": {
      "precision": 1.0,
      "recall": 1.0,
      "f1-score": 1.0,
      "support": 84
    },
    "4": {
      "precision": 0.9761904761904762,
      "recall": 0.9761904761904762,
      "f1-score": 0.9761904761904762,
      "support": 84
    },
    "5": {
      "precision": 1.0,
      "recall": 1.0,
      "f1-score": 1.0,
      "support": 96
    },
    "6": {
      "precision": 0.958904109589041,
      "recall": 0.9722222222222222,
      "f1-score": 0.9655172413793104,
      "support": 72
    },
    "macro avg": {
      "precision": 0.9763792013870127,
      "recall": 0.9734504913076342,
      "f1-score": 0.9747849513072203,
      "support": 642
    },
    "weighted avg": {
      "precision": 0.9798222707339241,
      "recall": 0.9797507788161994,
      "f1-score": 0.9797021616371696,
      "support": 642
    }
  }
}