{
  "0": {
    "precision": 0.5319148936170213,
    "recall": 0.6227758007117438,
    "f1-score": 0.5737704918032787,
    "support": 281.0
  },
  "1": {
    "precision": 0.735,
    "recall": 0.65625,
    "f1-score": 0.6933962264150944,
    "support": 448.0
  },
  "accuracy": 0.6433470507544582,
  "macro avg": {
    "precision": 0.6334574468085106,
    "recall": 0.6395129003558719,
    "f1-score": 0.6335833591091865,
    "support": 729.0
  },
  "weighted avg": {
    "precision": 0.6567189096109506,
    "recall": 0.6433470507544582,
    "f1-score": 0.6472853465441476,
    "support": 729.0
  }
}