{
  "0": {
    "precision": 0.89,
    "recall": 1.0,
    "f1-score": 0.9417989417989417,
    "support": 89.0
  },
  "1": {
    "precision": 1.0,
    "recall": 0.9197080291970803,
    "f1-score": 0.9581749049429658,
    "support": 137.0
  },
  "accuracy": 0.9513274336283186,
  "macro avg": {
    "precision": 0.9450000000000001,
    "recall": 0.9598540145985401,
    "f1-score": 0.9499869233709537,
    "support": 226.0
  },
  "weighted avg": {
    "precision": 0.9566814159292035,
    "recall": 0.9513274336283186,
    "f1-score": 0.9517259637048324,
    "support": 226.0
  }
}