{
  "0": {
    "precision": 0.7906976744186046,
    "recall": 0.6181818181818182,
    "f1-score": 0.6938775510204082,
    "support": 55.0
  },
  "1": {
    "precision": 0.7083333333333334,
    "recall": 0.85,
    "f1-score": 0.7727272727272727,
    "support": 60.0
  },
  "accuracy": 0.7391304347826086,
  "macro avg": {
    "precision": 0.749515503875969,
    "recall": 0.7340909090909091,
    "f1-score": 0.7333024118738405,
    "support": 115.0
  },
  "weighted avg": {
    "precision": 0.7477249747219413,
    "recall": 0.7391304347826086,
    "f1-score": 0.7350165362587723,
    "support": 115.0
  }
}