{
  "0": {
    "precision": 0.933852140077821,
    "recall": 0.96579476861167,
    "f1-score": 0.9495548961424333,
    "support": 497.0
  },
  "1": {
    "precision": 0.8547008547008547,
    "recall": 0.746268656716418,
    "f1-score": 0.796812749003984,
    "support": 134.0
  },
  "accuracy": 0.919175911251981,
  "macro avg": {
    "precision": 0.8942764973893378,
    "recall": 0.856031712664044,
    "f1-score": 0.8731838225732087,
    "support": 631.0
  },
  "weighted avg": {
    "precision": 0.9170434677473718,
    "recall": 0.919175911251981,
    "f1-score": 0.9171183704426675,
    "support": 631.0
  }
}