{
  "final_val_acc": 0.59,
  "top3_acc": 0.81625,
  "auc_macro": 0.9665338010204081,
  "macro_f1": 0.5877910930200645,
  "macro_precision": 0.6173292786998258,
  "macro_recall": 0.59,
  "weighted_f1": 0.5877910930200645,
  "per_class_metrics": {
    "0": {
      "precision": 0.6296296296296297,
      "recall": 0.53125,
      "f1-score": 0.576271186440678,
      "support": 32
    },
    "1": {
      "precision": 0.36666666666666664,
      "recall": 0.34375,
      "f1-score": 0.3548387096774194,
      "support": 32
    },
    "2": {
      "precision": 0.5348837209302325,
      "recall": 0.71875,
      "f1-score": 0.6133333333333333,
      "support": 32
    },
    "3": {
      "precision": 0.6333333333333333,
      "recall": 0.59375,
      "f1-score": 0.6129032258064516,
      "support": 32
    },
    "4": {
      "precision": 0.5945945945945946,
      "recall": 0.6875,
      "f1-score": 0.6376811594202898,
      "support": 32
    },
    "5": {
      "precision": 0.45454545454545453,
      "recall": 0.3125,
      "f1-score": 0.37037037037037035,
      "support": 32
    },
    "6": {
      "precision": 0.8333333333333334,
      "recall": 0.625,
      "f1-score": 0.7142857142857143,
      "support": 32
    },
    "7": {
      "precision": 0.7058823529411765,
      "recall": 0.75,
      "f1-score": 0.7272727272727273,
      "support": 32
    },
    "8": {
      "precision": 0.8709677419354839,
      "recall": 0.84375,
      "f1-score": 0.8571428571428571,
      "support": 32
    },
    "9": {
      "precision": 0.7407407407407407,
      "recall": 0.625,
      "f1-score": 0.6779661016949152,
      "support": 32
    },
    "10": {
      "precision": 0.9285714285714286,
      "recall": 0.8125,
      "f1-score": 0.8666666666666667,
      "support": 32
    },
    "11": {
      "precision": 0.5945945945945946,
      "recall": 0.6875,
      "f1-score": 0.6376811594202898,
      "support": 32
    },
    "12": {
      "precision": 0.3037974683544304,
      "recall": 0.75,
      "f1-score": 0.43243243243243246,
      "support": 32
    },
    "13": {
      "precision": 0.5,
      "recall": 0.46875,
      "f1-score": 0.4838709677419355,
      "support": 32
    },
    "14": {
      "precision": 0.6666666666666666,
      "recall": 0.5,
      "f1-score": 0.5714285714285714,
      "support": 32
    },
    "15": {
      "precision": 0.6304347826086957,
      "recall": 0.90625,
      "f1-score": 0.7435897435897436,
      "support": 32
    },
    "16": {
      "precision": 0.6363636363636364,
      "recall": 0.65625,
      "f1-score": 0.6461538461538462,
      "support": 32
    },
    "17": {
      "precision": 0.8695652173913043,
      "recall": 0.625,
      "f1-score": 0.7272727272727273,
      "support": 32
    },
    "18": {
      "precision": 0.8888888888888888,
      "recall": 0.25,
      "f1-score": 0.3902439024390244,
      "support": 32
    },
    "19": {
      "precision": 0.5,
      "recall": 0.5,
      "f1-score": 0.5,
      "support": 32
    },
    "20": {
      "precision": 0.5111111111111111,
      "recall": 0.71875,
      "f1-score": 0.5974025974025974,
      "support": 32
    },
    "21": {
      "precision": 0.2972972972972973,
      "recall": 0.34375,
      "f1-score": 0.3188405797101449,
      "support": 32
    },
    "22": {
      "precision": 0.5333333333333333,
      "recall": 0.75,
      "f1-score": 0.6233766233766234,
      "support": 32
    },
    "23": {
      "precision": 0.6875,
      "recall": 0.6875,
      "f1-score": 0.6875,
      "support": 32
    },
    "24": {
      "precision": 0.875,
      "recall": 0.4375,
      "f1-score": 0.5833333333333334,
      "support": 32
    },
    "25": {
      "precision": 0.8571428571428571,
      "recall": 0.75,
      "f1-score": 0.8,
      "support": 32
    },
    "26": {
      "precision": 0.575,
      "recall": 0.71875,
      "f1-score": 0.6388888888888888,
      "support": 32
    },
    "27": {
      "precision": 0.7027027027027027,
      "recall": 0.8125,
      "f1-score": 0.7536231884057971,
      "support": 32
    },
    "28": {
      "precision": 0.48148148148148145,
      "recall": 0.40625,
      "f1-score": 0.4406779661016949,
      "support": 32
    },
    "29": {
      "precision": 0.6666666666666666,
      "recall": 0.4375,
      "f1-score": 0.5283018867924528,
      "support": 32
    },
    "30": {
      "precision": 0.6666666666666666,
      "recall": 0.5625,
      "f1-score": 0.6101694915254238,
      "support": 32
    },
    "31": {
      "precision": 0.5454545454545454,
      "recall": 0.5625,
      "f1-score": 0.5538461538461539,
      "support": 32
    },
    "32": {
      "precision": 0.25,
      "recall": 0.125,
      "f1-score": 0.16666666666666666,
      "support": 32
    },
    "33": {
      "precision": 0.43333333333333335,
      "recall": 0.40625,
      "f1-score": 0.41935483870967744,
      "support": 32
    },
    "34": {
      "precision": 0.6956521739130435,
      "recall": 0.5,
      "f1-score": 0.5818181818181818,
      "support": 32
    },
    "35": {
      "precision": 0.47058823529411764,
      "recall": 0.5,
      "f1-score": 0.48484848484848486,
      "support": 32
    },
    "36": {
      "precision": 0.46153846153846156,
      "recall": 0.375,
      "f1-score": 0.41379310344827586,
      "support": 32
    },
    "37": {
      "precision": 0.75,
      "recall": 0.65625,
      "f1-score": 0.7,
      "support": 32
    },
    "38": {
      "precision": 0.7352941176470589,
      "recall": 0.78125,
      "f1-score": 0.7575757575757576,
      "support": 32
    },
    "39": {
      "precision": 0.65,
      "recall": 0.40625,
      "f1-score": 0.5,
      "support": 32
    },
    "40": {
      "precision": 0.95,
      "recall": 0.59375,
      "f1-score": 0.7307692307692307,
      "support": 32
    },
    "41": {
      "precision": 0.3620689655172414,
      "recall": 0.65625,
      "f1-score": 0.4666666666666667,
      "support": 32
    },
    "42": {
      "precision": 0.5365853658536586,
      "recall": 0.6875,
      "f1-score": 0.6027397260273972,
      "support": 32
    },
    "43": {
      "precision": 0.7837837837837838,
      "recall": 0.90625,
      "f1-score": 0.8405797101449275,
      "support": 32
    },
    "44": {
      "precision": 0.5178571428571429,
      "recall": 0.90625,
      "f1-score": 0.6590909090909091,
      "support": 32
    },
    "45": {
      "precision": 0.7692307692307693,
      "recall": 0.625,
      "f1-score": 0.6896551724137931,
      "support": 32
    },
    "46": {
      "precision": 0.8148148148148148,
      "recall": 0.6875,
      "f1-score": 0.7457627118644068,
      "support": 32
    },
    "47": {
      "precision": 0.5185185185185185,
      "recall": 0.4375,
      "f1-score": 0.4745762711864407,
      "support": 32
    },
    "48": {
      "precision": 0.41379310344827586,
      "recall": 0.375,
      "f1-score": 0.39344262295081966,
      "support": 32
    },
    "49": {
      "precision": 0.47058823529411764,
      "recall": 0.5,
      "f1-score": 0.48484848484848486,
      "support": 32
    },
    "macro avg": {
      "precision": 0.6173292786998258,
      "recall": 0.59,
      "f1-score": 0.5877910930200645,
      "support": 1600
    },
    "weighted avg": {
      "precision": 0.6173292786998258,
      "recall": 0.59,
      "f1-score": 0.5877910930200645,
      "support": 1600
    }
  }
}