{
  "train_loss": [
    3.2526035356521605,
    1.6579172146320342,
    0.8332386058568955,
    0.4425589595735073,
    0.2335812696069479,
    0.14068663017824293,
    0.11315293315798045,
    0.08723023321479559,
    0.08467506982386112,
    0.06866085076704621,
    0.06282590970396995,
    0.06196814230643213,
    0.052956075398251416,
    0.041903220564126965,
    0.03426673731999472,
    0.051198916884604845,
    0.06045848829206079,
    0.05666877266019583,
    0.05865703382063657,
    0.026994489897042513,
    0.03231213275110349,
    0.04831405732780695,
    0.02976810743450187,
    0.01963394958875142,
    0.039820200345711786,
    0.04073238532058895,
    0.026809050282463432,
    0.034500896567478775,
    0.0313297107629478,
    0.021217181319370865
  ],
  "val_loss": [
    2.6070884895324706,
    1.922291865348816,
    1.7871644306182861,
    1.6988686323165894,
    1.6539704895019531,
    1.7032233262062073,
    1.759732382297516,
    1.7384522914886475,
    1.7749653005599975,
    1.9339460134506226,
    2.000346231460571,
    2.0214157795906065,
    1.8461758279800415,
    1.9477123880386353,
    1.8246528911590576,
    1.89755957365036,
    1.9415969824790955,
    1.9277093815803528,
    1.7466236400604247,
    1.81022558927536,
    1.8629956698417665,
    1.7777603602409362,
    1.8174240684509277,
    1.8382334661483766,
    2.0177708148956297,
    1.8402266454696656,
    1.9739786338806153,
    1.893651294708252,
    1.8368466567993165,
    1.9372994375228882
  ],
  "train_acc": [
    0.16140625,
    0.520625,
    0.75515625,
    0.87171875,
    0.93359375,
    0.963125,
    0.9678125,
    0.976875,
    0.9765625,
    0.980625,
    0.9821875,
    0.98203125,
    0.98484375,
    0.989375,
    0.991875,
    0.98515625,
    0.98359375,
    0.983125,
    0.98390625,
    0.993125,
    0.990625,
    0.98734375,
    0.99171875,
    0.99453125,
    0.98921875,
    0.98890625,
    0.99359375,
    0.98984375,
    0.9909375,
    0.99375
  ],
  "val_acc": [
    0.300625,
    0.45,
    0.51,
    0.535625,
    0.575625,
    0.574375,
    0.5725,
    0.5675,
    0.589375,
    0.5575,
    0.565625,
    0.56875,
    0.589375,
    0.585,
    0.615625,
    0.59,
    0.58,
    0.579375,
    0.600625,
    0.619375,
    0.61,
    0.5975,
    0.6175,
    0.626875,
    0.584375,
    0.610625,
    0.603125,
    0.61,
    0.613125,
    0.59
  ]
}