{
  "0": {
    "precision": 0.7796610169491526,
    "recall": 0.8363636363636363,
    "f1-score": 0.8070175438596491,
    "support": 55.0
  },
  "1": {
    "precision": 0.8392857142857143,
    "recall": 0.7833333333333333,
    "f1-score": 0.8103448275862069,
    "support": 60.0
  },
  "accuracy": 0.808695652173913,
  "macro avg": {
    "precision": 0.8094733656174334,
    "recall": 0.8098484848484848,
    "f1-score": 0.8086811857229279,
    "support": 115.0
  },
  "weighted avg": {
    "precision": 0.8107695546899674,
    "recall": 0.808695652173913,
    "f1-score": 0.8087535179778531,
    "support": 115.0
  }
}