{
  "0": {
    "precision": 0.696969696969697,
    "recall": 0.8363636363636363,
    "f1-score": 0.7603305785123967,
    "support": 55.0
  },
  "1": {
    "precision": 0.8163265306122449,
    "recall": 0.6666666666666666,
    "f1-score": 0.7339449541284404,
    "support": 60.0
  },
  "accuracy": 0.7478260869565218,
  "macro avg": {
    "precision": 0.756648113790971,
    "recall": 0.7515151515151515,
    "f1-score": 0.7471377663204186,
    "support": 115.0
  },
  "weighted avg": {
    "precision": 0.7592428275658091,
    "recall": 0.7478260869565218,
    "f1-score": 0.7465641657903326,
    "support": 115.0
  }
}