{
  "0": {
    "precision": 0.9428571428571428,
    "recall": 0.55,
    "f1-score": 0.6947368421052632,
    "support": 60.0
  },
  "1": {
    "precision": 0.6823529411764706,
    "recall": 0.9666666666666667,
    "f1-score": 0.8,
    "support": 60.0
  },
  "accuracy": 0.7583333333333333,
  "macro avg": {
    "precision": 0.8126050420168067,
    "recall": 0.7583333333333333,
    "f1-score": 0.7473684210526317,
    "support": 120.0
  },
  "weighted avg": {
    "precision": 0.8126050420168068,
    "recall": 0.7583333333333333,
    "f1-score": 0.7473684210526316,
    "support": 120.0
  }
}