{
  "train_loss": [
    2.5975992467660043,
    0.7239203106293621,
    0.26626640173666666,
    0.11645197664419388,
    0.06243789822696578,
    0.03897322543457772,
    0.02705721563891384,
    0.02420167881606091,
    0.023599969979432055,
    0.012933647197506387,
    0.013883473848031565,
    0.02502087748163828,
    0.015847100859539637,
    0.011436262946541542,
    0.011441588322644382,
    0.012265160306764382,
    0.019570138544912748,
    0.01634297320155674,
    0.013874502743727769,
    0.011610342390745659,
    0.01078770810572631,
    0.0103191751215611,
    0.014816964292219887,
    0.007765742419224999,
    0.0046371451068050904,
    0.007380473994619538,
    0.007273688640749849,
    0.006982822274392591,
    0.01095004853711156,
    0.01419170844864634
  ],
  "val_loss": [
    1.3696133410930633,
    0.8329245620965957,
    0.7285192039608955,
    0.7055167886614799,
    0.6895915897190571,
    0.6240044160187245,
    0.6971860580146313,
    0.6761081137508154,
    0.7677652984857559,
    0.6329494079947472,
    0.8287862920761109,
    0.65967961743474,
    0.6848360753059387,
    0.6936486846208573,
    0.833522282578051,
    0.6980270260199904,
    0.6755767507851124,
    0.6955052235350013,
    0.6552076613903046,
    0.692382985111326,
    0.6770449589192867,
    0.7484007082879544,
    0.7576378628611564,
    0.6399084394797683,
    0.7632887018844485,
    0.7186778442002832,
    0.6581694363802671,
    0.6905327797308565,
    0.7067381432652473,
    0.6950037747621536
  ],
  "train_acc": [
    0.42243399468832993,
    0.8244024371192001,
    0.9456334947664428,
    0.9803155756912982,
    0.9904702390251523,
    0.9935947508201843,
    0.9965630370254648,
    0.9962505858459616,
    0.9951570067177004,
    0.9987501952819872,
    0.9971879393844711,
    0.9946883299484456,
    0.9964068114357132,
    0.9981252929229808,
    0.9979690673332292,
    0.9973441649742227,
    0.9956256834869551,
    0.9967192626152164,
    0.9964068114357132,
    0.9971879393844711,
    0.9979690673332292,
    0.9975003905639743,
    0.9964068114357132,
    0.9982815185127324,
    0.9990626464614903,
    0.9990626464614903,
    0.9981252929229808,
    0.9989064208717388,
    0.9971879393844711,
    0.9967192626152164
  ],
  "val_acc": [
    0.63125,
    0.7625,
    0.7875,
    0.8025,
    0.800625,
    0.8275,
    0.81,
    0.80875,
    0.785,
    0.825,
    0.77875,
    0.823125,
    0.801875,
    0.8175,
    0.786875,
    0.825,
    0.82,
    0.819375,
    0.816875,
    0.825,
    0.821875,
    0.809375,
    0.81625,
    0.836875,
    0.8125,
    0.821875,
    0.829375,
    0.81875,
    0.82125,
    0.8275
  ]
}