{
  "0": {
    "precision": 0.9852941176470589,
    "recall": 0.7790697674418605,
    "f1-score": 0.8701298701298701,
    "support": 86.0
  },
  "1": {
    "precision": 0.7625,
    "recall": 0.9838709677419355,
    "f1-score": 0.8591549295774648,
    "support": 62.0
  },
  "accuracy": 0.8648648648648649,
  "macro avg": {
    "precision": 0.8738970588235294,
    "recall": 0.881470367591898,
    "f1-score": 0.8646423998536674,
    "support": 148.0
  },
  "weighted avg": {
    "precision": 0.8919614467408584,
    "recall": 0.8648648648648649,
    "f1-score": 0.8655322598984572,
    "support": 148.0
  }
}