{
  "0": {
    "precision": 0.6610169491525424,
    "recall": 0.7090909090909091,
    "f1-score": 0.6842105263157895,
    "support": 55.0
  },
  "1": {
    "precision": 0.7142857142857143,
    "recall": 0.6666666666666666,
    "f1-score": 0.6896551724137931,
    "support": 60.0
  },
  "accuracy": 0.6869565217391305,
  "macro avg": {
    "precision": 0.6876513317191284,
    "recall": 0.6878787878787879,
    "f1-score": 0.6869328493647913,
    "support": 115.0
  },
  "weighted avg": {
    "precision": 0.6888093483524583,
    "recall": 0.6869565217391305,
    "f1-score": 0.687051211236487,
    "support": 115.0
  }
}