{
  "0": {
    "precision": 0.7894736842105263,
    "recall": 0.9090909090909091,
    "f1-score": 0.8450704225352113,
    "support": 66.0
  },
  "1": {
    "precision": 0.88,
    "recall": 0.7333333333333333,
    "f1-score": 0.8,
    "support": 60.0
  },
  "accuracy": 0.8253968253968254,
  "macro avg": {
    "precision": 0.8347368421052632,
    "recall": 0.8212121212121212,
    "f1-score": 0.8225352112676056,
    "support": 126.0
  },
  "weighted avg": {
    "precision": 0.8325814536340852,
    "recall": 0.8253968253968254,
    "f1-score": 0.823608316566063,
    "support": 126.0
  }
}