{
  "0": {
    "precision": 0.9502982107355865,
    "recall": 0.9617706237424547,
    "f1-score": 0.956,
    "support": 497.0
  },
  "1": {
    "precision": 0.8515625,
    "recall": 0.8134328358208955,
    "f1-score": 0.8320610687022901,
    "support": 134.0
  },
  "accuracy": 0.93026941362916,
  "macro avg": {
    "precision": 0.9009303553677932,
    "recall": 0.8876017297816752,
    "f1-score": 0.894030534351145,
    "support": 631.0
  },
  "weighted avg": {
    "precision": 0.9293305637647964,
    "recall": 0.93026941362916,
    "f1-score": 0.9296801635595988,
    "support": 631.0
  }
}