{
  "0": {
    "precision": 0.7818181818181819,
    "recall": 0.7166666666666667,
    "f1-score": 0.7478260869565218,
    "support": 60.0
  },
  "1": {
    "precision": 0.7384615384615385,
    "recall": 0.8,
    "f1-score": 0.768,
    "support": 60.0
  },
  "accuracy": 0.7583333333333333,
  "macro avg": {
    "precision": 0.7601398601398601,
    "recall": 0.7583333333333333,
    "f1-score": 0.7579130434782608,
    "support": 120.0
  },
  "weighted avg": {
    "precision": 0.7601398601398602,
    "recall": 0.7583333333333333,
    "f1-score": 0.7579130434782608,
    "support": 120.0
  }
}