{
  "0": {
    "precision": 0.48717948717948717,
    "recall": 0.2550335570469799,
    "f1-score": 0.33480176211453744,
    "support": 149.0
  },
  "1": {
    "precision": 0.6735294117647059,
    "recall": 0.8513011152416357,
    "f1-score": 0.7520525451559934,
    "support": 269.0
  },
  "accuracy": 0.638755980861244,
  "macro avg": {
    "precision": 0.5803544494720966,
    "recall": 0.5531673361443078,
    "f1-score": 0.5434271536352654,
    "support": 418.0
  },
  "weighted avg": {
    "precision": 0.6071032424747596,
    "recall": 0.638755980861244,
    "f1-score": 0.6033196105311682,
    "support": 418.0
  }
}