{
  "0": {
    "precision": 0.6229508196721312,
    "recall": 0.4418604651162791,
    "f1-score": 0.5170068027210885,
    "support": 86.0
  },
  "1": {
    "precision": 0.6033057851239669,
    "recall": 0.7604166666666666,
    "f1-score": 0.6728110599078341,
    "support": 96.0
  },
  "accuracy": 0.6098901098901099,
  "macro avg": {
    "precision": 0.613128302398049,
    "recall": 0.6011385658914729,
    "f1-score": 0.5949089313144613,
    "support": 182.0
  },
  "weighted avg": {
    "precision": 0.6125886036467258,
    "recall": 0.6098901098901099,
    "f1-score": 0.5991892680503609,
    "support": 182.0
  }
}