{
  "0": {
    "precision": 0.8409090909090909,
    "recall": 0.6166666666666667,
    "f1-score": 0.7115384615384616,
    "support": 60.0
  },
  "1": {
    "precision": 0.6973684210526315,
    "recall": 0.8833333333333333,
    "f1-score": 0.7794117647058824,
    "support": 60.0
  },
  "accuracy": 0.75,
  "macro avg": {
    "precision": 0.7691387559808612,
    "recall": 0.75,
    "f1-score": 0.745475113122172,
    "support": 120.0
  },
  "weighted avg": {
    "precision": 0.7691387559808612,
    "recall": 0.75,
    "f1-score": 0.745475113122172,
    "support": 120.0
  }
}