{
  "0": {
    "precision": 0.9171597633136095,
    "recall": 0.9935897435897436,
    "f1-score": 0.9538461538461539,
    "support": 156.0
  },
  "1": {
    "precision": 0.8545454545454545,
    "recall": 0.9791666666666666,
    "f1-score": 0.912621359223301,
    "support": 96.0
  },
  "2": {
    "precision": 0.875,
    "recall": 0.5185185185185185,
    "f1-score": 0.6511627906976745,
    "support": 54.0
  },
  "3": {
    "precision": 0.8202247191011236,
    "recall": 0.8690476190476191,
    "f1-score": 0.8439306358381503,
    "support": 84.0
  },
  "4": {
    "precision": 0.8795180722891566,
    "recall": 0.8690476190476191,
    "f1-score": 0.874251497005988,
    "support": 84.0
  },
  "5": {
    "precision": 0.9263157894736842,
    "recall": 0.9166666666666666,
    "f1-score": 0.9214659685863874,
    "support": 96.0
  },
  "6": {
    "precision": 0.96875,
    "recall": 0.8611111111111112,
    "f1-score": 0.9117647058823529,
    "support": 72.0
  },
  "accuracy": 0.8925233644859814,
  "macro avg": {
    "precision": 0.891644828389004,
    "recall": 0.8581639920925637,
    "f1-score": 0.8670061587257154,
    "support": 642.0
  },
  "weighted avg": {
    "precision": 0.8937975030834018,
    "recall": 0.8925233644859814,
    "f1-score": 0.8878653148751426,
    "support": 642.0
  }
}