{
  "0": {
    "precision": 0.6428571428571429,
    "recall": 0.28125,
    "f1-score": 0.391304347826087,
    "support": 32.0
  },
  "1": {
    "precision": 0.5714285714285714,
    "recall": 0.25,
    "f1-score": 0.34782608695652173,
    "support": 32.0
  },
  "2": {
    "precision": 0.4666666666666667,
    "recall": 0.875,
    "f1-score": 0.6086956521739131,
    "support": 32.0
  },
  "3": {
    "precision": 0.38,
    "recall": 0.59375,
    "f1-score": 0.4634146341463415,
    "support": 32.0
  },
  "4": {
    "precision": 0.8,
    "recall": 0.25,
    "f1-score": 0.38095238095238093,
    "support": 32.0
  },
  "5": {
    "precision": 0.5909090909090909,
    "recall": 0.8125,
    "f1-score": 0.6842105263157895,
    "support": 32.0
  },
  "6": {
    "precision": 0.75,
    "recall": 0.84375,
    "f1-score": 0.7941176470588235,
    "support": 32.0
  },
  "7": {
    "precision": 0.6428571428571429,
    "recall": 0.28125,
    "f1-score": 0.391304347826087,
    "support": 32.0
  },
  "8": {
    "precision": 0.6744186046511628,
    "recall": 0.90625,
    "f1-score": 0.7733333333333333,
    "support": 32.0
  },
  "9": {
    "precision": 1.0,
    "recall": 0.375,
    "f1-score": 0.5454545454545454,
    "support": 32.0
  },
  "10": {
    "precision": 0.9230769230769231,
    "recall": 0.75,
    "f1-score": 0.8275862068965517,
    "support": 32.0
  },
  "11": {
    "precision": 0.38461538461538464,
    "recall": 0.625,
    "f1-score": 0.47619047619047616,
    "support": 32.0
  },
  "12": {
    "precision": 0.5625,
    "recall": 0.5625,
    "f1-score": 0.5625,
    "support": 32.0
  },
  "13": {
    "precision": 0.7333333333333333,
    "recall": 0.6875,
    "f1-score": 0.7096774193548387,
    "support": 32.0
  },
  "14": {
    "precision": 0.5952380952380952,
    "recall": 0.78125,
    "f1-score": 0.6756756756756757,
    "support": 32.0
  },
  "15": {
    "precision": 0.9473684210526315,
    "recall": 0.5625,
    "f1-score": 0.7058823529411765,
    "support": 32.0
  },
  "16": {
    "precision": 0.5,
    "recall": 0.53125,
    "f1-score": 0.5151515151515151,
    "support": 32.0
  },
  "17": {
    "precision": 0.5370370370370371,
    "recall": 0.90625,
    "f1-score": 0.6744186046511628,
    "support": 32.0
  },
  "18": {
    "precision": 0.2597402597402597,
    "recall": 0.625,
    "f1-score": 0.3669724770642202,
    "support": 32.0
  },
  "19": {
    "precision": 1.0,
    "recall": 0.0625,
    "f1-score": 0.11764705882352941,
    "support": 32.0
  },
  "20": {
    "precision": 0.6296296296296297,
    "recall": 0.53125,
    "f1-score": 0.576271186440678,
    "support": 32.0
  },
  "21": {
    "precision": 0.25,
    "recall": 0.03125,
    "f1-score": 0.05555555555555555,
    "support": 32.0
  },
  "22": {
    "precision": 0.4074074074074074,
    "recall": 0.34375,
    "f1-score": 0.3728813559322034,
    "support": 32.0
  },
  "23": {
    "precision": 0.5833333333333334,
    "recall": 0.21875,
    "f1-score": 0.3181818181818182,
    "support": 32.0
  },
  "24": {
    "precision": 0.5833333333333334,
    "recall": 0.875,
    "f1-score": 0.7,
    "support": 32.0
  },
  "25": {
    "precision": 0.5277777777777778,
    "recall": 0.59375,
    "f1-score": 0.5588235294117647,
    "support": 32.0
  },
  "26": {
    "precision": 0.6363636363636364,
    "recall": 0.875,
    "f1-score": 0.7368421052631579,
    "support": 32.0
  },
  "27": {
    "precision": 0.5454545454545454,
    "recall": 0.9375,
    "f1-score": 0.6896551724137931,
    "support": 32.0
  },
  "28": {
    "precision": 0.23076923076923078,
    "recall": 0.1875,
    "f1-score": 0.20689655172413793,
    "support": 32.0
  },
  "29": {
    "precision": 0.6,
    "recall": 0.1875,
    "f1-score": 0.2857142857142857,
    "support": 32.0
  },
  "30": {
    "precision": 0.8571428571428571,
    "recall": 0.375,
    "f1-score": 0.5217391304347826,
    "support": 32.0
  },
  "31": {
    "precision": 0.5609756097560976,
    "recall": 0.71875,
    "f1-score": 0.6301369863013698,
    "support": 32.0
  },
  "32": {
    "precision": 0.36363636363636365,
    "recall": 0.125,
    "f1-score": 0.18604651162790697,
    "support": 32.0
  },
  "33": {
    "precision": 0.7142857142857143,
    "recall": 0.15625,
    "f1-score": 0.2564102564102564,
    "support": 32.0
  },
  "34": {
    "precision": 0.41509433962264153,
    "recall": 0.6875,
    "f1-score": 0.5176470588235295,
    "support": 32.0
  },
  "35": {
    "precision": 0.7666666666666667,
    "recall": 0.71875,
    "f1-score": 0.7419354838709677,
    "support": 32.0
  },
  "36": {
    "precision": 0.7692307692307693,
    "recall": 0.625,
    "f1-score": 0.6896551724137931,
    "support": 32.0
  },
  "37": {
    "precision": 0.5853658536585366,
    "recall": 0.75,
    "f1-score": 0.6575342465753424,
    "support": 32.0
  },
  "38": {
    "precision": 0.5454545454545454,
    "recall": 0.9375,
    "f1-score": 0.6896551724137931,
    "support": 32.0
  },
  "39": {
    "precision": 0.5882352941176471,
    "recall": 0.3125,
    "f1-score": 0.40816326530612246,
    "support": 32.0
  },
  "40": {
    "precision": 0.7027027027027027,
    "recall": 0.8125,
    "f1-score": 0.7536231884057971,
    "support": 32.0
  },
  "41": {
    "precision": 0.5116279069767442,
    "recall": 0.6875,
    "f1-score": 0.5866666666666667,
    "support": 32.0
  },
  "42": {
    "precision": 0.5121951219512195,
    "recall": 0.65625,
    "f1-score": 0.5753424657534246,
    "support": 32.0
  },
  "43": {
    "precision": 0.7222222222222222,
    "recall": 0.8125,
    "f1-score": 0.7647058823529411,
    "support": 32.0
  },
  "44": {
    "precision": 0.7272727272727273,
    "recall": 0.5,
    "f1-score": 0.5925925925925926,
    "support": 32.0
  },
  "45": {
    "precision": 0.38461538461538464,
    "recall": 0.3125,
    "f1-score": 0.3448275862068966,
    "support": 32.0
  },
  "46": {
    "precision": 0.5384615384615384,
    "recall": 0.875,
    "f1-score": 0.6666666666666666,
    "support": 32.0
  },
  "47": {
    "precision": 0.7037037037037037,
    "recall": 0.59375,
    "f1-score": 0.6440677966101694,
    "support": 32.0
  },
  "48": {
    "precision": 0.6,
    "recall": 0.09375,
    "f1-score": 0.16216216216216217,
    "support": 32.0
  },
  "49": {
    "precision": 0.3225806451612903,
    "recall": 0.625,
    "f1-score": 0.425531914893617,
    "support": 32.0
  },
  "accuracy": 0.554375,
  "macro avg": {
    "precision": 0.5969517106834342,
    "recall": 0.554375,
    "f1-score": 0.5265649411183833,
    "support": 1600.0
  },
  "weighted avg": {
    "precision": 0.5969517106834342,
    "recall": 0.554375,
    "f1-score": 0.5265649411183833,
    "support": 1600.0
  }
}