{
  "0": {
    "precision": 0.875,
    "recall": 0.65625,
    "f1-score": 0.75,
    "support": 32.0
  },
  "1": {
    "precision": 0.5517241379310345,
    "recall": 0.5,
    "f1-score": 0.5245901639344263,
    "support": 32.0
  },
  "2": {
    "precision": 1.0,
    "recall": 0.75,
    "f1-score": 0.8571428571428571,
    "support": 32.0
  },
  "3": {
    "precision": 0.9393939393939394,
    "recall": 0.96875,
    "f1-score": 0.9538461538461539,
    "support": 32.0
  },
  "4": {
    "precision": 0.9090909090909091,
    "recall": 0.9375,
    "f1-score": 0.9230769230769231,
    "support": 32.0
  },
  "5": {
    "precision": 0.6956521739130435,
    "recall": 1.0,
    "f1-score": 0.8205128205128205,
    "support": 32.0
  },
  "6": {
    "precision": 0.9354838709677419,
    "recall": 0.90625,
    "f1-score": 0.9206349206349206,
    "support": 32.0
  },
  "7": {
    "precision": 1.0,
    "recall": 0.8125,
    "f1-score": 0.896551724137931,
    "support": 32.0
  },
  "8": {
    "precision": 0.9666666666666667,
    "recall": 0.90625,
    "f1-score": 0.9354838709677419,
    "support": 32.0
  },
  "9": {
    "precision": 0.8620689655172413,
    "recall": 0.78125,
    "f1-score": 0.819672131147541,
    "support": 32.0
  },
  "10": {
    "precision": 1.0,
    "recall": 0.96875,
    "f1-score": 0.9841269841269841,
    "support": 32.0
  },
  "11": {
    "precision": 0.6956521739130435,
    "recall": 1.0,
    "f1-score": 0.8205128205128205,
    "support": 32.0
  },
  "12": {
    "precision": 0.7209302325581395,
    "recall": 0.96875,
    "f1-score": 0.8266666666666667,
    "support": 32.0
  },
  "13": {
    "precision": 0.9310344827586207,
    "recall": 0.84375,
    "f1-score": 0.8852459016393442,
    "support": 32.0
  },
  "14": {
    "precision": 0.8709677419354839,
    "recall": 0.84375,
    "f1-score": 0.8571428571428571,
    "support": 32.0
  },
  "15": {
    "precision": 1.0,
    "recall": 1.0,
    "f1-score": 1.0,
    "support": 32.0
  },
  "16": {
    "precision": 0.9032258064516129,
    "recall": 0.875,
    "f1-score": 0.8888888888888888,
    "support": 32.0
  },
  "17": {
    "precision": 0.75,
    "recall": 0.75,
    "f1-score": 0.75,
    "support": 32.0
  },
  "18": {
    "precision": 0.7575757575757576,
    "recall": 0.78125,
    "f1-score": 0.7692307692307693,
    "support": 32.0
  },
  "19": {
    "precision": 0.9230769230769231,
    "recall": 0.75,
    "f1-score": 0.8275862068965517,
    "support": 32.0
  },
  "20": {
    "precision": 0.967741935483871,
    "recall": 0.9375,
    "f1-score": 0.9523809523809523,
    "support": 32.0
  },
  "21": {
    "precision": 0.75,
    "recall": 0.75,
    "f1-score": 0.75,
    "support": 32.0
  },
  "22": {
    "precision": 0.8076923076923077,
    "recall": 0.65625,
    "f1-score": 0.7241379310344828,
    "support": 32.0
  },
  "23": {
    "precision": 0.9583333333333334,
    "recall": 0.71875,
    "f1-score": 0.8214285714285714,
    "support": 32.0
  },
  "24": {
    "precision": 0.8157894736842105,
    "recall": 0.96875,
    "f1-score": 0.8857142857142857,
    "support": 32.0
  },
  "25": {
    "precision": 0.9629629629629629,
    "recall": 0.8125,
    "f1-score": 0.8813559322033898,
    "support": 32.0
  },
  "26": {
    "precision": 0.8648648648648649,
    "recall": 1.0,
    "f1-score": 0.927536231884058,
    "support": 32.0
  },
  "27": {
    "precision": 0.8055555555555556,
    "recall": 0.90625,
    "f1-score": 0.8529411764705882,
    "support": 32.0
  },
  "28": {
    "precision": 0.88,
    "recall": 0.6875,
    "f1-score": 0.7719298245614035,
    "support": 32.0
  },
  "29": {
    "precision": 0.8571428571428571,
    "recall": 0.5625,
    "f1-score": 0.6792452830188679,
    "support": 32.0
  },
  "30": {
    "precision": 0.875,
    "recall": 0.875,
    "f1-score": 0.875,
    "support": 32.0
  },
  "31": {
    "precision": 0.7714285714285715,
    "recall": 0.84375,
    "f1-score": 0.8059701492537313,
    "support": 32.0
  },
  "32": {
    "precision": 0.875,
    "recall": 0.65625,
    "f1-score": 0.75,
    "support": 32.0
  },
  "33": {
    "precision": 0.7333333333333333,
    "recall": 0.6875,
    "f1-score": 0.7096774193548387,
    "support": 32.0
  },
  "34": {
    "precision": 0.7567567567567568,
    "recall": 0.875,
    "f1-score": 0.8115942028985508,
    "support": 32.0
  },
  "35": {
    "precision": 0.7804878048780488,
    "recall": 1.0,
    "f1-score": 0.8767123287671232,
    "support": 32.0
  },
  "36": {
    "precision": 0.9583333333333334,
    "recall": 0.71875,
    "f1-score": 0.8214285714285714,
    "support": 32.0
  },
  "37": {
    "precision": 0.7692307692307693,
    "recall": 0.9375,
    "f1-score": 0.8450704225352113,
    "support": 32.0
  },
  "38": {
    "precision": 0.8888888888888888,
    "recall": 1.0,
    "f1-score": 0.9411764705882353,
    "support": 32.0
  },
  "39": {
    "precision": 0.9310344827586207,
    "recall": 0.84375,
    "f1-score": 0.8852459016393442,
    "support": 32.0
  },
  "40": {
    "precision": 1.0,
    "recall": 0.9375,
    "f1-score": 0.967741935483871,
    "support": 32.0
  },
  "41": {
    "precision": 0.8857142857142857,
    "recall": 0.96875,
    "f1-score": 0.9253731343283582,
    "support": 32.0
  },
  "42": {
    "precision": 0.8387096774193549,
    "recall": 0.8125,
    "f1-score": 0.8253968253968254,
    "support": 32.0
  },
  "43": {
    "precision": 0.9117647058823529,
    "recall": 0.96875,
    "f1-score": 0.9393939393939394,
    "support": 32.0
  },
  "44": {
    "precision": 1.0,
    "recall": 0.9375,
    "f1-score": 0.967741935483871,
    "support": 32.0
  },
  "45": {
    "precision": 0.7714285714285715,
    "recall": 0.84375,
    "f1-score": 0.8059701492537313,
    "support": 32.0
  },
  "46": {
    "precision": 0.8285714285714286,
    "recall": 0.90625,
    "f1-score": 0.8656716417910447,
    "support": 32.0
  },
  "47": {
    "precision": 0.6590909090909091,
    "recall": 0.90625,
    "f1-score": 0.7631578947368421,
    "support": 32.0
  },
  "48": {
    "precision": 0.9629629629629629,
    "recall": 0.8125,
    "f1-score": 0.8813559322033898,
    "support": 32.0
  },
  "49": {
    "precision": 0.75,
    "recall": 0.84375,
    "f1-score": 0.7941176470588235,
    "support": 32.0
  },
  "accuracy": 0.8475,
  "macro avg": {
    "precision": 0.8581072710829661,
    "recall": 0.8475,
    "f1-score": 0.8463075870159821,
    "support": 1600.0
  },
  "weighted avg": {
    "precision": 0.8581072710829661,
    "recall": 0.8475,
    "f1-score": 0.8463075870159821,
    "support": 1600.0
  }
}