{
  "0": {
    "precision": 0.75,
    "recall": 0.8636363636363636,
    "f1-score": 0.8028169014084507,
    "support": 66.0
  },
  "1": {
    "precision": 0.82,
    "recall": 0.6833333333333333,
    "f1-score": 0.7454545454545455,
    "support": 60.0
  },
  "accuracy": 0.7777777777777778,
  "macro avg": {
    "precision": 0.7849999999999999,
    "recall": 0.7734848484848484,
    "f1-score": 0.7741357234314981,
    "support": 126.0
  },
  "weighted avg": {
    "precision": 0.7833333333333332,
    "recall": 0.7777777777777778,
    "f1-score": 0.775501493811353,
    "support": 126.0
  }
}