{
  "0": {
    "precision": 0.96,
    "recall": 0.8372093023255814,
    "f1-score": 0.8944099378881988,
    "support": 86.0
  },
  "1": {
    "precision": 0.8082191780821918,
    "recall": 0.9516129032258065,
    "f1-score": 0.8740740740740741,
    "support": 62.0
  },
  "accuracy": 0.8851351351351351,
  "macro avg": {
    "precision": 0.8841095890410959,
    "recall": 0.894411102775694,
    "f1-score": 0.8842420059811364,
    "support": 148.0
  },
  "weighted avg": {
    "precision": 0.8964161421695668,
    "recall": 0.8851351351351351,
    "f1-score": 0.8858908598039033,
    "support": 148.0
  }
}