{
  "0": {
    "precision": 0.9471624266144814,
    "recall": 0.9738430583501007,
    "f1-score": 0.9603174603174603,
    "support": 497.0
  },
  "1": {
    "precision": 0.8916666666666667,
    "recall": 0.7985074626865671,
    "f1-score": 0.84251968503937,
    "support": 134.0
  },
  "accuracy": 0.936608557844691,
  "macro avg": {
    "precision": 0.9194145466405741,
    "recall": 0.886175260518334,
    "f1-score": 0.9014185726784152,
    "support": 631.0
  },
  "weighted avg": {
    "precision": 0.935377273154882,
    "recall": 0.936608557844691,
    "f1-score": 0.9353017679446171,
    "support": 631.0
  }
}