{
  "0": {
    "precision": 0.9565217391304348,
    "recall": 0.6875,
    "f1-score": 0.8,
    "support": 32.0
  },
  "1": {
    "precision": 0.8,
    "recall": 0.875,
    "f1-score": 0.835820895522388,
    "support": 32.0
  },
  "2": {
    "precision": 0.7575757575757576,
    "recall": 0.78125,
    "f1-score": 0.7692307692307693,
    "support": 32.0
  },
  "3": {
    "precision": 0.75,
    "recall": 0.9375,
    "f1-score": 0.8333333333333334,
    "support": 32.0
  },
  "4": {
    "precision": 1.0,
    "recall": 0.65625,
    "f1-score": 0.7924528301886793,
    "support": 32.0
  },
  "5": {
    "precision": 1.0,
    "recall": 0.84375,
    "f1-score": 0.9152542372881356,
    "support": 32.0
  },
  "6": {
    "precision": 0.8333333333333334,
    "recall": 0.78125,
    "f1-score": 0.8064516129032258,
    "support": 32.0
  },
  "7": {
    "precision": 0.9354838709677419,
    "recall": 0.90625,
    "f1-score": 0.9206349206349206,
    "support": 32.0
  },
  "8": {
    "precision": 0.9696969696969697,
    "recall": 1.0,
    "f1-score": 0.9846153846153847,
    "support": 32.0
  },
  "9": {
    "precision": 0.875,
    "recall": 0.65625,
    "f1-score": 0.75,
    "support": 32.0
  },
  "10": {
    "precision": 0.8787878787878788,
    "recall": 0.90625,
    "f1-score": 0.8923076923076924,
    "support": 32.0
  },
  "11": {
    "precision": 0.775,
    "recall": 0.96875,
    "f1-score": 0.8611111111111112,
    "support": 32.0
  },
  "12": {
    "precision": 0.8529411764705882,
    "recall": 0.90625,
    "f1-score": 0.8787878787878788,
    "support": 32.0
  },
  "13": {
    "precision": 0.9142857142857143,
    "recall": 1.0,
    "f1-score": 0.9552238805970149,
    "support": 32.0
  },
  "14": {
    "precision": 0.6341463414634146,
    "recall": 0.8125,
    "f1-score": 0.7123287671232876,
    "support": 32.0
  },
  "15": {
    "precision": 0.896551724137931,
    "recall": 0.8125,
    "f1-score": 0.8524590163934426,
    "support": 32.0
  },
  "16": {
    "precision": 0.8484848484848485,
    "recall": 0.875,
    "f1-score": 0.8615384615384616,
    "support": 32.0
  },
  "17": {
    "precision": 0.6590909090909091,
    "recall": 0.90625,
    "f1-score": 0.7631578947368421,
    "support": 32.0
  },
  "18": {
    "precision": 0.9393939393939394,
    "recall": 0.96875,
    "f1-score": 0.9538461538461539,
    "support": 32.0
  },
  "19": {
    "precision": 0.8260869565217391,
    "recall": 0.59375,
    "f1-score": 0.6909090909090909,
    "support": 32.0
  },
  "20": {
    "precision": 0.9696969696969697,
    "recall": 1.0,
    "f1-score": 0.9846153846153847,
    "support": 32.0
  },
  "21": {
    "precision": 0.8076923076923077,
    "recall": 0.65625,
    "f1-score": 0.7241379310344828,
    "support": 32.0
  },
  "22": {
    "precision": 0.5714285714285714,
    "recall": 0.875,
    "f1-score": 0.691358024691358,
    "support": 32.0
  },
  "23": {
    "precision": 1.0,
    "recall": 0.875,
    "f1-score": 0.9333333333333333,
    "support": 32.0
  },
  "24": {
    "precision": 0.9032258064516129,
    "recall": 0.875,
    "f1-score": 0.8888888888888888,
    "support": 32.0
  },
  "25": {
    "precision": 0.875,
    "recall": 0.875,
    "f1-score": 0.875,
    "support": 32.0
  },
  "26": {
    "precision": 0.9696969696969697,
    "recall": 1.0,
    "f1-score": 0.9846153846153847,
    "support": 32.0
  },
  "27": {
    "precision": 0.7692307692307693,
    "recall": 0.9375,
    "f1-score": 0.8450704225352113,
    "support": 32.0
  },
  "28": {
    "precision": 0.7222222222222222,
    "recall": 0.8125,
    "f1-score": 0.7647058823529411,
    "support": 32.0
  },
  "29": {
    "precision": 0.8214285714285714,
    "recall": 0.71875,
    "f1-score": 0.7666666666666667,
    "support": 32.0
  },
  "30": {
    "precision": 0.95,
    "recall": 0.59375,
    "f1-score": 0.7307692307692307,
    "support": 32.0
  },
  "31": {
    "precision": 0.9565217391304348,
    "recall": 0.6875,
    "f1-score": 0.8,
    "support": 32.0
  },
  "32": {
    "precision": 0.8571428571428571,
    "recall": 0.75,
    "f1-score": 0.8,
    "support": 32.0
  },
  "33": {
    "precision": 0.6857142857142857,
    "recall": 0.75,
    "f1-score": 0.7164179104477612,
    "support": 32.0
  },
  "34": {
    "precision": 0.7241379310344828,
    "recall": 0.65625,
    "f1-score": 0.6885245901639344,
    "support": 32.0
  },
  "35": {
    "precision": 0.9354838709677419,
    "recall": 0.90625,
    "f1-score": 0.9206349206349206,
    "support": 32.0
  },
  "36": {
    "precision": 0.6410256410256411,
    "recall": 0.78125,
    "f1-score": 0.704225352112676,
    "support": 32.0
  },
  "37": {
    "precision": 0.967741935483871,
    "recall": 0.9375,
    "f1-score": 0.9523809523809523,
    "support": 32.0
  },
  "38": {
    "precision": 0.9333333333333333,
    "recall": 0.875,
    "f1-score": 0.9032258064516129,
    "support": 32.0
  },
  "39": {
    "precision": 0.9696969696969697,
    "recall": 1.0,
    "f1-score": 0.9846153846153847,
    "support": 32.0
  },
  "40": {
    "precision": 0.8888888888888888,
    "recall": 1.0,
    "f1-score": 0.9411764705882353,
    "support": 32.0
  },
  "41": {
    "precision": 0.8157894736842105,
    "recall": 0.96875,
    "f1-score": 0.8857142857142857,
    "support": 32.0
  },
  "42": {
    "precision": 0.8666666666666667,
    "recall": 0.8125,
    "f1-score": 0.8387096774193549,
    "support": 32.0
  },
  "43": {
    "precision": 1.0,
    "recall": 1.0,
    "f1-score": 1.0,
    "support": 32.0
  },
  "44": {
    "precision": 0.9142857142857143,
    "recall": 1.0,
    "f1-score": 0.9552238805970149,
    "support": 32.0
  },
  "45": {
    "precision": 0.7368421052631579,
    "recall": 0.875,
    "f1-score": 0.8,
    "support": 32.0
  },
  "46": {
    "precision": 1.0,
    "recall": 0.78125,
    "f1-score": 0.8771929824561403,
    "support": 32.0
  },
  "47": {
    "precision": 0.96,
    "recall": 0.75,
    "f1-score": 0.8421052631578947,
    "support": 32.0
  },
  "48": {
    "precision": 1.0,
    "recall": 0.78125,
    "f1-score": 0.8771929824561403,
    "support": 32.0
  },
  "49": {
    "precision": 0.725,
    "recall": 0.90625,
    "f1-score": 0.8055555555555556,
    "support": 32.0
  },
  "accuracy": 0.84625,
  "macro avg": {
    "precision": 0.8608054951901489,
    "recall": 0.84625,
    "f1-score": 0.846230421906451,
    "support": 1600.0
  },
  "weighted avg": {
    "precision": 0.8608054951901489,
    "recall": 0.84625,
    "f1-score": 0.846230421906451,
    "support": 1600.0
  }
}