{
  "0": {
    "precision": 0.746031746031746,
    "recall": 0.8545454545454545,
    "f1-score": 0.7966101694915254,
    "support": 55.0
  },
  "1": {
    "precision": 0.8461538461538461,
    "recall": 0.7333333333333333,
    "f1-score": 0.7857142857142857,
    "support": 60.0
  },
  "accuracy": 0.7913043478260869,
  "macro avg": {
    "precision": 0.7960927960927962,
    "recall": 0.793939393939394,
    "f1-score": 0.7911622276029056,
    "support": 115.0
  },
  "weighted avg": {
    "precision": 0.7982693634867548,
    "recall": 0.7913043478260869,
    "f1-score": 0.7909253605642699,
    "support": 115.0
  }
}