{
  "0": {
    "precision": 1.0,
    "recall": 1.0,
    "f1-score": 1.0,
    "support": 150.0
  },
  "1": {
    "precision": 0.9878048780487805,
    "recall": 0.84375,
    "f1-score": 0.9101123595505618,
    "support": 96.0
  },
  "2": {
    "precision": 1.0,
    "recall": 0.9259259259259259,
    "f1-score": 0.9615384615384616,
    "support": 54.0
  },
  "3": {
    "precision": 0.9882352941176471,
    "recall": 1.0,
    "f1-score": 0.9940828402366864,
    "support": 84.0
  },
  "4": {
    "precision": 0.9222222222222223,
    "recall": 0.9880952380952381,
    "f1-score": 0.9540229885057471,
    "support": 84.0
  },
  "5": {
    "precision": 1.0,
    "recall": 1.0,
    "f1-score": 1.0,
    "support": 96.0
  },
  "6": {
    "precision": 0.8651685393258427,
    "recall": 0.9871794871794872,
    "f1-score": 0.9221556886227545,
    "support": 78.0
  },
  "accuracy": 0.9672897196261683,
  "macro avg": {
    "precision": 0.9662044191020703,
    "recall": 0.9635643787429503,
    "f1-score": 0.9631303340648872,
    "support": 642.0
  },
  "weighted avg": {
    "precision": 0.9700791989605103,
    "recall": 0.9672897196261683,
    "f1-score": 0.9670761631882712,
    "support": 642.0
  }
}