{
  "0": {
    "precision": 0.9535353535353536,
    "recall": 0.9477911646586346,
    "f1-score": 0.9506545820745217,
    "support": 498.0
  },
  "1": {
    "precision": 0.8088235294117647,
    "recall": 0.8270676691729323,
    "f1-score": 0.8178438661710037,
    "support": 133.0
  },
  "accuracy": 0.9223454833597464,
  "macro avg": {
    "precision": 0.8811794414735592,
    "recall": 0.8874294169157835,
    "f1-score": 0.8842492241227626,
    "support": 631.0
  },
  "weighted avg": {
    "precision": 0.9230334952018555,
    "recall": 0.9223454833597464,
    "f1-score": 0.9226611982153016,
    "support": 631.0
  }
}