{
  "train_loss": [
    0.7630769883360818,
    0.06298506252955054,
    0.04289982983743847,
    0.014744306519929308,
    0.018269944951994303,
    0.004145174752920866,
    0.003573681014616077,
    0.0012711422973765043,
    0.002159694011680016,
    0.04593273852531134,
    0.009249688416278436,
    0.07442249586904345,
    0.015978778823064147,
    0.0022894615413348346,
    0.004026888598067065,
    0.010251255637046378,
    0.004534274992472101,
    0.005854981582585688,
    0.00815518367513318,
    0.003026980064255171,
    0.001886002987048754,
    0.0011891241383381955,
    0.0002360308996268992,
    0.00018585942741091772,
    0.0002570175696791779,
    0.00015776368840691863,
    0.00017850174390615872,
    0.0019662261601356857,
    0.07286582272927744,
    0.031047624678023137
  ],
  "val_loss": [
    0.12439681622098168,
    0.49945065469663835,
    0.14995666603757957,
    0.11114741221209552,
    0.20419106403267087,
    0.13176073671777,
    0.09858727669473911,
    0.09097093553209788,
    0.07541052591290638,
    0.17821858513620145,
    0.10766461351729993,
    0.16192539047008828,
    0.07832417010425408,
    0.048889853399699534,
    0.1309254616547907,
    0.17698028952594047,
    0.06199517688856132,
    0.09789830253160678,
    0.050929011459711855,
    0.03509289792788177,
    0.1738648001040039,
    0.06095786170738044,
    0.06866562056588735,
    0.052956136300031244,
    0.045779845545396956,
    0.037977001929965386,
    0.06052526825543194,
    0.08235530347804136,
    0.09217887067865592,
    0.17945698423549022
  ],
  "train_acc": [
    0.7527258566978193,
    0.9836448598130841,
    0.9894859813084113,
    0.9972741433021807,
    0.9957165109034268,
    0.9992211838006231,
    0.9988317757009346,
    1.0,
    0.9992211838006231,
    0.9844236760124611,
    0.9988317757009346,
    0.9770249221183801,
    0.9929906542056075,
    1.0,
    0.9992211838006231,
    0.9976635514018691,
    0.9984423676012462,
    0.9988317757009346,
    0.9968847352024922,
    0.9992211838006231,
    0.9996105919003115,
    1.0,
    1.0,
    1.0,
    1.0,
    1.0,
    1.0,
    0.9988317757009346,
    0.9809190031152648,
    0.9894859813084113
  ],
  "val_acc": [
    0.9688473520249221,
    0.8411214953271028,
    0.9501557632398754,
    0.9688473520249221,
    0.9299065420560748,
    0.956386292834891,
    0.9688473520249221,
    0.9719626168224299,
    0.9813084112149533,
    0.9283489096573209,
    0.9610591900311527,
    0.9548286604361371,
    0.9813084112149533,
    0.9875389408099688,
    0.9626168224299065,
    0.940809968847352,
    0.985981308411215,
    0.9641744548286605,
    0.9844236760124611,
    0.985981308411215,
    0.9595015576323987,
    0.9797507788161994,
    0.9719626168224299,
    0.9781931464174455,
    0.9813084112149533,
    0.9890965732087228,
    0.9735202492211839,
    0.9750778816199377,
    0.9657320872274143,
    0.9345794392523364
  ]
}