{
  "final_val_acc": 0.9345794392523364,
  "top3_acc": 0.9968847352024922,
  "auc_macro": 0.9979705245151406,
  "macro_f1": 0.9169852268988218,
  "macro_precision": 0.9316481057443572,
  "macro_recall": 0.9159816704459561,
  "weighted_f1": 0.9334934778919477,
  "per_class_metrics": {
    "0": {
      "precision": 1.0,
      "recall": 1.0,
      "f1-score": 1.0,
      "support": 156
    },
    "1": {
      "precision": 0.9789473684210527,
      "recall": 0.96875,
      "f1-score": 0.9738219895287958,
      "support": 96
    },
    "2": {
      "precision": 0.8333333333333334,
      "recall": 0.7407407407407407,
      "f1-score": 0.7843137254901961,
      "support": 54
    },
    "3": {
      "precision": 0.7433628318584071,
      "recall": 1.0,
      "f1-score": 0.8527918781725888,
      "support": 84
    },
    "4": {
      "precision": 1.0,
      "recall": 0.7023809523809523,
      "f1-score": 0.8251748251748252,
      "support": 84
    },
    "5": {
      "precision": 0.9795918367346939,
      "recall": 1.0,
      "f1-score": 0.9896907216494846,
      "support": 96
    },
    "6": {
      "precision": 0.9863013698630136,
      "recall": 1.0,
      "f1-score": 0.993103448275862,
      "support": 72
    },
    "macro avg": {
      "precision": 0.9316481057443572,
      "recall": 0.9159816704459561,
      "f1-score": 0.9169852268988218,
      "support": 642
    },
    "weighted avg": {
      "precision": 0.9446665735221103,
      "recall": 0.9345794392523364,
      "f1-score": 0.9334934778919477,
      "support": 642
    }
  }
}