{
  "0": {
    "precision": 1.0,
    "recall": 1.0,
    "f1-score": 1.0,
    "support": 150.0
  },
  "1": {
    "precision": 0.979381443298969,
    "recall": 0.9895833333333334,
    "f1-score": 0.9844559585492227,
    "support": 96.0
  },
  "2": {
    "precision": 0.96,
    "recall": 0.8888888888888888,
    "f1-score": 0.9230769230769231,
    "support": 54.0
  },
  "3": {
    "precision": 0.9647058823529412,
    "recall": 0.9761904761904762,
    "f1-score": 0.9704142011834319,
    "support": 84.0
  },
  "4": {
    "precision": 0.9404761904761905,
    "recall": 0.9404761904761905,
    "f1-score": 0.9404761904761905,
    "support": 84.0
  },
  "5": {
    "precision": 1.0,
    "recall": 1.0,
    "f1-score": 1.0,
    "support": 96.0
  },
  "6": {
    "precision": 0.95,
    "recall": 0.9743589743589743,
    "f1-score": 0.9620253164556962,
    "support": 78.0
  },
  "accuracy": 0.9750778816199377,
  "macro avg": {
    "precision": 0.970651930875443,
    "recall": 0.9670711233211234,
    "f1-score": 0.9686355128202092,
    "support": 642.0
  },
  "weighted avg": {
    "precision": 0.9750715150690781,
    "recall": 0.9750778816199377,
    "f1-score": 0.9749325443143799,
    "support": 642.0
  }
}