{
  "0": {
    "precision": 0.94831013916501,
    "recall": 0.9578313253012049,
    "f1-score": 0.9530469530469531,
    "support": 498.0
  },
  "1": {
    "precision": 0.8346456692913385,
    "recall": 0.803030303030303,
    "f1-score": 0.8185328185328186,
    "support": 132.0
  },
  "accuracy": 0.9253968253968254,
  "macro avg": {
    "precision": 0.8914779042281742,
    "recall": 0.880430814165754,
    "f1-score": 0.8857898857898858,
    "support": 630.0
  },
  "weighted avg": {
    "precision": 0.924494726429574,
    "recall": 0.9253968253968254,
    "f1-score": 0.9248630391487535,
    "support": 630.0
  }
}