{
  "0": {
    "precision": 0.7380952380952381,
    "recall": 0.96875,
    "f1-score": 0.8378378378378378,
    "support": 32.0
  },
  "1": {
    "precision": 0.8235294117647058,
    "recall": 0.875,
    "f1-score": 0.8484848484848485,
    "support": 32.0
  },
  "2": {
    "precision": 0.9615384615384616,
    "recall": 0.78125,
    "f1-score": 0.8620689655172413,
    "support": 32.0
  },
  "3": {
    "precision": 0.9,
    "recall": 0.84375,
    "f1-score": 0.8709677419354839,
    "support": 32.0
  },
  "4": {
    "precision": 0.9696969696969697,
    "recall": 1.0,
    "f1-score": 0.9846153846153847,
    "support": 32.0
  },
  "5": {
    "precision": 0.8636363636363636,
    "recall": 0.59375,
    "f1-score": 0.7037037037037037,
    "support": 32.0
  },
  "6": {
    "precision": 0.9032258064516129,
    "recall": 0.875,
    "f1-score": 0.8888888888888888,
    "support": 32.0
  },
  "7": {
    "precision": 1.0,
    "recall": 0.8125,
    "f1-score": 0.896551724137931,
    "support": 32.0
  },
  "8": {
    "precision": 0.8421052631578947,
    "recall": 1.0,
    "f1-score": 0.9142857142857143,
    "support": 32.0
  },
  "9": {
    "precision": 0.8205128205128205,
    "recall": 1.0,
    "f1-score": 0.9014084507042254,
    "support": 32.0
  },
  "10": {
    "precision": 0.9696969696969697,
    "recall": 1.0,
    "f1-score": 0.9846153846153847,
    "support": 32.0
  },
  "11": {
    "precision": 0.8611111111111112,
    "recall": 0.96875,
    "f1-score": 0.9117647058823529,
    "support": 32.0
  },
  "12": {
    "precision": 0.8076923076923077,
    "recall": 0.65625,
    "f1-score": 0.7241379310344828,
    "support": 32.0
  },
  "13": {
    "precision": 0.9655172413793104,
    "recall": 0.875,
    "f1-score": 0.9180327868852459,
    "support": 32.0
  },
  "14": {
    "precision": 0.9032258064516129,
    "recall": 0.875,
    "f1-score": 0.8888888888888888,
    "support": 32.0
  },
  "15": {
    "precision": 1.0,
    "recall": 0.8125,
    "f1-score": 0.896551724137931,
    "support": 32.0
  },
  "16": {
    "precision": 1.0,
    "recall": 0.9375,
    "f1-score": 0.967741935483871,
    "support": 32.0
  },
  "17": {
    "precision": 0.7647058823529411,
    "recall": 0.8125,
    "f1-score": 0.7878787878787878,
    "support": 32.0
  },
  "18": {
    "precision": 0.7647058823529411,
    "recall": 0.8125,
    "f1-score": 0.7878787878787878,
    "support": 32.0
  },
  "19": {
    "precision": 1.0,
    "recall": 0.90625,
    "f1-score": 0.9508196721311475,
    "support": 32.0
  },
  "20": {
    "precision": 1.0,
    "recall": 0.90625,
    "f1-score": 0.9508196721311475,
    "support": 32.0
  },
  "21": {
    "precision": 0.9629629629629629,
    "recall": 0.8125,
    "f1-score": 0.8813559322033898,
    "support": 32.0
  },
  "22": {
    "precision": 0.96,
    "recall": 0.75,
    "f1-score": 0.8421052631578947,
    "support": 32.0
  },
  "23": {
    "precision": 0.8055555555555556,
    "recall": 0.90625,
    "f1-score": 0.8529411764705882,
    "support": 32.0
  },
  "24": {
    "precision": 0.8055555555555556,
    "recall": 0.90625,
    "f1-score": 0.8529411764705882,
    "support": 32.0
  },
  "25": {
    "precision": 0.9117647058823529,
    "recall": 0.96875,
    "f1-score": 0.9393939393939394,
    "support": 32.0
  },
  "26": {
    "precision": 0.9666666666666667,
    "recall": 0.90625,
    "f1-score": 0.9354838709677419,
    "support": 32.0
  },
  "27": {
    "precision": 0.8928571428571429,
    "recall": 0.78125,
    "f1-score": 0.8333333333333334,
    "support": 32.0
  },
  "28": {
    "precision": 0.6923076923076923,
    "recall": 0.5625,
    "f1-score": 0.6206896551724138,
    "support": 32.0
  },
  "29": {
    "precision": 0.7428571428571429,
    "recall": 0.8125,
    "f1-score": 0.7761194029850746,
    "support": 32.0
  },
  "30": {
    "precision": 1.0,
    "recall": 0.96875,
    "f1-score": 0.9841269841269841,
    "support": 32.0
  },
  "31": {
    "precision": 0.8181818181818182,
    "recall": 0.84375,
    "f1-score": 0.8307692307692308,
    "support": 32.0
  },
  "32": {
    "precision": 0.9090909090909091,
    "recall": 0.625,
    "f1-score": 0.7407407407407407,
    "support": 32.0
  },
  "33": {
    "precision": 0.7878787878787878,
    "recall": 0.8125,
    "f1-score": 0.8,
    "support": 32.0
  },
  "34": {
    "precision": 0.627906976744186,
    "recall": 0.84375,
    "f1-score": 0.72,
    "support": 32.0
  },
  "35": {
    "precision": 0.9411764705882353,
    "recall": 1.0,
    "f1-score": 0.9696969696969697,
    "support": 32.0
  },
  "36": {
    "precision": 0.896551724137931,
    "recall": 0.8125,
    "f1-score": 0.8524590163934426,
    "support": 32.0
  },
  "37": {
    "precision": 0.8,
    "recall": 1.0,
    "f1-score": 0.8888888888888888,
    "support": 32.0
  },
  "38": {
    "precision": 1.0,
    "recall": 0.9375,
    "f1-score": 0.967741935483871,
    "support": 32.0
  },
  "39": {
    "precision": 0.9117647058823529,
    "recall": 0.96875,
    "f1-score": 0.9393939393939394,
    "support": 32.0
  },
  "40": {
    "precision": 1.0,
    "recall": 0.875,
    "f1-score": 0.9333333333333333,
    "support": 32.0
  },
  "41": {
    "precision": 0.8333333333333334,
    "recall": 0.9375,
    "f1-score": 0.8823529411764706,
    "support": 32.0
  },
  "42": {
    "precision": 0.8205128205128205,
    "recall": 1.0,
    "f1-score": 0.9014084507042254,
    "support": 32.0
  },
  "43": {
    "precision": 0.8157894736842105,
    "recall": 0.96875,
    "f1-score": 0.8857142857142857,
    "support": 32.0
  },
  "44": {
    "precision": 1.0,
    "recall": 1.0,
    "f1-score": 1.0,
    "support": 32.0
  },
  "45": {
    "precision": 0.675,
    "recall": 0.84375,
    "f1-score": 0.75,
    "support": 32.0
  },
  "46": {
    "precision": 0.8787878787878788,
    "recall": 0.90625,
    "f1-score": 0.8923076923076924,
    "support": 32.0
  },
  "47": {
    "precision": 0.7741935483870968,
    "recall": 0.75,
    "f1-score": 0.7619047619047619,
    "support": 32.0
  },
  "48": {
    "precision": 0.75,
    "recall": 0.65625,
    "f1-score": 0.7,
    "support": 32.0
  },
  "49": {
    "precision": 0.8709677419354839,
    "recall": 0.84375,
    "f1-score": 0.8571428571428571,
    "support": 32.0
  },
  "accuracy": 0.86625,
  "macro avg": {
    "precision": 0.8742131829936274,
    "recall": 0.86625,
    "f1-score": 0.865405786299839,
    "support": 1600.0
  },
  "weighted avg": {
    "precision": 0.8742131829936274,
    "recall": 0.86625,
    "f1-score": 0.865405786299839,
    "support": 1600.0
  }
}