{
  "0": {
    "precision": 0.676056338028169,
    "recall": 0.8135593220338984,
    "f1-score": 0.7384615384615385,
    "support": 59.0
  },
  "1": {
    "precision": 0.7708333333333334,
    "recall": 0.6166666666666667,
    "f1-score": 0.6851851851851852,
    "support": 60.0
  },
  "accuracy": 0.7142857142857143,
  "macro avg": {
    "precision": 0.7234448356807512,
    "recall": 0.7151129943502825,
    "f1-score": 0.7118233618233618,
    "support": 119.0
  },
  "weighted avg": {
    "precision": 0.7238430583501005,
    "recall": 0.7142857142857143,
    "f1-score": 0.7115995115995116,
    "support": 119.0
  }
}