{
  "0": {
    "precision": 0.9577464788732394,
    "recall": 0.7906976744186046,
    "f1-score": 0.8662420382165605,
    "support": 86.0
  },
  "1": {
    "precision": 0.7662337662337663,
    "recall": 0.9516129032258065,
    "f1-score": 0.8489208633093526,
    "support": 62.0
  },
  "accuracy": 0.8581081081081081,
  "macro avg": {
    "precision": 0.8619901225535028,
    "recall": 0.8711552888222056,
    "f1-score": 0.8575814507629566,
    "support": 148.0
  },
  "weighted avg": {
    "precision": 0.8775181803350818,
    "recall": 0.8581081081081081,
    "f1-score": 0.8589858703500275,
    "support": 148.0
  }
}