{
  "0": {
    "precision": 0.9598393574297188,
    "recall": 0.9598393574297188,
    "f1-score": 0.9598393574297188,
    "support": 498.0
  },
  "1": {
    "precision": 0.8484848484848485,
    "recall": 0.8484848484848485,
    "f1-score": 0.8484848484848485,
    "support": 132.0
  },
  "accuracy": 0.9365079365079365,
  "macro avg": {
    "precision": 0.9041621029572837,
    "recall": 0.9041621029572837,
    "f1-score": 0.9041621029572837,
    "support": 630.0
  },
  "weighted avg": {
    "precision": 0.9365079365079365,
    "recall": 0.9365079365079365,
    "f1-score": 0.9365079365079365,
    "support": 630.0
  }
}