{
  "0": {
    "precision": 1.0,
    "recall": 1.0,
    "f1-score": 1.0,
    "support": 156.0
  },
  "1": {
    "precision": 0.9142857142857143,
    "recall": 1.0,
    "f1-score": 0.9552238805970149,
    "support": 96.0
  },
  "2": {
    "precision": 0.975609756097561,
    "recall": 0.7407407407407407,
    "f1-score": 0.8421052631578947,
    "support": 54.0
  },
  "3": {
    "precision": 0.8369565217391305,
    "recall": 0.9166666666666666,
    "f1-score": 0.875,
    "support": 84.0
  },
  "4": {
    "precision": 0.8888888888888888,
    "recall": 0.8888888888888888,
    "f1-score": 0.8888888888888888,
    "support": 90.0
  },
  "5": {
    "precision": 0.9278350515463918,
    "recall": 1.0,
    "f1-score": 0.9625668449197861,
    "support": 90.0
  },
  "6": {
    "precision": 1.0,
    "recall": 0.8472222222222222,
    "f1-score": 0.9172932330827067,
    "support": 72.0
  },
  "accuracy": 0.9345794392523364,
  "macro avg": {
    "precision": 0.9347965617939552,
    "recall": 0.9133597883597883,
    "f1-score": 0.9201540158066132,
    "support": 642.0
  },
  "weighted avg": {
    "precision": 0.9381056976105283,
    "recall": 0.9345794392523364,
    "f1-score": 0.9335690117952887,
    "support": 642.0
  }
}