{
  "0": {
    "precision": 0.9622641509433962,
    "recall": 0.9807692307692307,
    "f1-score": 0.9714285714285714,
    "support": 156.0
  },
  "1": {
    "precision": 0.9090909090909091,
    "recall": 0.9375,
    "f1-score": 0.9230769230769231,
    "support": 96.0
  },
  "2": {
    "precision": 0.8222222222222222,
    "recall": 0.6851851851851852,
    "f1-score": 0.7474747474747475,
    "support": 54.0
  },
  "3": {
    "precision": 0.8837209302325582,
    "recall": 0.9047619047619048,
    "f1-score": 0.8941176470588236,
    "support": 84.0
  },
  "4": {
    "precision": 0.8478260869565217,
    "recall": 0.8666666666666667,
    "f1-score": 0.8571428571428571,
    "support": 90.0
  },
  "5": {
    "precision": 0.845360824742268,
    "recall": 0.9111111111111111,
    "f1-score": 0.8770053475935828,
    "support": 90.0
  },
  "6": {
    "precision": 0.96875,
    "recall": 0.8611111111111112,
    "f1-score": 0.9117647058823529,
    "support": 72.0
  },
  "accuracy": 0.9003115264797508,
  "macro avg": {
    "precision": 0.8913193034554107,
    "recall": 0.8781578870864585,
    "f1-score": 0.8831443999511226,
    "support": 642.0
  },
  "weighted avg": {
    "precision": 0.900553450174958,
    "recall": 0.9003115264797508,
    "f1-score": 0.8992961958327544,
    "support": 642.0
  }
}