{
  "0": {
    "precision": 0.6727272727272727,
    "recall": 0.6271186440677966,
    "f1-score": 0.6491228070175439,
    "support": 59.0
  },
  "1": {
    "precision": 0.65625,
    "recall": 0.7,
    "f1-score": 0.6774193548387096,
    "support": 60.0
  },
  "accuracy": 0.6638655462184874,
  "macro avg": {
    "precision": 0.6644886363636364,
    "recall": 0.6635593220338982,
    "f1-score": 0.6632710809281268,
    "support": 119.0
  },
  "weighted avg": {
    "precision": 0.6644194041252864,
    "recall": 0.6638655462184874,
    "f1-score": 0.6633899739861988,
    "support": 119.0
  }
}