{
  "0": {
    "precision": 1.0,
    "recall": 1.0,
    "f1-score": 1.0,
    "support": 150.0
  },
  "1": {
    "precision": 0.9714285714285714,
    "recall": 1.0,
    "f1-score": 0.9855072463768116,
    "support": 102.0
  },
  "2": {
    "precision": 1.0,
    "recall": 0.9629629629629629,
    "f1-score": 0.9811320754716981,
    "support": 54.0
  },
  "3": {
    "precision": 0.9873417721518988,
    "recall": 1.0,
    "f1-score": 0.9936305732484076,
    "support": 78.0
  },
  "4": {
    "precision": 0.9764705882352941,
    "recall": 0.9880952380952381,
    "f1-score": 0.9822485207100592,
    "support": 84.0
  },
  "5": {
    "precision": 1.0,
    "recall": 1.0,
    "f1-score": 1.0,
    "support": 96.0
  },
  "6": {
    "precision": 1.0,
    "recall": 0.9615384615384616,
    "f1-score": 0.9803921568627451,
    "support": 78.0
  },
  "accuracy": 0.9906542056074766,
  "macro avg": {
    "precision": 0.9907487045451092,
    "recall": 0.9875138089423804,
    "f1-score": 0.9889872246671031,
    "support": 642.0
  },
  "weighted avg": {
    "precision": 0.9908440839958366,
    "recall": 0.9906542056074766,
    "f1-score": 0.9906316509255785,
    "support": 642.0
  }
}