{
  "0": {
    "precision": 0.8157894736842105,
    "recall": 0.7209302325581395,
    "f1-score": 0.7654320987654321,
    "support": 86.0
  },
  "1": {
    "precision": 0.6666666666666666,
    "recall": 0.7741935483870968,
    "f1-score": 0.7164179104477612,
    "support": 62.0
  },
  "accuracy": 0.7432432432432432,
  "macro avg": {
    "precision": 0.7412280701754386,
    "recall": 0.7475618904726181,
    "f1-score": 0.7409250046065966,
    "support": 148.0
  },
  "weighted avg": {
    "precision": 0.7533191085822665,
    "recall": 0.7432432432432432,
    "f1-score": 0.7448991279837051,
    "support": 148.0
  }
}