{
  "0": {
    "precision": 0.9247311827956989,
    "recall": 0.9662921348314607,
    "f1-score": 0.945054945054945,
    "support": 89.0
  },
  "1": {
    "precision": 0.9774436090225563,
    "recall": 0.948905109489051,
    "f1-score": 0.9629629629629629,
    "support": 137.0
  },
  "accuracy": 0.9557522123893806,
  "macro avg": {
    "precision": 0.9510873959091276,
    "recall": 0.9575986221602559,
    "f1-score": 0.954008954008954,
    "support": 226.0
  },
  "weighted avg": {
    "precision": 0.9566851756854312,
    "recall": 0.9557522123893806,
    "f1-score": 0.9559106904239647,
    "support": 226.0
  }
}