{
  "0": {
    "precision": 1.0,
    "recall": 1.0,
    "f1-score": 1.0,
    "support": 156.0
  },
  "1": {
    "precision": 0.9791666666666666,
    "recall": 0.9791666666666666,
    "f1-score": 0.9791666666666666,
    "support": 96.0
  },
  "2": {
    "precision": 0.98,
    "recall": 0.9074074074074074,
    "f1-score": 0.9423076923076923,
    "support": 54.0
  },
  "3": {
    "precision": 1.0,
    "recall": 1.0,
    "f1-score": 1.0,
    "support": 84.0
  },
  "4": {
    "precision": 0.9764705882352941,
    "recall": 0.9880952380952381,
    "f1-score": 0.9822485207100592,
    "support": 84.0
  },
  "5": {
    "precision": 0.9896907216494846,
    "recall": 1.0,
    "f1-score": 0.9948186528497409,
    "support": 96.0
  },
  "6": {
    "precision": 0.972972972972973,
    "recall": 1.0,
    "f1-score": 0.9863013698630136,
    "support": 72.0
  },
  "accuracy": 0.9875389408099688,
  "macro avg": {
    "precision": 0.985471564217774,
    "recall": 0.9820956160241874,
    "f1-score": 0.983548986056739,
    "support": 642.0
  },
  "weighted avg": {
    "precision": 0.9875512348040019,
    "recall": 0.9875389408099688,
    "f1-score": 0.9873984118815771,
    "support": 642.0
  }
}