{
  "train_loss": [
    3.2397417569160463,
    1.4808040672540665,
    0.6692730545997619,
    0.33959351629018786,
    0.19150127816945314,
    0.14336909864097833,
    0.1011533235386014,
    0.08655680688098073,
    0.06825517920777202,
    0.05641762162093073,
    0.0569462566729635,
    0.05904614225029945,
    0.05342477656435221,
    0.04810262244194746,
    0.04579965867102146,
    0.03323375344276428,
    0.04508302740287036,
    0.03747713662683964,
    0.046176522704772655,
    0.047965851812623445,
    0.03487785442499444,
    0.034219090645201504,
    0.04739509641891346,
    0.028463135868078096,
    0.030376425993163137,
    0.029685714264633133,
    0.02815213406458497,
    0.026463859948562457,
    0.025149514023214577,
    0.02705896893632598
  ],
  "val_loss": [
    2.3972713232040403,
    1.5795104670524598,
    1.2517587542533875,
    1.26393381357193,
    1.2327071523666382,
    1.4229463744163513,
    1.3366565561294557,
    1.198106402158737,
    1.2787027287483215,
    1.1574105179309846,
    1.153316819667816,
    1.2328072881698608,
    1.294097628593445,
    1.2458512675762177,
    1.3290771389007567,
    1.300152593255043,
    1.3364024949073792,
    1.3077783453464509,
    1.2476311016082764,
    1.198585467338562,
    1.1524580585956574,
    1.3223739910125731,
    1.2094130575656892,
    1.3096256160736084,
    1.1543093210458755,
    1.6669643664360045,
    1.2960196495056153,
    1.2519277286529542,
    1.1889007806777954,
    1.225134470462799
  ],
  "train_acc": [
    0.15453125,
    0.56484375,
    0.79546875,
    0.8996875,
    0.94515625,
    0.9584375,
    0.969375,
    0.976875,
    0.9796875,
    0.9825,
    0.9840625,
    0.9828125,
    0.98421875,
    0.9878125,
    0.9875,
    0.99046875,
    0.98703125,
    0.99015625,
    0.98546875,
    0.98625,
    0.99,
    0.9903125,
    0.98609375,
    0.993125,
    0.9909375,
    0.990625,
    0.9921875,
    0.99125,
    0.9928125,
    0.9925
  ],
  "val_acc": [
    0.3275,
    0.515,
    0.6375,
    0.635,
    0.676875,
    0.64375,
    0.66125,
    0.69,
    0.67,
    0.69875,
    0.705625,
    0.700625,
    0.698125,
    0.694375,
    0.68625,
    0.69,
    0.673125,
    0.694375,
    0.69875,
    0.718125,
    0.71625,
    0.7025,
    0.699375,
    0.710625,
    0.71125,
    0.645625,
    0.705625,
    0.6975,
    0.72875,
    0.714375
  ]
}