{
  "final_val_acc": 0.714375,
  "top3_acc": 0.888125,
  "auc_macro": 0.9844021045918367,
  "macro_f1": 0.7123130695269277,
  "macro_precision": 0.7370664519913244,
  "macro_recall": 0.714375,
  "weighted_f1": 0.7123130695269277,
  "per_class_metrics": {
    "0": {
      "precision": 0.6111111111111112,
      "recall": 0.6875,
      "f1-score": 0.6470588235294118,
      "support": 32
    },
    "1": {
      "precision": 0.5769230769230769,
      "recall": 0.46875,
      "f1-score": 0.5172413793103449,
      "support": 32
    },
    "2": {
      "precision": 0.71875,
      "recall": 0.71875,
      "f1-score": 0.71875,
      "support": 32
    },
    "3": {
      "precision": 0.9285714285714286,
      "recall": 0.40625,
      "f1-score": 0.5652173913043478,
      "support": 32
    },
    "4": {
      "precision": 0.6333333333333333,
      "recall": 0.59375,
      "f1-score": 0.6129032258064516,
      "support": 32
    },
    "5": {
      "precision": 0.6388888888888888,
      "recall": 0.71875,
      "f1-score": 0.6764705882352942,
      "support": 32
    },
    "6": {
      "precision": 1.0,
      "recall": 0.78125,
      "f1-score": 0.8771929824561403,
      "support": 32
    },
    "7": {
      "precision": 0.7428571428571429,
      "recall": 0.8125,
      "f1-score": 0.7761194029850746,
      "support": 32
    },
    "8": {
      "precision": 1.0,
      "recall": 0.8125,
      "f1-score": 0.896551724137931,
      "support": 32
    },
    "9": {
      "precision": 0.5714285714285714,
      "recall": 0.75,
      "f1-score": 0.6486486486486487,
      "support": 32
    },
    "10": {
      "precision": 0.967741935483871,
      "recall": 0.9375,
      "f1-score": 0.9523809523809523,
      "support": 32
    },
    "11": {
      "precision": 0.7368421052631579,
      "recall": 0.875,
      "f1-score": 0.8,
      "support": 32
    },
    "12": {
      "precision": 0.6944444444444444,
      "recall": 0.78125,
      "f1-score": 0.7352941176470589,
      "support": 32
    },
    "13": {
      "precision": 0.75,
      "recall": 0.84375,
      "f1-score": 0.7941176470588235,
      "support": 32
    },
    "14": {
      "precision": 0.7142857142857143,
      "recall": 0.625,
      "f1-score": 0.6666666666666666,
      "support": 32
    },
    "15": {
      "precision": 0.8125,
      "recall": 0.8125,
      "f1-score": 0.8125,
      "support": 32
    },
    "16": {
      "precision": 0.75,
      "recall": 0.75,
      "f1-score": 0.75,
      "support": 32
    },
    "17": {
      "precision": 0.8846153846153846,
      "recall": 0.71875,
      "f1-score": 0.7931034482758621,
      "support": 32
    },
    "18": {
      "precision": 0.5227272727272727,
      "recall": 0.71875,
      "f1-score": 0.6052631578947368,
      "support": 32
    },
    "19": {
      "precision": 0.7894736842105263,
      "recall": 0.46875,
      "f1-score": 0.5882352941176471,
      "support": 32
    },
    "20": {
      "precision": 0.7837837837837838,
      "recall": 0.90625,
      "f1-score": 0.8405797101449275,
      "support": 32
    },
    "21": {
      "precision": 0.53125,
      "recall": 0.53125,
      "f1-score": 0.53125,
      "support": 32
    },
    "22": {
      "precision": 0.8076923076923077,
      "recall": 0.65625,
      "f1-score": 0.7241379310344828,
      "support": 32
    },
    "23": {
      "precision": 0.95,
      "recall": 0.59375,
      "f1-score": 0.7307692307692307,
      "support": 32
    },
    "24": {
      "precision": 0.5510204081632653,
      "recall": 0.84375,
      "f1-score": 0.6666666666666666,
      "support": 32
    },
    "25": {
      "precision": 0.92,
      "recall": 0.71875,
      "f1-score": 0.8070175438596491,
      "support": 32
    },
    "26": {
      "precision": 0.6511627906976745,
      "recall": 0.875,
      "f1-score": 0.7466666666666667,
      "support": 32
    },
    "27": {
      "precision": 0.8235294117647058,
      "recall": 0.875,
      "f1-score": 0.8484848484848485,
      "support": 32
    },
    "28": {
      "precision": 0.7777777777777778,
      "recall": 0.4375,
      "f1-score": 0.56,
      "support": 32
    },
    "29": {
      "precision": 0.5853658536585366,
      "recall": 0.75,
      "f1-score": 0.6575342465753424,
      "support": 32
    },
    "30": {
      "precision": 0.782608695652174,
      "recall": 0.5625,
      "f1-score": 0.6545454545454545,
      "support": 32
    },
    "31": {
      "precision": 0.5813953488372093,
      "recall": 0.78125,
      "f1-score": 0.6666666666666666,
      "support": 32
    },
    "32": {
      "precision": 0.6666666666666666,
      "recall": 0.4375,
      "f1-score": 0.5283018867924528,
      "support": 32
    },
    "33": {
      "precision": 0.625,
      "recall": 0.46875,
      "f1-score": 0.5357142857142857,
      "support": 32
    },
    "34": {
      "precision": 0.6521739130434783,
      "recall": 0.46875,
      "f1-score": 0.5454545454545454,
      "support": 32
    },
    "35": {
      "precision": 0.6976744186046512,
      "recall": 0.9375,
      "f1-score": 0.8,
      "support": 32
    },
    "36": {
      "precision": 0.6666666666666666,
      "recall": 0.625,
      "f1-score": 0.6451612903225806,
      "support": 32
    },
    "37": {
      "precision": 0.775,
      "recall": 0.96875,
      "f1-score": 0.8611111111111112,
      "support": 32
    },
    "38": {
      "precision": 0.8461538461538461,
      "recall": 0.6875,
      "f1-score": 0.7586206896551724,
      "support": 32
    },
    "39": {
      "precision": 0.6923076923076923,
      "recall": 0.5625,
      "f1-score": 0.6206896551724138,
      "support": 32
    },
    "40": {
      "precision": 1.0,
      "recall": 0.8125,
      "f1-score": 0.896551724137931,
      "support": 32
    },
    "41": {
      "precision": 0.6857142857142857,
      "recall": 0.75,
      "f1-score": 0.7164179104477612,
      "support": 32
    },
    "42": {
      "precision": 0.9230769230769231,
      "recall": 0.75,
      "f1-score": 0.8275862068965517,
      "support": 32
    },
    "43": {
      "precision": 0.8888888888888888,
      "recall": 1.0,
      "f1-score": 0.9411764705882353,
      "support": 32
    },
    "44": {
      "precision": 0.9230769230769231,
      "recall": 0.75,
      "f1-score": 0.8275862068965517,
      "support": 32
    },
    "45": {
      "precision": 0.5,
      "recall": 0.8125,
      "f1-score": 0.6190476190476191,
      "support": 32
    },
    "46": {
      "precision": 0.6666666666666666,
      "recall": 0.8125,
      "f1-score": 0.7323943661971831,
      "support": 32
    },
    "47": {
      "precision": 0.5686274509803921,
      "recall": 0.90625,
      "f1-score": 0.6987951807228916,
      "support": 32
    },
    "48": {
      "precision": 0.5128205128205128,
      "recall": 0.625,
      "f1-score": 0.5633802816901409,
      "support": 32
    },
    "49": {
      "precision": 0.7727272727272727,
      "recall": 0.53125,
      "f1-score": 0.6296296296296297,
      "support": 32
    },
    "macro avg": {
      "precision": 0.7370664519913244,
      "recall": 0.714375,
      "f1-score": 0.7123130695269277,
      "support": 1600
    },
    "weighted avg": {
      "precision": 0.7370664519913244,
      "recall": 0.714375,
      "f1-score": 0.7123130695269277,
      "support": 1600
    }
  }
}