{
  "0": {
    "precision": 0.813953488372093,
    "recall": 0.813953488372093,
    "f1-score": 0.813953488372093,
    "support": 86.0
  },
  "1": {
    "precision": 0.7419354838709677,
    "recall": 0.7419354838709677,
    "f1-score": 0.7419354838709677,
    "support": 62.0
  },
  "accuracy": 0.7837837837837838,
  "macro avg": {
    "precision": 0.7779444861215303,
    "recall": 0.7779444861215303,
    "f1-score": 0.7779444861215303,
    "support": 148.0
  },
  "weighted avg": {
    "precision": 0.7837837837837838,
    "recall": 0.7837837837837838,
    "f1-score": 0.7837837837837838,
    "support": 148.0
  }
}