{
  "0": {
    "precision": 1.0,
    "recall": 1.0,
    "f1-score": 1.0,
    "support": 150.0
  },
  "1": {
    "precision": 1.0,
    "recall": 1.0,
    "f1-score": 1.0,
    "support": 102.0
  },
  "2": {
    "precision": 0.9818181818181818,
    "recall": 1.0,
    "f1-score": 0.9908256880733946,
    "support": 54.0
  },
  "3": {
    "precision": 1.0,
    "recall": 1.0,
    "f1-score": 1.0,
    "support": 78.0
  },
  "4": {
    "precision": 1.0,
    "recall": 0.9880952380952381,
    "f1-score": 0.9940119760479041,
    "support": 84.0
  },
  "5": {
    "precision": 1.0,
    "recall": 1.0,
    "f1-score": 1.0,
    "support": 96.0
  },
  "6": {
    "precision": 1.0,
    "recall": 1.0,
    "f1-score": 1.0,
    "support": 78.0
  },
  "accuracy": 0.9984423676012462,
  "macro avg": {
    "precision": 0.9974025974025975,
    "recall": 0.9982993197278912,
    "f1-score": 0.9978339520173284,
    "support": 642.0
  },
  "weighted avg": {
    "precision": 0.9984706881903144,
    "recall": 0.9984423676012462,
    "f1-score": 0.9984448491339366,
    "support": 642.0
  }
}