{
  "0": {
    "precision": 0.9807692307692307,
    "recall": 0.9444444444444444,
    "f1-score": 0.9622641509433962,
    "support": 54.0
  },
  "1": {
    "precision": 0.953125,
    "recall": 0.9838709677419355,
    "f1-score": 0.9682539682539683,
    "support": 62.0
  },
  "accuracy": 0.9655172413793104,
  "macro avg": {
    "precision": 0.9669471153846154,
    "recall": 0.96415770609319,
    "f1-score": 0.9652590595986823,
    "support": 116.0
  },
  "weighted avg": {
    "precision": 0.9659938660477453,
    "recall": 0.9655172413793104,
    "f1-score": 0.9654656050231848,
    "support": 116.0
  }
}