{
  "train_loss": [
    1.5922891024117158,
    0.7152855701721346,
    0.272721347500602,
    0.1446438186636595,
    0.1355496156624173,
    0.10144116809574243,
    0.0797519503259956,
    0.05522034254586585,
    0.02804318574370346,
    0.03125502126773013,
    0.03193459165430514,
    0.022672012755850394,
    0.03767601358834828,
    0.06382840792314842,
    0.03210576375325521,
    0.022728068391412403,
    0.014567293186100472,
    0.01747458141929589,
    0.05645953787264423,
    0.06672632816099675,
    0.014035080539242501,
    0.0305645779947347,
    0.04857597178039707,
    0.019519026472626363,
    0.004902123430790235,
    0.0073240939440710525,
    0.010976744266633072,
    0.00362617038393457,
    0.0033600059852172326,
    0.013404844940213538
  ],
  "val_loss": [
    1.5001990423766995,
    0.49254240675878674,
    0.2719289858207524,
    0.3554191894341852,
    0.21424968294636854,
    0.2009113024560462,
    0.2864552443829652,
    0.15878136550595642,
    0.17438218485851587,
    0.2425518106637273,
    0.13283080925636945,
    0.23933229796801306,
    0.16614441887669212,
    0.12759098806345945,
    0.13724650771609534,
    0.19367842921280706,
    0.15106792672939098,
    0.13659864205016967,
    0.25469864025273914,
    0.17372214252669024,
    0.1669456404891312,
    0.2742890152277535,
    0.14983741133517334,
    0.1294157519752328,
    0.1996403216410463,
    0.17601306521916918,
    0.14860062424174722,
    0.12203966521480661,
    0.16065317366672593,
    0.18617705274025134
  ],
  "train_acc": [
    0.3851246105919003,
    0.7558411214953271,
    0.9112149532710281,
    0.9497663551401869,
    0.9587227414330218,
    0.9704049844236761,
    0.9742990654205608,
    0.9832554517133957,
    0.9914330218068536,
    0.9906542056074766,
    0.9894859813084113,
    0.9945482866043613,
    0.9898753894080997,
    0.9828660436137072,
    0.9879283489096573,
    0.9941588785046729,
    0.9945482866043613,
    0.9949376947040498,
    0.9828660436137072,
    0.9801401869158879,
    0.9968847352024922,
    0.9906542056074766,
    0.9848130841121495,
    0.9929906542056075,
    0.9984423676012462,
    0.9980529595015576,
    0.9968847352024922,
    0.9996105919003115,
    0.9992211838006231,
    0.9964953271028038
  ],
  "val_acc": [
    0.46261682242990654,
    0.8177570093457944,
    0.8987538940809969,
    0.881619937694704,
    0.9299065420560748,
    0.940809968847352,
    0.9003115264797508,
    0.9657320872274143,
    0.9470404984423676,
    0.9299065420560748,
    0.956386292834891,
    0.9361370716510904,
    0.956386292834891,
    0.9548286604361371,
    0.9548286604361371,
    0.9470404984423676,
    0.9517133956386293,
    0.9626168224299065,
    0.926791277258567,
    0.942367601246106,
    0.9548286604361371,
    0.9314641744548287,
    0.9548286604361371,
    0.9595015576323987,
    0.9470404984423676,
    0.9501557632398754,
    0.9595015576323987,
    0.9688473520249221,
    0.9532710280373832,
    0.9532710280373832
  ]
}