{
  "final_val_acc": 0.9532710280373832,
  "top3_acc": 0.9953271028037384,
  "auc_macro": 0.9964971066992233,
  "macro_f1": 0.9444183119205433,
  "macro_precision": 0.9433399376335986,
  "macro_recall": 0.9469591255305542,
  "weighted_f1": 0.9534648252764959,
  "per_class_metrics": {
    "0": {
      "precision": 0.9935483870967742,
      "recall": 0.9871794871794872,
      "f1-score": 0.9903536977491961,
      "support": 156
    },
    "1": {
      "precision": 0.946236559139785,
      "recall": 0.9166666666666666,
      "f1-score": 0.9312169312169312,
      "support": 96
    },
    "2": {
      "precision": 0.8305084745762712,
      "recall": 0.9074074074074074,
      "f1-score": 0.8672566371681416,
      "support": 54
    },
    "3": {
      "precision": 1.0,
      "recall": 0.9523809523809523,
      "f1-score": 0.975609756097561,
      "support": 84
    },
    "4": {
      "precision": 0.9615384615384616,
      "recall": 0.8928571428571429,
      "f1-score": 0.9259259259259259,
      "support": 84
    },
    "5": {
      "precision": 0.9504950495049505,
      "recall": 1.0,
      "f1-score": 0.9746192893401016,
      "support": 96
    },
    "6": {
      "precision": 0.9210526315789473,
      "recall": 0.9722222222222222,
      "f1-score": 0.9459459459459459,
      "support": 72
    },
    "macro avg": {
      "precision": 0.9433399376335986,
      "recall": 0.9469591255305542,
      "f1-score": 0.9444183119205433,
      "support": 642
    },
    "weighted avg": {
      "precision": 0.9548477580794782,
      "recall": 0.9532710280373832,
      "f1-score": 0.9534648252764959,
      "support": 642
    }
  }
}