{
  "final_val_acc": 0.8275,
  "macro_f1": 0.8227523587208079,
  "weighted_f1": 0.8227523587208079,
  "per_class_recall": {
    "0": 0.59375,
    "1": 0.5,
    "2": 1.0,
    "3": 0.90625,
    "4": 0.96875,
    "5": 0.9375,
    "6": 1.0,
    "7": 0.78125,
    "8": 0.9375,
    "9": 0.75,
    "10": 1.0,
    "11": 0.96875,
    "12": 0.84375,
    "13": 0.875,
    "14": 0.59375,
    "15": 0.90625,
    "16": 0.875,
    "17": 1.0,
    "18": 0.65625,
    "19": 0.8125,
    "20": 0.9375,
    "21": 0.75,
    "22": 0.75,
    "23": 0.6875,
    "24": 0.9375,
    "25": 0.875,
    "26": 1.0,
    "27": 1.0,
    "28": 0.625,
    "29": 0.375,
    "30": 0.78125,
    "31": 0.84375,
    "32": 0.5,
    "33": 0.6875,
    "34": 0.75,
    "35": 0.90625,
    "36": 0.75,
    "37": 0.9375,
    "38": 1.0,
    "39": 0.78125,
    "40": 0.96875,
    "41": 0.9375,
    "42": 0.78125,
    "43": 0.96875,
    "44": 0.84375,
    "45": 0.8125,
    "46": 0.875,
    "47": 0.8125,
    "48": 0.75,
    "49": 0.84375,
    "macro avg": 0.8275,
    "weighted avg": 0.8275
  }
}