{
  "0": {
    "precision": 0.4887640449438202,
    "recall": 0.5838926174496645,
    "f1-score": 0.5321100917431193,
    "support": 149.0
  },
  "1": {
    "precision": 0.7416666666666667,
    "recall": 0.6617100371747212,
    "f1-score": 0.6994106090373281,
    "support": 269.0
  },
  "accuracy": 0.6339712918660287,
  "macro avg": {
    "precision": 0.6152153558052434,
    "recall": 0.6228013273121928,
    "f1-score": 0.6157603503902237,
    "support": 418.0
  },
  "weighted avg": {
    "precision": 0.6515171675357957,
    "recall": 0.6339712918660287,
    "f1-score": 0.6397747787099666,
    "support": 418.0
  }
}