{
  "final_val_acc": 0.8317757009345794,
  "top3_acc": 0.9735202492211839,
  "auc_macro": 0.9785716004716567,
  "macro_f1": 0.80182659756601,
  "macro_precision": 0.8114504095391616,
  "macro_recall": 0.8063386679458108,
  "weighted_f1": 0.8261390224385671,
  "per_class_metrics": {
    "0": {
      "precision": 0.9869281045751634,
      "recall": 0.967948717948718,
      "f1-score": 0.9773462783171522,
      "support": 156
    },
    "1": {
      "precision": 0.8085106382978723,
      "recall": 0.7916666666666666,
      "f1-score": 0.8,
      "support": 96
    },
    "2": {
      "precision": 0.7446808510638298,
      "recall": 0.6481481481481481,
      "f1-score": 0.693069306930693,
      "support": 54
    },
    "3": {
      "precision": 0.7719298245614035,
      "recall": 0.5238095238095238,
      "f1-score": 0.624113475177305,
      "support": 84
    },
    "4": {
      "precision": 0.825,
      "recall": 0.7857142857142857,
      "f1-score": 0.8048780487804879,
      "support": 84
    },
    "5": {
      "precision": 0.75,
      "recall": 0.96875,
      "f1-score": 0.8454545454545455,
      "support": 96
    },
    "6": {
      "precision": 0.7931034482758621,
      "recall": 0.9583333333333334,
      "f1-score": 0.8679245283018868,
      "support": 72
    },
    "macro avg": {
      "precision": 0.8114504095391616,
      "recall": 0.8063386679458108,
      "f1-score": 0.80182659756601,
      "support": 642
    },
    "weighted avg": {
      "precision": 0.8333896029389222,
      "recall": 0.8317757009345794,
      "f1-score": 0.8261390224385671,
      "support": 642
    }
  }
}