{
  "train_loss": [
    1.7357683683110174,
    1.0848863032005287,
    0.39210968369449783,
    0.15749321566935268,
    0.13412788064680367,
    0.09345952354116231,
    0.07328834117758683,
    0.060609282827080224,
    0.055612068801735325,
    0.014939920225317047,
    0.034673338680531005,
    0.018697655614685976,
    0.005796673326140902,
    0.006665509131757363,
    0.04211638179662815,
    0.04021494348193998,
    0.05327152279771377,
    0.06748730421495679,
    0.016442266855725432,
    0.04341948565641111,
    0.026810875638298155,
    0.018079102902478796,
    0.022045338668532647,
    0.034035324058103784,
    0.013580323894714176,
    0.0078108746593243605,
    0.004870663700564373,
    0.014356760857945941,
    0.003826879737739135,
    0.014422223762524927
  ],
  "val_loss": [
    1.7807642514831923,
    0.8270793117095376,
    0.6230132860186687,
    0.5127563380006689,
    0.48393331718779053,
    0.5412914315325634,
    0.5249908649974802,
    0.6445299023037017,
    0.4967254671352303,
    0.4799447572119882,
    0.5078578336959316,
    0.48541797228691363,
    0.41596142138496645,
    0.5098321586383094,
    0.5350174172273677,
    0.520953906543344,
    0.8108108572174455,
    0.5074945324306548,
    0.45188134110233863,
    0.6120842759297273,
    0.6580517188039524,
    0.5368697425681297,
    0.6131928969302282,
    0.7244704155907081,
    0.5971358305197267,
    0.5211907219014064,
    0.4602499156726112,
    0.5132486765211988,
    0.5027034140635873,
    0.6398420581750781
  ],
  "train_acc": [
    0.3107476635514019,
    0.6051401869158879,
    0.8746105919003115,
    0.9517133956386293,
    0.956386292834891,
    0.9669003115264797,
    0.977803738317757,
    0.9809190031152648,
    0.9855919003115264,
    0.9957165109034268,
    0.9871495327102804,
    0.9957165109034268,
    0.9988317757009346,
    0.9972741433021807,
    0.9863707165109035,
    0.9894859813084113,
    0.9844236760124611,
    0.9793613707165109,
    0.9949376947040498,
    0.9887071651090342,
    0.993380062305296,
    0.9953271028037384,
    0.993380062305296,
    0.9894859813084113,
    0.9964953271028038,
    0.9984423676012462,
    0.9992211838006231,
    0.9957165109034268,
    0.9992211838006231,
    0.9957165109034268
  ],
  "val_acc": [
    0.29595015576323985,
    0.7133956386292835,
    0.7741433021806854,
    0.8302180685358256,
    0.838006230529595,
    0.8193146417445483,
    0.8333333333333334,
    0.8161993769470405,
    0.8535825545171339,
    0.8489096573208723,
    0.8457943925233645,
    0.8582554517133957,
    0.8769470404984424,
    0.8582554517133957,
    0.838006230529595,
    0.8473520249221184,
    0.7679127725856698,
    0.838006230529595,
    0.867601246105919,
    0.8271028037383178,
    0.8317757009345794,
    0.8582554517133957,
    0.8411214953271028,
    0.8193146417445483,
    0.8271028037383178,
    0.8535825545171339,
    0.8582554517133957,
    0.8566978193146417,
    0.8613707165109035,
    0.8317757009345794
  ]
}