{
  "0": {
    "precision": 1.0,
    "recall": 1.0,
    "f1-score": 1.0,
    "support": 156.0
  },
  "1": {
    "precision": 0.9696969696969697,
    "recall": 1.0,
    "f1-score": 0.9846153846153847,
    "support": 96.0
  },
  "2": {
    "precision": 0.9787234042553191,
    "recall": 0.8518518518518519,
    "f1-score": 0.9108910891089109,
    "support": 54.0
  },
  "3": {
    "precision": 0.9882352941176471,
    "recall": 1.0,
    "f1-score": 0.9940828402366864,
    "support": 84.0
  },
  "4": {
    "precision": 0.9651162790697675,
    "recall": 0.9880952380952381,
    "f1-score": 0.9764705882352941,
    "support": 84.0
  },
  "5": {
    "precision": 0.9896907216494846,
    "recall": 1.0,
    "f1-score": 0.9948186528497409,
    "support": 96.0
  },
  "6": {
    "precision": 1.0,
    "recall": 1.0,
    "f1-score": 1.0,
    "support": 72.0
  },
  "accuracy": 0.985981308411215,
  "macro avg": {
    "precision": 0.9844946669698841,
    "recall": 0.97713529856387,
    "f1-score": 0.9801255078637167,
    "support": 642.0
  },
  "weighted avg": {
    "precision": 0.9860339787333172,
    "recall": 0.985981308411215,
    "f1-score": 0.9855767514021487,
    "support": 642.0
  }
}