{
  "0": {
    "precision": 0.9411764705882353,
    "recall": 0.5333333333333333,
    "f1-score": 0.6808510638297872,
    "support": 60.0
  },
  "1": {
    "precision": 0.6744186046511628,
    "recall": 0.9666666666666667,
    "f1-score": 0.7945205479452054,
    "support": 60.0
  },
  "accuracy": 0.75,
  "macro avg": {
    "precision": 0.8077975376196991,
    "recall": 0.75,
    "f1-score": 0.7376858058874963,
    "support": 120.0
  },
  "weighted avg": {
    "precision": 0.8077975376196991,
    "recall": 0.75,
    "f1-score": 0.7376858058874963,
    "support": 120.0
  }
}