{
  "0": {
    "precision": 0.8037383177570093,
    "recall": 0.9662921348314607,
    "f1-score": 0.8775510204081632,
    "support": 89.0
  },
  "1": {
    "precision": 0.9747899159663865,
    "recall": 0.8467153284671532,
    "f1-score": 0.90625,
    "support": 137.0
  },
  "accuracy": 0.8938053097345132,
  "macro avg": {
    "precision": 0.8892641168616979,
    "recall": 0.906503731649307,
    "f1-score": 0.8919005102040816,
    "support": 226.0
  },
  "weighted avg": {
    "precision": 0.9074288883529592,
    "recall": 0.8938053097345132,
    "f1-score": 0.8949481894527721,
    "support": 226.0
  }
}