{
  "train_loss": [
    3.2391145825386047,
    1.4576698219776154,
    0.6596232309937478,
    0.3403321346640587,
    0.19166290901601316,
    0.12690120823681356,
    0.10633459819480777,
    0.08509755600243807,
    0.0712715638242662,
    0.06039629719220102,
    0.061255839513614775,
    0.039815045355353504,
    0.038563377088867125,
    0.04905000851023942,
    0.058313850378617645,
    0.043175548487342896,
    0.02875186122721061,
    0.025469772894866766,
    0.04357021066593006,
    0.03184475580928847,
    0.04380191510543227,
    0.058173945329617706,
    0.035651452236343174,
    0.024426396717317403,
    0.025764675637474282,
    0.04848741065012291,
    0.04392385129351169,
    0.0345088043785654,
    0.029855668959207833,
    0.03378137644496746
  ],
  "val_loss": [
    2.4093871974945067,
    1.5448527455329895,
    1.3211179852485657,
    1.401204469203949,
    1.3445154786109925,
    1.3264770126342773,
    1.340804259777069,
    1.2550455808639527,
    1.2550599336624146,
    1.299351797103882,
    1.2846591699123382,
    1.3359364104270934,
    1.2905223321914674,
    1.286446874141693,
    1.3612716937065124,
    1.3392048478126526,
    1.3043617689609528,
    1.3397716569900513,
    1.4463522744178772,
    1.5918627858161927,
    1.3935963892936707,
    1.4707971048355102,
    1.3936398029327393,
    1.2301197946071625,
    1.4233965063095093,
    1.5340921223163604,
    1.4342009913921356,
    1.2545247447490693,
    1.243988971710205,
    1.3365506148338318
  ],
  "train_acc": [
    0.15328125,
    0.5646875,
    0.800625,
    0.8978125,
    0.94625,
    0.96390625,
    0.9709375,
    0.9759375,
    0.9803125,
    0.98234375,
    0.9825,
    0.99109375,
    0.98953125,
    0.9865625,
    0.983125,
    0.98796875,
    0.9925,
    0.99296875,
    0.9878125,
    0.99171875,
    0.9884375,
    0.9828125,
    0.9903125,
    0.99421875,
    0.99296875,
    0.98484375,
    0.98625,
    0.990625,
    0.9915625,
    0.99078125
  ],
  "val_acc": [
    0.339375,
    0.539375,
    0.621875,
    0.614375,
    0.650625,
    0.66125,
    0.6625,
    0.676875,
    0.6875,
    0.695625,
    0.679375,
    0.698125,
    0.7025,
    0.701875,
    0.686875,
    0.68125,
    0.681875,
    0.695,
    0.66375,
    0.658125,
    0.66625,
    0.661875,
    0.681875,
    0.71875,
    0.69125,
    0.6475,
    0.685,
    0.7025,
    0.696875,
    0.704375
  ]
}