{
  "0": {
    "precision": 0.7702702702702703,
    "recall": 0.8636363636363636,
    "f1-score": 0.8142857142857143,
    "support": 66.0
  },
  "1": {
    "precision": 0.8269230769230769,
    "recall": 0.7166666666666667,
    "f1-score": 0.7678571428571429,
    "support": 60.0
  },
  "accuracy": 0.7936507936507936,
  "macro avg": {
    "precision": 0.7985966735966736,
    "recall": 0.7901515151515152,
    "f1-score": 0.7910714285714286,
    "support": 126.0
  },
  "weighted avg": {
    "precision": 0.7972477972477973,
    "recall": 0.7936507936507936,
    "f1-score": 0.7921768707482993,
    "support": 126.0
  }
}