{
  "0": {
    "precision": 0.4656084656084656,
    "recall": 0.5906040268456376,
    "f1-score": 0.5207100591715976,
    "support": 149.0
  },
  "1": {
    "precision": 0.7336244541484717,
    "recall": 0.6245353159851301,
    "f1-score": 0.6746987951807228,
    "support": 269.0
  },
  "accuracy": 0.6124401913875598,
  "macro avg": {
    "precision": 0.5996164598784686,
    "recall": 0.6075696714153839,
    "f1-score": 0.5977044271761602,
    "support": 418.0
  },
  "weighted avg": {
    "precision": 0.6380876544057422,
    "recall": 0.6124401913875598,
    "f1-score": 0.6198080734932596,
    "support": 418.0
  }
}