{
  "0": {
    "precision": 1.0,
    "recall": 0.6511627906976745,
    "f1-score": 0.7887323943661971,
    "support": 86.0
  },
  "1": {
    "precision": 0.6739130434782609,
    "recall": 1.0,
    "f1-score": 0.8051948051948052,
    "support": 62.0
  },
  "accuracy": 0.7972972972972973,
  "macro avg": {
    "precision": 0.8369565217391304,
    "recall": 0.8255813953488372,
    "f1-score": 0.7969635997805011,
    "support": 148.0
  },
  "weighted avg": {
    "precision": 0.8633960047003525,
    "recall": 0.7972972972972973,
    "f1-score": 0.7956288097133168,
    "support": 148.0
  }
}