{
  "0": {
    "precision": 1.0,
    "recall": 0.7441860465116279,
    "f1-score": 0.8533333333333334,
    "support": 86.0
  },
  "1": {
    "precision": 0.7380952380952381,
    "recall": 1.0,
    "f1-score": 0.8493150684931506,
    "support": 62.0
  },
  "accuracy": 0.8513513513513513,
  "macro avg": {
    "precision": 0.8690476190476191,
    "recall": 0.872093023255814,
    "f1-score": 0.851324200913242,
    "support": 148.0
  },
  "weighted avg": {
    "precision": 0.8902831402831403,
    "recall": 0.8513513513513513,
    "f1-score": 0.8516500061705541,
    "support": 148.0
  }
}