{
  "0": {
    "precision": 0.8428571428571429,
    "recall": 0.8939393939393939,
    "f1-score": 0.8676470588235294,
    "support": 66.0
  },
  "1": {
    "precision": 0.875,
    "recall": 0.8166666666666667,
    "f1-score": 0.8448275862068966,
    "support": 60.0
  },
  "accuracy": 0.8571428571428571,
  "macro avg": {
    "precision": 0.8589285714285715,
    "recall": 0.8553030303030302,
    "f1-score": 0.856237322515213,
    "support": 126.0
  },
  "weighted avg": {
    "precision": 0.8581632653061225,
    "recall": 0.8571428571428571,
    "f1-score": 0.8567806432917995,
    "support": 126.0
  }
}