{
  "0": {
    "precision": 0.9803921568627451,
    "recall": 0.9259259259259259,
    "f1-score": 0.9523809523809523,
    "support": 54.0
  },
  "1": {
    "precision": 0.9384615384615385,
    "recall": 0.9838709677419355,
    "f1-score": 0.9606299212598425,
    "support": 62.0
  },
  "accuracy": 0.9568965517241379,
  "macro avg": {
    "precision": 0.9594268476621417,
    "recall": 0.9548984468339308,
    "f1-score": 0.9565054368203973,
    "support": 116.0
  },
  "weighted avg": {
    "precision": 0.9579809642689967,
    "recall": 0.9568965517241379,
    "f1-score": 0.9567898840231178,
    "support": 116.0
  }
}