{
  "0": {
    "precision": 0.8666666666666667,
    "recall": 0.8125,
    "f1-score": 0.8387096774193549,
    "support": 32.0
  },
  "1": {
    "precision": 0.7142857142857143,
    "recall": 0.625,
    "f1-score": 0.6666666666666666,
    "support": 32.0
  },
  "2": {
    "precision": 0.96,
    "recall": 0.75,
    "f1-score": 0.8421052631578947,
    "support": 32.0
  },
  "3": {
    "precision": 0.8235294117647058,
    "recall": 0.875,
    "f1-score": 0.8484848484848485,
    "support": 32.0
  },
  "4": {
    "precision": 1.0,
    "recall": 0.96875,
    "f1-score": 0.9841269841269841,
    "support": 32.0
  },
  "5": {
    "precision": 0.78125,
    "recall": 0.78125,
    "f1-score": 0.78125,
    "support": 32.0
  },
  "6": {
    "precision": 0.9259259259259259,
    "recall": 0.78125,
    "f1-score": 0.847457627118644,
    "support": 32.0
  },
  "7": {
    "precision": 0.9333333333333333,
    "recall": 0.875,
    "f1-score": 0.9032258064516129,
    "support": 32.0
  },
  "8": {
    "precision": 0.967741935483871,
    "recall": 0.9375,
    "f1-score": 0.9523809523809523,
    "support": 32.0
  },
  "9": {
    "precision": 0.8461538461538461,
    "recall": 0.6875,
    "f1-score": 0.7586206896551724,
    "support": 32.0
  },
  "10": {
    "precision": 0.8421052631578947,
    "recall": 1.0,
    "f1-score": 0.9142857142857143,
    "support": 32.0
  },
  "11": {
    "precision": 0.90625,
    "recall": 0.90625,
    "f1-score": 0.90625,
    "support": 32.0
  },
  "12": {
    "precision": 0.7586206896551724,
    "recall": 0.6875,
    "f1-score": 0.7213114754098361,
    "support": 32.0
  },
  "13": {
    "precision": 0.8387096774193549,
    "recall": 0.8125,
    "f1-score": 0.8253968253968254,
    "support": 32.0
  },
  "14": {
    "precision": 0.90625,
    "recall": 0.90625,
    "f1-score": 0.90625,
    "support": 32.0
  },
  "15": {
    "precision": 0.9117647058823529,
    "recall": 0.96875,
    "f1-score": 0.9393939393939394,
    "support": 32.0
  },
  "16": {
    "precision": 0.96,
    "recall": 0.75,
    "f1-score": 0.8421052631578947,
    "support": 32.0
  },
  "17": {
    "precision": 0.8333333333333334,
    "recall": 0.78125,
    "f1-score": 0.8064516129032258,
    "support": 32.0
  },
  "18": {
    "precision": 0.8148148148148148,
    "recall": 0.6875,
    "f1-score": 0.7457627118644068,
    "support": 32.0
  },
  "19": {
    "precision": 1.0,
    "recall": 0.71875,
    "f1-score": 0.8363636363636363,
    "support": 32.0
  },
  "20": {
    "precision": 0.9142857142857143,
    "recall": 1.0,
    "f1-score": 0.9552238805970149,
    "support": 32.0
  },
  "21": {
    "precision": 0.7222222222222222,
    "recall": 0.40625,
    "f1-score": 0.52,
    "support": 32.0
  },
  "22": {
    "precision": 0.8421052631578947,
    "recall": 0.5,
    "f1-score": 0.6274509803921569,
    "support": 32.0
  },
  "23": {
    "precision": 0.8235294117647058,
    "recall": 0.875,
    "f1-score": 0.8484848484848485,
    "support": 32.0
  },
  "24": {
    "precision": 0.7631578947368421,
    "recall": 0.90625,
    "f1-score": 0.8285714285714286,
    "support": 32.0
  },
  "25": {
    "precision": 0.8787878787878788,
    "recall": 0.90625,
    "f1-score": 0.8923076923076924,
    "support": 32.0
  },
  "26": {
    "precision": 0.84375,
    "recall": 0.84375,
    "f1-score": 0.84375,
    "support": 32.0
  },
  "27": {
    "precision": 0.7714285714285715,
    "recall": 0.84375,
    "f1-score": 0.8059701492537313,
    "support": 32.0
  },
  "28": {
    "precision": 0.7142857142857143,
    "recall": 0.625,
    "f1-score": 0.6666666666666666,
    "support": 32.0
  },
  "29": {
    "precision": 0.8888888888888888,
    "recall": 0.75,
    "f1-score": 0.8135593220338984,
    "support": 32.0
  },
  "30": {
    "precision": 0.7631578947368421,
    "recall": 0.90625,
    "f1-score": 0.8285714285714286,
    "support": 32.0
  },
  "31": {
    "precision": 0.5789473684210527,
    "recall": 0.6875,
    "f1-score": 0.6285714285714286,
    "support": 32.0
  },
  "32": {
    "precision": 0.65625,
    "recall": 0.65625,
    "f1-score": 0.65625,
    "support": 32.0
  },
  "33": {
    "precision": 0.7941176470588235,
    "recall": 0.84375,
    "f1-score": 0.8181818181818182,
    "support": 32.0
  },
  "34": {
    "precision": 0.75,
    "recall": 0.75,
    "f1-score": 0.75,
    "support": 32.0
  },
  "35": {
    "precision": 0.7111111111111111,
    "recall": 1.0,
    "f1-score": 0.8311688311688312,
    "support": 32.0
  },
  "36": {
    "precision": 0.6341463414634146,
    "recall": 0.8125,
    "f1-score": 0.7123287671232876,
    "support": 32.0
  },
  "37": {
    "precision": 0.9696969696969697,
    "recall": 1.0,
    "f1-score": 0.9846153846153847,
    "support": 32.0
  },
  "38": {
    "precision": 0.96875,
    "recall": 0.96875,
    "f1-score": 0.96875,
    "support": 32.0
  },
  "39": {
    "precision": 0.9117647058823529,
    "recall": 0.96875,
    "f1-score": 0.9393939393939394,
    "support": 32.0
  },
  "40": {
    "precision": 0.9629629629629629,
    "recall": 0.8125,
    "f1-score": 0.8813559322033898,
    "support": 32.0
  },
  "41": {
    "precision": 0.7297297297297297,
    "recall": 0.84375,
    "f1-score": 0.782608695652174,
    "support": 32.0
  },
  "42": {
    "precision": 0.7380952380952381,
    "recall": 0.96875,
    "f1-score": 0.8378378378378378,
    "support": 32.0
  },
  "43": {
    "precision": 0.9411764705882353,
    "recall": 1.0,
    "f1-score": 0.9696969696969697,
    "support": 32.0
  },
  "44": {
    "precision": 0.9411764705882353,
    "recall": 1.0,
    "f1-score": 0.9696969696969697,
    "support": 32.0
  },
  "45": {
    "precision": 0.49019607843137253,
    "recall": 0.78125,
    "f1-score": 0.6024096385542169,
    "support": 32.0
  },
  "46": {
    "precision": 0.88,
    "recall": 0.6875,
    "f1-score": 0.7719298245614035,
    "support": 32.0
  },
  "47": {
    "precision": 0.7037037037037037,
    "recall": 0.59375,
    "f1-score": 0.6440677966101694,
    "support": 32.0
  },
  "48": {
    "precision": 0.84375,
    "recall": 0.84375,
    "f1-score": 0.84375,
    "support": 32.0
  },
  "49": {
    "precision": 0.8157894736842105,
    "recall": 0.96875,
    "f1-score": 0.8857142857142857,
    "support": 32.0
  },
  "accuracy": 0.82125,
  "macro avg": {
    "precision": 0.8307539808717935,
    "recall": 0.82125,
    "f1-score": 0.8195096842139716,
    "support": 1600.0
  },
  "weighted avg": {
    "precision": 0.8307539808717935,
    "recall": 0.82125,
    "f1-score": 0.8195096842139716,
    "support": 1600.0
  }
}