{
  "0": {
    "precision": 0.9761904761904762,
    "recall": 0.9534883720930233,
    "f1-score": 0.9647058823529412,
    "support": 86.0
  },
  "1": {
    "precision": 0.9375,
    "recall": 0.967741935483871,
    "f1-score": 0.9523809523809523,
    "support": 62.0
  },
  "accuracy": 0.9594594594594594,
  "macro avg": {
    "precision": 0.9568452380952381,
    "recall": 0.9606151537884471,
    "f1-score": 0.9585434173669467,
    "support": 148.0
  },
  "weighted avg": {
    "precision": 0.9599823037323038,
    "recall": 0.9594594594594594,
    "f1-score": 0.9595427360133242,
    "support": 148.0
  }
}