{
  "0": {
    "precision": 0.9392156862745098,
    "recall": 0.9637826961770624,
    "f1-score": 0.9513406156901688,
    "support": 497.0
  },
  "1": {
    "precision": 0.8512396694214877,
    "recall": 0.7686567164179104,
    "f1-score": 0.807843137254902,
    "support": 134.0
  },
  "accuracy": 0.9223454833597464,
  "macro avg": {
    "precision": 0.8952276778479987,
    "recall": 0.8662197062974863,
    "f1-score": 0.8795918764725354,
    "support": 631.0
  },
  "weighted avg": {
    "precision": 0.9205329822201439,
    "recall": 0.9223454833597464,
    "f1-score": 0.9208673001429013,
    "support": 631.0
  }
}