{
  "0": {
    "precision": 1.0,
    "recall": 1.0,
    "f1-score": 1.0,
    "support": 150.0
  },
  "1": {
    "precision": 0.9603960396039604,
    "recall": 0.9509803921568627,
    "f1-score": 0.9556650246305419,
    "support": 102.0
  },
  "2": {
    "precision": 0.8813559322033898,
    "recall": 0.9629629629629629,
    "f1-score": 0.9203539823008849,
    "support": 54.0
  },
  "3": {
    "precision": 0.9,
    "recall": 0.9230769230769231,
    "f1-score": 0.9113924050632911,
    "support": 78.0
  },
  "4": {
    "precision": 0.9342105263157895,
    "recall": 0.8452380952380952,
    "f1-score": 0.8875,
    "support": 84.0
  },
  "5": {
    "precision": 0.9696969696969697,
    "recall": 1.0,
    "f1-score": 0.9846153846153847,
    "support": 96.0
  },
  "6": {
    "precision": 0.987012987012987,
    "recall": 0.9743589743589743,
    "f1-score": 0.9806451612903225,
    "support": 78.0
  },
  "accuracy": 0.956386292834891,
  "macro avg": {
    "precision": 0.947524636404728,
    "recall": 0.950945335399117,
    "f1-score": 0.948595993985775,
    "support": 642.0
  },
  "weighted avg": {
    "precision": 0.9568617175498995,
    "recall": 0.956386292834891,
    "f1-score": 0.9561198670642085,
    "support": 642.0
  }
}