{
  "0": {
    "precision": 1.0,
    "recall": 0.78125,
    "f1-score": 0.8771929824561403,
    "support": 32.0
  },
  "1": {
    "precision": 0.8125,
    "recall": 0.8125,
    "f1-score": 0.8125,
    "support": 32.0
  },
  "2": {
    "precision": 1.0,
    "recall": 1.0,
    "f1-score": 1.0,
    "support": 32.0
  },
  "3": {
    "precision": 0.8055555555555556,
    "recall": 0.90625,
    "f1-score": 0.8529411764705882,
    "support": 32.0
  },
  "4": {
    "precision": 0.8857142857142857,
    "recall": 0.96875,
    "f1-score": 0.9253731343283582,
    "support": 32.0
  },
  "5": {
    "precision": 0.7441860465116279,
    "recall": 1.0,
    "f1-score": 0.8533333333333334,
    "support": 32.0
  },
  "6": {
    "precision": 0.9696969696969697,
    "recall": 1.0,
    "f1-score": 0.9846153846153847,
    "support": 32.0
  },
  "7": {
    "precision": 0.8076923076923077,
    "recall": 0.65625,
    "f1-score": 0.7241379310344828,
    "support": 32.0
  },
  "8": {
    "precision": 1.0,
    "recall": 0.96875,
    "f1-score": 0.9841269841269841,
    "support": 32.0
  },
  "9": {
    "precision": 0.896551724137931,
    "recall": 0.8125,
    "f1-score": 0.8524590163934426,
    "support": 32.0
  },
  "10": {
    "precision": 1.0,
    "recall": 0.78125,
    "f1-score": 0.8771929824561403,
    "support": 32.0
  },
  "11": {
    "precision": 0.7142857142857143,
    "recall": 0.9375,
    "f1-score": 0.8108108108108109,
    "support": 32.0
  },
  "12": {
    "precision": 0.7073170731707317,
    "recall": 0.90625,
    "f1-score": 0.7945205479452054,
    "support": 32.0
  },
  "13": {
    "precision": 0.9090909090909091,
    "recall": 0.625,
    "f1-score": 0.7407407407407407,
    "support": 32.0
  },
  "14": {
    "precision": 0.9393939393939394,
    "recall": 0.96875,
    "f1-score": 0.9538461538461539,
    "support": 32.0
  },
  "15": {
    "precision": 0.9310344827586207,
    "recall": 0.84375,
    "f1-score": 0.8852459016393442,
    "support": 32.0
  },
  "16": {
    "precision": 0.8181818181818182,
    "recall": 0.84375,
    "f1-score": 0.8307692307692308,
    "support": 32.0
  },
  "17": {
    "precision": 0.8823529411764706,
    "recall": 0.9375,
    "f1-score": 0.9090909090909091,
    "support": 32.0
  },
  "18": {
    "precision": 0.5555555555555556,
    "recall": 0.46875,
    "f1-score": 0.5084745762711864,
    "support": 32.0
  },
  "19": {
    "precision": 0.7352941176470589,
    "recall": 0.78125,
    "f1-score": 0.7575757575757576,
    "support": 32.0
  },
  "20": {
    "precision": 0.7073170731707317,
    "recall": 0.90625,
    "f1-score": 0.7945205479452054,
    "support": 32.0
  },
  "21": {
    "precision": 0.6896551724137931,
    "recall": 0.625,
    "f1-score": 0.6557377049180327,
    "support": 32.0
  },
  "22": {
    "precision": 0.8611111111111112,
    "recall": 0.96875,
    "f1-score": 0.9117647058823529,
    "support": 32.0
  },
  "23": {
    "precision": 0.9615384615384616,
    "recall": 0.78125,
    "f1-score": 0.8620689655172413,
    "support": 32.0
  },
  "24": {
    "precision": 0.9545454545454546,
    "recall": 0.65625,
    "f1-score": 0.7777777777777778,
    "support": 32.0
  },
  "25": {
    "precision": 0.9,
    "recall": 0.84375,
    "f1-score": 0.8709677419354839,
    "support": 32.0
  },
  "26": {
    "precision": 0.9666666666666667,
    "recall": 0.90625,
    "f1-score": 0.9354838709677419,
    "support": 32.0
  },
  "27": {
    "precision": 1.0,
    "recall": 0.875,
    "f1-score": 0.9333333333333333,
    "support": 32.0
  },
  "28": {
    "precision": 0.7857142857142857,
    "recall": 0.6875,
    "f1-score": 0.7333333333333333,
    "support": 32.0
  },
  "29": {
    "precision": 0.7916666666666666,
    "recall": 0.59375,
    "f1-score": 0.6785714285714286,
    "support": 32.0
  },
  "30": {
    "precision": 0.9642857142857143,
    "recall": 0.84375,
    "f1-score": 0.9,
    "support": 32.0
  },
  "31": {
    "precision": 0.7619047619047619,
    "recall": 1.0,
    "f1-score": 0.8648648648648649,
    "support": 32.0
  },
  "32": {
    "precision": 0.6206896551724138,
    "recall": 0.5625,
    "f1-score": 0.5901639344262295,
    "support": 32.0
  },
  "33": {
    "precision": 0.9642857142857143,
    "recall": 0.84375,
    "f1-score": 0.9,
    "support": 32.0
  },
  "34": {
    "precision": 0.6595744680851063,
    "recall": 0.96875,
    "f1-score": 0.7848101265822784,
    "support": 32.0
  },
  "35": {
    "precision": 0.9696969696969697,
    "recall": 1.0,
    "f1-score": 0.9846153846153847,
    "support": 32.0
  },
  "36": {
    "precision": 0.8,
    "recall": 0.875,
    "f1-score": 0.835820895522388,
    "support": 32.0
  },
  "37": {
    "precision": 0.9411764705882353,
    "recall": 1.0,
    "f1-score": 0.9696969696969697,
    "support": 32.0
  },
  "38": {
    "precision": 0.675,
    "recall": 0.84375,
    "f1-score": 0.75,
    "support": 32.0
  },
  "39": {
    "precision": 0.7631578947368421,
    "recall": 0.90625,
    "f1-score": 0.8285714285714286,
    "support": 32.0
  },
  "40": {
    "precision": 1.0,
    "recall": 1.0,
    "f1-score": 1.0,
    "support": 32.0
  },
  "41": {
    "precision": 0.6756756756756757,
    "recall": 0.78125,
    "f1-score": 0.7246376811594203,
    "support": 32.0
  },
  "42": {
    "precision": 0.9411764705882353,
    "recall": 1.0,
    "f1-score": 0.9696969696969697,
    "support": 32.0
  },
  "43": {
    "precision": 0.8888888888888888,
    "recall": 1.0,
    "f1-score": 0.9411764705882353,
    "support": 32.0
  },
  "44": {
    "precision": 1.0,
    "recall": 0.96875,
    "f1-score": 0.9841269841269841,
    "support": 32.0
  },
  "45": {
    "precision": 0.8695652173913043,
    "recall": 0.625,
    "f1-score": 0.7272727272727273,
    "support": 32.0
  },
  "46": {
    "precision": 0.875,
    "recall": 0.875,
    "f1-score": 0.875,
    "support": 32.0
  },
  "47": {
    "precision": 0.9310344827586207,
    "recall": 0.84375,
    "f1-score": 0.8852459016393442,
    "support": 32.0
  },
  "48": {
    "precision": 0.8666666666666667,
    "recall": 0.40625,
    "f1-score": 0.5531914893617021,
    "support": 32.0
  },
  "49": {
    "precision": 0.7073170731707317,
    "recall": 0.90625,
    "f1-score": 0.7945205479452054,
    "support": 32.0
  },
  "accuracy": 0.841875,
  "macro avg": {
    "precision": 0.8521542891258511,
    "recall": 0.841875,
    "f1-score": 0.839038386803125,
    "support": 1600.0
  },
  "weighted avg": {
    "precision": 0.8521542891258511,
    "recall": 0.841875,
    "f1-score": 0.839038386803125,
    "support": 1600.0
  }
}