{
  "0": {
    "precision": 0.42857142857142855,
    "recall": 0.010416666666666666,
    "f1-score": 0.020338983050847456,
    "support": 288.0
  },
  "1": {
    "precision": 0.6686046511627907,
    "recall": 0.9930915371329879,
    "f1-score": 0.7991660875608061,
    "support": 579.0
  },
  "accuracy": 0.6666666666666666,
  "macro avg": {
    "precision": 0.5485880398671096,
    "recall": 0.5017541018998273,
    "f1-score": 0.4097525353058268,
    "support": 867.0
  },
  "weighted avg": {
    "precision": 0.5888704318936876,
    "recall": 0.6666666666666666,
    "f1-score": 0.5404553538827576,
    "support": 867.0
  }
}