{
  "0": {
    "precision": 0.5306122448979592,
    "recall": 0.5551601423487544,
    "f1-score": 0.542608695652174,
    "support": 281.0
  },
  "1": {
    "precision": 0.7126436781609196,
    "recall": 0.6919642857142857,
    "f1-score": 0.7021517553793885,
    "support": 448.0
  },
  "accuracy": 0.6392318244170097,
  "macro avg": {
    "precision": 0.6216279615294393,
    "recall": 0.62356221403152,
    "f1-score": 0.6223802255157812,
    "support": 729.0
  },
  "weighted avg": {
    "precision": 0.642477926793441,
    "recall": 0.6392318244170097,
    "f1-score": 0.6406543619865939,
    "support": 729.0
  }
}