{
  "0": {
    "precision": 0.5735294117647058,
    "recall": 0.6610169491525424,
    "f1-score": 0.6141732283464567,
    "support": 59.0
  },
  "1": {
    "precision": 0.6078431372549019,
    "recall": 0.5166666666666667,
    "f1-score": 0.5585585585585585,
    "support": 60.0
  },
  "accuracy": 0.5882352941176471,
  "macro avg": {
    "precision": 0.5906862745098038,
    "recall": 0.5888418079096045,
    "f1-score": 0.5863658934525076,
    "support": 119.0
  },
  "weighted avg": {
    "precision": 0.5908304498269896,
    "recall": 0.5882352941176471,
    "f1-score": 0.5861322183693652,
    "support": 119.0
  }
}