{
  "0": {
    "precision": 1.0,
    "recall": 1.0,
    "f1-score": 1.0,
    "support": 156.0
  },
  "1": {
    "precision": 0.9142857142857143,
    "recall": 1.0,
    "f1-score": 0.9552238805970149,
    "support": 96.0
  },
  "2": {
    "precision": 1.0,
    "recall": 0.7777777777777778,
    "f1-score": 0.875,
    "support": 54.0
  },
  "3": {
    "precision": 1.0,
    "recall": 1.0,
    "f1-score": 1.0,
    "support": 84.0
  },
  "4": {
    "precision": 0.9767441860465116,
    "recall": 1.0,
    "f1-score": 0.9882352941176471,
    "support": 84.0
  },
  "5": {
    "precision": 0.9896907216494846,
    "recall": 1.0,
    "f1-score": 0.9948186528497409,
    "support": 96.0
  },
  "6": {
    "precision": 1.0,
    "recall": 1.0,
    "f1-score": 1.0,
    "support": 72.0
  },
  "accuracy": 0.9813084112149533,
  "macro avg": {
    "precision": 0.9829600888545301,
    "recall": 0.9682539682539683,
    "f1-score": 0.9733254039377719,
    "support": 642.0
  },
  "weighted avg": {
    "precision": 0.9825985194356481,
    "recall": 0.9813084112149533,
    "f1-score": 0.9804763986242536,
    "support": 642.0
  }
}