{
  "0": {
    "precision": 0.4532967032967033,
    "recall": 0.5729166666666666,
    "f1-score": 0.5061349693251533,
    "support": 288.0
  },
  "1": {
    "precision": 0.7554671968190855,
    "recall": 0.6563039723661486,
    "f1-score": 0.7024029574861368,
    "support": 579.0
  },
  "accuracy": 0.6286043829296425,
  "macro avg": {
    "precision": 0.6043819500578944,
    "recall": 0.6146103195164077,
    "f1-score": 0.6042689634056451,
    "support": 867.0
  },
  "weighted avg": {
    "precision": 0.6550922231922733,
    "recall": 0.6286043829296425,
    "f1-score": 0.637206670761381,
    "support": 867.0
  }
}