{
  "final_val_acc": 0.9470404984423676,
  "top3_acc": 1.0,
  "auc_macro": 0.9962203306754561,
  "macro_f1": 0.9361048580081313,
  "macro_precision": 0.9343587527175539,
  "macro_recall": 0.9406415343915345,
  "weighted_f1": 0.9474421203683032,
  "per_class_metrics": {
    "0": {
      "precision": 1.0,
      "recall": 1.0,
      "f1-score": 1.0,
      "support": 156
    },
    "1": {
      "precision": 0.9545454545454546,
      "recall": 0.875,
      "f1-score": 0.9130434782608695,
      "support": 96
    },
    "2": {
      "precision": 0.8166666666666667,
      "recall": 0.9074074074074074,
      "f1-score": 0.8596491228070176,
      "support": 54
    },
    "3": {
      "precision": 0.975,
      "recall": 0.9285714285714286,
      "f1-score": 0.9512195121951219,
      "support": 84
    },
    "4": {
      "precision": 0.926829268292683,
      "recall": 0.9047619047619048,
      "f1-score": 0.9156626506024096,
      "support": 84
    },
    "5": {
      "precision": 1.0,
      "recall": 0.96875,
      "f1-score": 0.9841269841269841,
      "support": 96
    },
    "6": {
      "precision": 0.8674698795180723,
      "recall": 1.0,
      "f1-score": 0.9290322580645162,
      "support": 72
    },
    "macro avg": {
      "precision": 0.9343587527175539,
      "recall": 0.9406415343915345,
      "f1-score": 0.9361048580081313,
      "support": 642
    },
    "weighted avg": {
      "precision": 0.9500745381592682,
      "recall": 0.9470404984423676,
      "f1-score": 0.9474421203683032,
      "support": 642
    }
  }
}