{
  "train_loss": [
    0.9251890167640378,
    0.0940232719425286,
    0.022659107433440528,
    0.02231489920356192,
    0.0043128814295839485,
    0.03313454210967104,
    0.02460590531509892,
    0.00652674118287548,
    0.004241679801614346,
    0.0011145116433478033,
    0.0007175574457415052,
    0.005807866583900334,
    0.0011993796911708592,
    0.0009387155871104298,
    0.00037047236251522937,
    0.00039638645105235094,
    0.00012115138466651276,
    0.00033323978628953076,
    0.0001239429547243267,
    0.0005648944242128441,
    0.0239361279366271,
    0.022395446519381905,
    0.023661501049949,
    0.008701928902121486,
    0.02769657903324778,
    0.00813782385280617,
    0.0010462817930902218,
    0.0036859601671514436,
    0.030844136564832796,
    0.01832247126667624
  ],
  "val_loss": [
    0.4232304820390505,
    0.23392272106954984,
    0.4115095797496793,
    0.29596079626364336,
    0.23246166829855364,
    0.18758804812980961,
    0.21793158612332983,
    0.12317755583070242,
    0.10266758450466525,
    0.09439210544958293,
    0.08120685199571546,
    0.10393267357069129,
    0.12527724731759954,
    0.17596210058882972,
    0.13821821627308647,
    0.13566787787524526,
    0.1290543463278411,
    0.15209778449048414,
    0.1259555468840577,
    0.15443035749561876,
    0.33593328514542015,
    0.2920400334574352,
    0.28251428135946666,
    0.11223748325385846,
    0.14844468524650528,
    0.1529243947298707,
    0.10556393658705679,
    0.15341552847952292,
    0.13162330989479276,
    0.18252164287916225
  ],
  "train_acc": [
    0.6771806853582555,
    0.9727414330218068,
    0.993380062305296,
    0.9949376947040498,
    0.9992211838006231,
    0.9902647975077882,
    0.9929906542056075,
    0.9984423676012462,
    0.9984423676012462,
    1.0,
    1.0,
    0.9984423676012462,
    1.0,
    1.0,
    1.0,
    1.0,
    1.0,
    1.0,
    1.0,
    1.0,
    0.9941588785046729,
    0.992601246105919,
    0.9929906542056075,
    0.9972741433021807,
    0.9922118380062306,
    0.9976635514018691,
    1.0,
    0.9988317757009346,
    0.991822429906542,
    0.9941588785046729
  ],
  "val_acc": [
    0.8473520249221184,
    0.9096573208722741,
    0.8785046728971962,
    0.9003115264797508,
    0.9283489096573209,
    0.9252336448598131,
    0.9236760124610592,
    0.956386292834891,
    0.9672897196261683,
    0.9626168224299065,
    0.9672897196261683,
    0.9735202492211839,
    0.9672897196261683,
    0.9532710280373832,
    0.9470404984423676,
    0.9548286604361371,
    0.9532710280373832,
    0.9610591900311527,
    0.9626168224299065,
    0.9641744548286605,
    0.9236760124610592,
    0.9252336448598131,
    0.9361370716510904,
    0.9641744548286605,
    0.9439252336448598,
    0.9517133956386293,
    0.9719626168224299,
    0.9672897196261683,
    0.9657320872274143,
    0.9470404984423676
  ]
}