{
  "0": {
    "precision": 0.6238805970149254,
    "recall": 0.59375,
    "f1-score": 0.6084425036390102,
    "support": 352.0
  },
  "1": {
    "precision": 0.6843267108167771,
    "recall": 0.7110091743119266,
    "f1-score": 0.6974128233970753,
    "support": 436.0
  },
  "accuracy": 0.6586294416243654,
  "macro avg": {
    "precision": 0.6541036539158512,
    "recall": 0.6523795871559632,
    "f1-score": 0.6529276635180428,
    "support": 788.0
  },
  "weighted avg": {
    "precision": 0.6573254010981834,
    "recall": 0.6586294416243654,
    "f1-score": 0.6576697363985488,
    "support": 788.0
  }
}