{
  "0": {
    "precision": 0.7916666666666666,
    "recall": 0.59375,
    "f1-score": 0.6785714285714286,
    "support": 32.0
  },
  "1": {
    "precision": 0.9375,
    "recall": 0.9375,
    "f1-score": 0.9375,
    "support": 32.0
  },
  "2": {
    "precision": 1.0,
    "recall": 0.90625,
    "f1-score": 0.9508196721311475,
    "support": 32.0
  },
  "3": {
    "precision": 0.7837837837837838,
    "recall": 0.90625,
    "f1-score": 0.8405797101449275,
    "support": 32.0
  },
  "4": {
    "precision": 1.0,
    "recall": 0.96875,
    "f1-score": 0.9841269841269841,
    "support": 32.0
  },
  "5": {
    "precision": 0.9642857142857143,
    "recall": 0.84375,
    "f1-score": 0.9,
    "support": 32.0
  },
  "6": {
    "precision": 0.6956521739130435,
    "recall": 1.0,
    "f1-score": 0.8205128205128205,
    "support": 32.0
  },
  "7": {
    "precision": 1.0,
    "recall": 1.0,
    "f1-score": 1.0,
    "support": 32.0
  },
  "8": {
    "precision": 1.0,
    "recall": 1.0,
    "f1-score": 1.0,
    "support": 32.0
  },
  "9": {
    "precision": 0.8695652173913043,
    "recall": 0.625,
    "f1-score": 0.7272727272727273,
    "support": 32.0
  },
  "10": {
    "precision": 1.0,
    "recall": 0.84375,
    "f1-score": 0.9152542372881356,
    "support": 32.0
  },
  "11": {
    "precision": 0.64,
    "recall": 1.0,
    "f1-score": 0.7804878048780488,
    "support": 32.0
  },
  "12": {
    "precision": 0.8205128205128205,
    "recall": 1.0,
    "f1-score": 0.9014084507042254,
    "support": 32.0
  },
  "13": {
    "precision": 1.0,
    "recall": 0.84375,
    "f1-score": 0.9152542372881356,
    "support": 32.0
  },
  "14": {
    "precision": 0.6857142857142857,
    "recall": 0.75,
    "f1-score": 0.7164179104477612,
    "support": 32.0
  },
  "15": {
    "precision": 0.875,
    "recall": 0.875,
    "f1-score": 0.875,
    "support": 32.0
  },
  "16": {
    "precision": 1.0,
    "recall": 0.96875,
    "f1-score": 0.9841269841269841,
    "support": 32.0
  },
  "17": {
    "precision": 0.8648648648648649,
    "recall": 1.0,
    "f1-score": 0.927536231884058,
    "support": 32.0
  },
  "18": {
    "precision": 0.9411764705882353,
    "recall": 1.0,
    "f1-score": 0.9696969696969697,
    "support": 32.0
  },
  "19": {
    "precision": 0.9166666666666666,
    "recall": 0.6875,
    "f1-score": 0.7857142857142857,
    "support": 32.0
  },
  "20": {
    "precision": 0.8888888888888888,
    "recall": 1.0,
    "f1-score": 0.9411764705882353,
    "support": 32.0
  },
  "21": {
    "precision": 0.92,
    "recall": 0.71875,
    "f1-score": 0.8070175438596491,
    "support": 32.0
  },
  "22": {
    "precision": 0.7948717948717948,
    "recall": 0.96875,
    "f1-score": 0.8732394366197183,
    "support": 32.0
  },
  "23": {
    "precision": 1.0,
    "recall": 0.875,
    "f1-score": 0.9333333333333333,
    "support": 32.0
  },
  "24": {
    "precision": 0.9354838709677419,
    "recall": 0.90625,
    "f1-score": 0.9206349206349206,
    "support": 32.0
  },
  "25": {
    "precision": 1.0,
    "recall": 0.96875,
    "f1-score": 0.9841269841269841,
    "support": 32.0
  },
  "26": {
    "precision": 0.8857142857142857,
    "recall": 0.96875,
    "f1-score": 0.9253731343283582,
    "support": 32.0
  },
  "27": {
    "precision": 0.9032258064516129,
    "recall": 0.875,
    "f1-score": 0.8888888888888888,
    "support": 32.0
  },
  "28": {
    "precision": 0.7666666666666667,
    "recall": 0.71875,
    "f1-score": 0.7419354838709677,
    "support": 32.0
  },
  "29": {
    "precision": 0.7647058823529411,
    "recall": 0.8125,
    "f1-score": 0.7878787878787878,
    "support": 32.0
  },
  "30": {
    "precision": 1.0,
    "recall": 0.8125,
    "f1-score": 0.896551724137931,
    "support": 32.0
  },
  "31": {
    "precision": 1.0,
    "recall": 0.78125,
    "f1-score": 0.8771929824561403,
    "support": 32.0
  },
  "32": {
    "precision": 0.8709677419354839,
    "recall": 0.84375,
    "f1-score": 0.8571428571428571,
    "support": 32.0
  },
  "33": {
    "precision": 0.7575757575757576,
    "recall": 0.78125,
    "f1-score": 0.7692307692307693,
    "support": 32.0
  },
  "34": {
    "precision": 1.0,
    "recall": 0.84375,
    "f1-score": 0.9152542372881356,
    "support": 32.0
  },
  "35": {
    "precision": 0.8888888888888888,
    "recall": 1.0,
    "f1-score": 0.9411764705882353,
    "support": 32.0
  },
  "36": {
    "precision": 0.6216216216216216,
    "recall": 0.71875,
    "f1-score": 0.6666666666666666,
    "support": 32.0
  },
  "37": {
    "precision": 0.9411764705882353,
    "recall": 1.0,
    "f1-score": 0.9696969696969697,
    "support": 32.0
  },
  "38": {
    "precision": 1.0,
    "recall": 0.75,
    "f1-score": 0.8571428571428571,
    "support": 32.0
  },
  "39": {
    "precision": 0.8888888888888888,
    "recall": 1.0,
    "f1-score": 0.9411764705882353,
    "support": 32.0
  },
  "40": {
    "precision": 1.0,
    "recall": 0.9375,
    "f1-score": 0.967741935483871,
    "support": 32.0
  },
  "41": {
    "precision": 0.96875,
    "recall": 0.96875,
    "f1-score": 0.96875,
    "support": 32.0
  },
  "42": {
    "precision": 0.8888888888888888,
    "recall": 1.0,
    "f1-score": 0.9411764705882353,
    "support": 32.0
  },
  "43": {
    "precision": 1.0,
    "recall": 1.0,
    "f1-score": 1.0,
    "support": 32.0
  },
  "44": {
    "precision": 0.8888888888888888,
    "recall": 1.0,
    "f1-score": 0.9411764705882353,
    "support": 32.0
  },
  "45": {
    "precision": 0.8387096774193549,
    "recall": 0.8125,
    "f1-score": 0.8253968253968254,
    "support": 32.0
  },
  "46": {
    "precision": 0.875,
    "recall": 0.875,
    "f1-score": 0.875,
    "support": 32.0
  },
  "47": {
    "precision": 0.7714285714285715,
    "recall": 0.84375,
    "f1-score": 0.8059701492537313,
    "support": 32.0
  },
  "48": {
    "precision": 0.9545454545454546,
    "recall": 0.65625,
    "f1-score": 0.7777777777777778,
    "support": 32.0
  },
  "49": {
    "precision": 0.8285714285714286,
    "recall": 0.90625,
    "f1-score": 0.8656716417910447,
    "support": 32.0
  },
  "accuracy": 0.881875,
  "macro avg": {
    "precision": 0.8925969627908557,
    "recall": 0.881875,
    "f1-score": 0.8814755742947401,
    "support": 1600.0
  },
  "weighted avg": {
    "precision": 0.8925969627908557,
    "recall": 0.881875,
    "f1-score": 0.8814755742947401,
    "support": 1600.0
  }
}