{
  "0": {
    "precision": 0.9536290322580645,
    "recall": 0.9517102615694165,
    "f1-score": 0.9526686807653575,
    "support": 497.0
  },
  "1": {
    "precision": 0.8222222222222222,
    "recall": 0.8283582089552238,
    "f1-score": 0.8252788104089219,
    "support": 134.0
  },
  "accuracy": 0.9255150554675119,
  "macro avg": {
    "precision": 0.8879256272401433,
    "recall": 0.8900342352623202,
    "f1-score": 0.8889737455871397,
    "support": 631.0
  },
  "weighted avg": {
    "precision": 0.9257233071474419,
    "recall": 0.9255150554675119,
    "f1-score": 0.9256159983124853,
    "support": 631.0
  }
}