{
  "0": {
    "precision": 1.0,
    "recall": 0.7325581395348837,
    "f1-score": 0.8456375838926175,
    "support": 86.0
  },
  "1": {
    "precision": 0.7294117647058823,
    "recall": 1.0,
    "f1-score": 0.8435374149659864,
    "support": 62.0
  },
  "accuracy": 0.8445945945945946,
  "macro avg": {
    "precision": 0.8647058823529412,
    "recall": 0.8662790697674418,
    "f1-score": 0.8445874994293019,
    "support": 148.0
  },
  "weighted avg": {
    "precision": 0.8866454689984101,
    "recall": 0.8445945945945946,
    "f1-score": 0.8447577833963261,
    "support": 148.0
  }
}