{
  "0": {
    "precision": 0.7755102040816326,
    "recall": 0.6333333333333333,
    "f1-score": 0.6972477064220184,
    "support": 60.0
  },
  "1": {
    "precision": 0.6901408450704225,
    "recall": 0.8166666666666667,
    "f1-score": 0.7480916030534351,
    "support": 60.0
  },
  "accuracy": 0.725,
  "macro avg": {
    "precision": 0.7328255245760276,
    "recall": 0.725,
    "f1-score": 0.7226696547377267,
    "support": 120.0
  },
  "weighted avg": {
    "precision": 0.7328255245760276,
    "recall": 0.725,
    "f1-score": 0.7226696547377268,
    "support": 120.0
  }
}