{
  "train_loss": [
    3.3773028412902195,
    2.5770828246772335,
    2.133091211803182,
    1.796255711223386,
    1.5650964493193564,
    1.4381637778846086,
    1.2689455277732415,
    1.0882401390013108,
    1.0160151547779237,
    0.89812447223565
  ],
  "val_loss": [
    2.839161682128906,
    2.6230353784561156,
    2.2910983180999756,
    2.141645460128784,
    2.035177240371704,
    1.8866123247146607,
    1.5653602981567383,
    1.711398024559021,
    1.509949882030487,
    1.9651777458190918
  ],
  "train_acc": [
    0.11670051554444617,
    0.2649586002187158,
    0.3691610685830339,
    0.4586783315107015,
    0.5224183721293548,
    0.5596000624902359,
    0.6081862209029839,
    0.670832682393376,
    0.685361662240275,
    0.717856584908608
  ],
  "val_acc": [
    0.193125,
    0.205625,
    0.3125,
    0.35875,
    0.415,
    0.454375,
    0.5275,
    0.48875,
    0.554375,
    0.444375
  ]
}