{
  "final_val_acc": 0.444375,
  "macro_f1": 0.42403865857527356,
  "weighted_f1": 0.42403865857527356,
  "per_class_recall": {
    "0": 0.84375,
    "1": 0.0,
    "2": 0.1875,
    "3": 0.25,
    "4": 0.84375,
    "5": 0.28125,
    "6": 0.1875,
    "7": 0.1875,
    "8": 0.65625,
    "9": 0.40625,
    "10": 0.59375,
    "11": 0.90625,
    "12": 0.59375,
    "13": 0.65625,
    "14": 0.5,
    "15": 0.6875,
    "16": 0.1875,
    "17": 0.1875,
    "18": 0.59375,
    "19": 0.34375,
    "20": 1.0,
    "21": 0.03125,
    "22": 0.53125,
    "23": 0.34375,
    "24": 0.625,
    "25": 0.21875,
    "26": 0.71875,
    "27": 0.84375,
    "28": 0.28125,
    "29": 0.34375,
    "30": 0.0625,
    "31": 0.40625,
    "32": 0.40625,
    "33": 0.3125,
    "34": 0.5,
    "35": 0.15625,
    "36": 0.375,
    "37": 0.9375,
    "38": 0.5,
    "39": 0.0,
    "40": 0.8125,
    "41": 0.5,
    "42": 0.5,
    "43": 0.15625,
    "44": 0.0,
    "45": 0.28125,
    "46": 0.875,
    "47": 0.84375,
    "48": 0.1875,
    "49": 0.375,
    "macro avg": 0.444375,
    "weighted avg": 0.444375
  }
}