{
  "0": {
    "precision": 0.9393939393939394,
    "recall": 0.96875,
    "f1-score": 0.9538461538461539,
    "support": 32.0
  },
  "1": {
    "precision": 0.9,
    "recall": 0.84375,
    "f1-score": 0.8709677419354839,
    "support": 32.0
  },
  "2": {
    "precision": 1.0,
    "recall": 0.875,
    "f1-score": 0.9333333333333333,
    "support": 32.0
  },
  "3": {
    "precision": 0.8108108108108109,
    "recall": 0.9375,
    "f1-score": 0.8695652173913043,
    "support": 32.0
  },
  "4": {
    "precision": 0.9696969696969697,
    "recall": 1.0,
    "f1-score": 0.9846153846153847,
    "support": 32.0
  },
  "5": {
    "precision": 0.7941176470588235,
    "recall": 0.84375,
    "f1-score": 0.8181818181818182,
    "support": 32.0
  },
  "6": {
    "precision": 0.9655172413793104,
    "recall": 0.875,
    "f1-score": 0.9180327868852459,
    "support": 32.0
  },
  "7": {
    "precision": 0.9411764705882353,
    "recall": 1.0,
    "f1-score": 0.9696969696969697,
    "support": 32.0
  },
  "8": {
    "precision": 0.96875,
    "recall": 0.96875,
    "f1-score": 0.96875,
    "support": 32.0
  },
  "9": {
    "precision": 0.8787878787878788,
    "recall": 0.90625,
    "f1-score": 0.8923076923076924,
    "support": 32.0
  },
  "10": {
    "precision": 0.9393939393939394,
    "recall": 0.96875,
    "f1-score": 0.9538461538461539,
    "support": 32.0
  },
  "11": {
    "precision": 0.9117647058823529,
    "recall": 0.96875,
    "f1-score": 0.9393939393939394,
    "support": 32.0
  },
  "12": {
    "precision": 0.8846153846153846,
    "recall": 0.71875,
    "f1-score": 0.7931034482758621,
    "support": 32.0
  },
  "13": {
    "precision": 0.8857142857142857,
    "recall": 0.96875,
    "f1-score": 0.9253731343283582,
    "support": 32.0
  },
  "14": {
    "precision": 0.8888888888888888,
    "recall": 1.0,
    "f1-score": 0.9411764705882353,
    "support": 32.0
  },
  "15": {
    "precision": 0.9375,
    "recall": 0.9375,
    "f1-score": 0.9375,
    "support": 32.0
  },
  "16": {
    "precision": 0.967741935483871,
    "recall": 0.9375,
    "f1-score": 0.9523809523809523,
    "support": 32.0
  },
  "17": {
    "precision": 0.8484848484848485,
    "recall": 0.875,
    "f1-score": 0.8615384615384616,
    "support": 32.0
  },
  "18": {
    "precision": 0.84375,
    "recall": 0.84375,
    "f1-score": 0.84375,
    "support": 32.0
  },
  "19": {
    "precision": 1.0,
    "recall": 0.90625,
    "f1-score": 0.9508196721311475,
    "support": 32.0
  },
  "20": {
    "precision": 1.0,
    "recall": 0.96875,
    "f1-score": 0.9841269841269841,
    "support": 32.0
  },
  "21": {
    "precision": 0.9642857142857143,
    "recall": 0.84375,
    "f1-score": 0.9,
    "support": 32.0
  },
  "22": {
    "precision": 0.8857142857142857,
    "recall": 0.96875,
    "f1-score": 0.9253731343283582,
    "support": 32.0
  },
  "23": {
    "precision": 0.96875,
    "recall": 0.96875,
    "f1-score": 0.96875,
    "support": 32.0
  },
  "24": {
    "precision": 0.8648648648648649,
    "recall": 1.0,
    "f1-score": 0.927536231884058,
    "support": 32.0
  },
  "25": {
    "precision": 1.0,
    "recall": 0.96875,
    "f1-score": 0.9841269841269841,
    "support": 32.0
  },
  "26": {
    "precision": 0.9032258064516129,
    "recall": 0.875,
    "f1-score": 0.8888888888888888,
    "support": 32.0
  },
  "27": {
    "precision": 0.90625,
    "recall": 0.90625,
    "f1-score": 0.90625,
    "support": 32.0
  },
  "28": {
    "precision": 0.875,
    "recall": 0.875,
    "f1-score": 0.875,
    "support": 32.0
  },
  "29": {
    "precision": 1.0,
    "recall": 0.78125,
    "f1-score": 0.8771929824561403,
    "support": 32.0
  },
  "30": {
    "precision": 0.96875,
    "recall": 0.96875,
    "f1-score": 0.96875,
    "support": 32.0
  },
  "31": {
    "precision": 0.8,
    "recall": 0.875,
    "f1-score": 0.835820895522388,
    "support": 32.0
  },
  "32": {
    "precision": 0.8,
    "recall": 0.875,
    "f1-score": 0.835820895522388,
    "support": 32.0
  },
  "33": {
    "precision": 0.9642857142857143,
    "recall": 0.84375,
    "f1-score": 0.9,
    "support": 32.0
  },
  "34": {
    "precision": 0.8333333333333334,
    "recall": 0.9375,
    "f1-score": 0.8823529411764706,
    "support": 32.0
  },
  "35": {
    "precision": 0.9411764705882353,
    "recall": 1.0,
    "f1-score": 0.9696969696969697,
    "support": 32.0
  },
  "36": {
    "precision": 1.0,
    "recall": 0.9375,
    "f1-score": 0.967741935483871,
    "support": 32.0
  },
  "37": {
    "precision": 0.9411764705882353,
    "recall": 1.0,
    "f1-score": 0.9696969696969697,
    "support": 32.0
  },
  "38": {
    "precision": 0.9696969696969697,
    "recall": 1.0,
    "f1-score": 0.9846153846153847,
    "support": 32.0
  },
  "39": {
    "precision": 1.0,
    "recall": 0.875,
    "f1-score": 0.9333333333333333,
    "support": 32.0
  },
  "40": {
    "precision": 0.9583333333333334,
    "recall": 0.71875,
    "f1-score": 0.8214285714285714,
    "support": 32.0
  },
  "41": {
    "precision": 0.9032258064516129,
    "recall": 0.875,
    "f1-score": 0.8888888888888888,
    "support": 32.0
  },
  "42": {
    "precision": 0.9117647058823529,
    "recall": 0.96875,
    "f1-score": 0.9393939393939394,
    "support": 32.0
  },
  "43": {
    "precision": 1.0,
    "recall": 1.0,
    "f1-score": 1.0,
    "support": 32.0
  },
  "44": {
    "precision": 0.9142857142857143,
    "recall": 1.0,
    "f1-score": 0.9552238805970149,
    "support": 32.0
  },
  "45": {
    "precision": 0.8611111111111112,
    "recall": 0.96875,
    "f1-score": 0.9117647058823529,
    "support": 32.0
  },
  "46": {
    "precision": 0.8333333333333334,
    "recall": 0.9375,
    "f1-score": 0.8823529411764706,
    "support": 32.0
  },
  "47": {
    "precision": 0.88,
    "recall": 0.6875,
    "f1-score": 0.7719298245614035,
    "support": 32.0
  },
  "48": {
    "precision": 0.8823529411764706,
    "recall": 0.9375,
    "f1-score": 0.9090909090909091,
    "support": 32.0
  },
  "49": {
    "precision": 1.0,
    "recall": 0.9375,
    "f1-score": 0.967741935483871,
    "support": 32.0
  },
  "accuracy": 0.916875,
  "macro avg": {
    "precision": 0.9201404304312486,
    "recall": 0.916875,
    "f1-score": 0.916221389160782,
    "support": 1600.0
  },
  "weighted avg": {
    "precision": 0.9201404304312486,
    "recall": 0.916875,
    "f1-score": 0.916221389160782,
    "support": 1600.0
  }
}