{
  "train_loss": [
    3.1576805830001833,
    2.3748398303985594,
    1.9746295261383056
  ],
  "train_acc": [
    0.1415625,
    0.28828125,
    0.39375
  ],
  "val_loss": [
    2.581452507737426,
    2.2930843453344742,
    2.141273508661617
  ],
  "val_acc": [
    0.2485946283572767,
    0.30918176139912557,
    0.3466583385384135
  ]
}