{
  "train_loss": [
    3.2888995945453643
  ],
  "train_acc": [
    0.11078125
  ],
  "val_loss": [
    2.992841175539206
  ],
  "val_acc": [
    0.14553404122423486
  ]
}