{
  "train_loss": [
    3.3219658279418947,
    2.658374626636505,
    2.181791309118271,
    1.8658891212940216,
    1.6143595004081726,
    1.4208325111865998,
    1.2484142756462098,
    1.1021242922544479,
    0.9790789490938187,
    0.8625953543186188
  ],
  "train_acc": [
    0.10203125,
    0.233125,
    0.3440625,
    0.42015625,
    0.49828125,
    0.555,
    0.60375,
    0.65578125,
    0.68640625,
    0.72625
  ],
  "val_loss": [
    2.9124048344423294,
    2.667880506235536,
    1.9620540964089654,
    2.0539797373967645,
    2.7551011561156065,
    2.0309083481120886,
    1.541523175415287,
    1.8677055861505398,
    1.1060524184878062,
    1.300951435799006
  ],
  "val_acc": [
    0.1755153029356652,
    0.231105559025609,
    0.40724547158026236,
    0.3791380387257964,
    0.2723297938788257,
    0.39787632729544037,
    0.5090568394753279,
    0.46908182386008745,
    0.6552154903185509,
    0.5933791380387258
  ]
}