{
  "0": {
    "precision": 0.544,
    "recall": 0.4563758389261745,
    "f1-score": 0.49635036496350365,
    "support": 149.0
  },
  "1": {
    "precision": 0.7235494880546075,
    "recall": 0.7881040892193308,
    "f1-score": 0.7544483985765125,
    "support": 269.0
  },
  "accuracy": 0.6698564593301436,
  "macro avg": {
    "precision": 0.6337747440273038,
    "recall": 0.6222399640727527,
    "f1-score": 0.6253993817700081,
    "support": 418.0
  },
  "weighted avg": {
    "precision": 0.6595473978150465,
    "recall": 0.6698564593301436,
    "f1-score": 0.6624469464034543,
    "support": 418.0
  }
}