{
  "0": {
    "precision": 0.7777777777777778,
    "recall": 0.875,
    "f1-score": 0.8235294117647058,
    "support": 32.0
  },
  "1": {
    "precision": 0.9629629629629629,
    "recall": 0.8125,
    "f1-score": 0.8813559322033898,
    "support": 32.0
  },
  "2": {
    "precision": 1.0,
    "recall": 0.78125,
    "f1-score": 0.8771929824561403,
    "support": 32.0
  },
  "3": {
    "precision": 0.7948717948717948,
    "recall": 0.96875,
    "f1-score": 0.8732394366197183,
    "support": 32.0
  },
  "4": {
    "precision": 0.9655172413793104,
    "recall": 0.875,
    "f1-score": 0.9180327868852459,
    "support": 32.0
  },
  "5": {
    "precision": 1.0,
    "recall": 0.65625,
    "f1-score": 0.7924528301886793,
    "support": 32.0
  },
  "6": {
    "precision": 0.8484848484848485,
    "recall": 0.875,
    "f1-score": 0.8615384615384616,
    "support": 32.0
  },
  "7": {
    "precision": 0.9642857142857143,
    "recall": 0.84375,
    "f1-score": 0.9,
    "support": 32.0
  },
  "8": {
    "precision": 0.9142857142857143,
    "recall": 1.0,
    "f1-score": 0.9552238805970149,
    "support": 32.0
  },
  "9": {
    "precision": 0.8787878787878788,
    "recall": 0.90625,
    "f1-score": 0.8923076923076924,
    "support": 32.0
  },
  "10": {
    "precision": 1.0,
    "recall": 0.96875,
    "f1-score": 0.9841269841269841,
    "support": 32.0
  },
  "11": {
    "precision": 0.9411764705882353,
    "recall": 1.0,
    "f1-score": 0.9696969696969697,
    "support": 32.0
  },
  "12": {
    "precision": 0.7666666666666667,
    "recall": 0.71875,
    "f1-score": 0.7419354838709677,
    "support": 32.0
  },
  "13": {
    "precision": 1.0,
    "recall": 0.90625,
    "f1-score": 0.9508196721311475,
    "support": 32.0
  },
  "14": {
    "precision": 0.9655172413793104,
    "recall": 0.875,
    "f1-score": 0.9180327868852459,
    "support": 32.0
  },
  "15": {
    "precision": 0.8529411764705882,
    "recall": 0.90625,
    "f1-score": 0.8787878787878788,
    "support": 32.0
  },
  "16": {
    "precision": 1.0,
    "recall": 0.90625,
    "f1-score": 0.9508196721311475,
    "support": 32.0
  },
  "17": {
    "precision": 0.7272727272727273,
    "recall": 0.75,
    "f1-score": 0.7384615384615385,
    "support": 32.0
  },
  "18": {
    "precision": 0.8108108108108109,
    "recall": 0.9375,
    "f1-score": 0.8695652173913043,
    "support": 32.0
  },
  "19": {
    "precision": 0.9393939393939394,
    "recall": 0.96875,
    "f1-score": 0.9538461538461539,
    "support": 32.0
  },
  "20": {
    "precision": 1.0,
    "recall": 0.9375,
    "f1-score": 0.967741935483871,
    "support": 32.0
  },
  "21": {
    "precision": 0.8888888888888888,
    "recall": 0.75,
    "f1-score": 0.8135593220338984,
    "support": 32.0
  },
  "22": {
    "precision": 0.8333333333333334,
    "recall": 0.78125,
    "f1-score": 0.8064516129032258,
    "support": 32.0
  },
  "23": {
    "precision": 0.9285714285714286,
    "recall": 0.8125,
    "f1-score": 0.8666666666666667,
    "support": 32.0
  },
  "24": {
    "precision": 0.7441860465116279,
    "recall": 1.0,
    "f1-score": 0.8533333333333334,
    "support": 32.0
  },
  "25": {
    "precision": 0.8611111111111112,
    "recall": 0.96875,
    "f1-score": 0.9117647058823529,
    "support": 32.0
  },
  "26": {
    "precision": 1.0,
    "recall": 0.75,
    "f1-score": 0.8571428571428571,
    "support": 32.0
  },
  "27": {
    "precision": 0.967741935483871,
    "recall": 0.9375,
    "f1-score": 0.9523809523809523,
    "support": 32.0
  },
  "28": {
    "precision": 0.6666666666666666,
    "recall": 0.6875,
    "f1-score": 0.676923076923077,
    "support": 32.0
  },
  "29": {
    "precision": 0.7567567567567568,
    "recall": 0.875,
    "f1-score": 0.8115942028985508,
    "support": 32.0
  },
  "30": {
    "precision": 0.9696969696969697,
    "recall": 1.0,
    "f1-score": 0.9846153846153847,
    "support": 32.0
  },
  "31": {
    "precision": 0.8,
    "recall": 0.75,
    "f1-score": 0.7741935483870968,
    "support": 32.0
  },
  "32": {
    "precision": 0.75,
    "recall": 0.65625,
    "f1-score": 0.7,
    "support": 32.0
  },
  "33": {
    "precision": 0.7222222222222222,
    "recall": 0.8125,
    "f1-score": 0.7647058823529411,
    "support": 32.0
  },
  "34": {
    "precision": 0.7,
    "recall": 0.875,
    "f1-score": 0.7777777777777778,
    "support": 32.0
  },
  "35": {
    "precision": 0.9411764705882353,
    "recall": 1.0,
    "f1-score": 0.9696969696969697,
    "support": 32.0
  },
  "36": {
    "precision": 0.8333333333333334,
    "recall": 0.9375,
    "f1-score": 0.8823529411764706,
    "support": 32.0
  },
  "37": {
    "precision": 0.8888888888888888,
    "recall": 1.0,
    "f1-score": 0.9411764705882353,
    "support": 32.0
  },
  "38": {
    "precision": 1.0,
    "recall": 0.90625,
    "f1-score": 0.9508196721311475,
    "support": 32.0
  },
  "39": {
    "precision": 0.9655172413793104,
    "recall": 0.875,
    "f1-score": 0.9180327868852459,
    "support": 32.0
  },
  "40": {
    "precision": 0.9333333333333333,
    "recall": 0.875,
    "f1-score": 0.9032258064516129,
    "support": 32.0
  },
  "41": {
    "precision": 0.8235294117647058,
    "recall": 0.875,
    "f1-score": 0.8484848484848485,
    "support": 32.0
  },
  "42": {
    "precision": 0.8857142857142857,
    "recall": 0.96875,
    "f1-score": 0.9253731343283582,
    "support": 32.0
  },
  "43": {
    "precision": 0.9411764705882353,
    "recall": 1.0,
    "f1-score": 0.9696969696969697,
    "support": 32.0
  },
  "44": {
    "precision": 1.0,
    "recall": 1.0,
    "f1-score": 1.0,
    "support": 32.0
  },
  "45": {
    "precision": 0.896551724137931,
    "recall": 0.8125,
    "f1-score": 0.8524590163934426,
    "support": 32.0
  },
  "46": {
    "precision": 0.725,
    "recall": 0.90625,
    "f1-score": 0.8055555555555556,
    "support": 32.0
  },
  "47": {
    "precision": 0.76,
    "recall": 0.59375,
    "f1-score": 0.6666666666666666,
    "support": 32.0
  },
  "48": {
    "precision": 0.8235294117647058,
    "recall": 0.875,
    "f1-score": 0.8484848484848485,
    "support": 32.0
  },
  "49": {
    "precision": 0.84375,
    "recall": 0.84375,
    "f1-score": 0.84375,
    "support": 32.0
  },
  "accuracy": 0.871875,
  "macro avg": {
    "precision": 0.8792285779230824,
    "recall": 0.871875,
    "f1-score": 0.871511854344255,
    "support": 1600.0
  },
  "weighted avg": {
    "precision": 0.8792285779230824,
    "recall": 0.871875,
    "f1-score": 0.871511854344255,
    "support": 1600.0
  }
}