{
  "0": {
    "precision": 0.8260869565217391,
    "recall": 0.9743589743589743,
    "f1-score": 0.8941176470588236,
    "support": 156.0
  },
  "1": {
    "precision": 0.9565217391304348,
    "recall": 0.9166666666666666,
    "f1-score": 0.9361702127659575,
    "support": 96.0
  },
  "2": {
    "precision": 0.9024390243902439,
    "recall": 0.6851851851851852,
    "f1-score": 0.7789473684210526,
    "support": 54.0
  },
  "3": {
    "precision": 0.9696969696969697,
    "recall": 0.7619047619047619,
    "f1-score": 0.8533333333333334,
    "support": 84.0
  },
  "4": {
    "precision": 0.8904109589041096,
    "recall": 0.7738095238095238,
    "f1-score": 0.8280254777070064,
    "support": 84.0
  },
  "5": {
    "precision": 0.8545454545454545,
    "recall": 0.9791666666666666,
    "f1-score": 0.912621359223301,
    "support": 96.0
  },
  "6": {
    "precision": 0.9473684210526315,
    "recall": 1.0,
    "f1-score": 0.972972972972973,
    "support": 72.0
  },
  "accuracy": 0.8909657320872274,
  "macro avg": {
    "precision": 0.9067242177487976,
    "recall": 0.8701559683702541,
    "f1-score": 0.8823126244974925,
    "support": 642.0
  },
  "weighted avg": {
    "precision": 0.8970768153358722,
    "recall": 0.8909657320872274,
    "f1-score": 0.8883453207606306,
    "support": 642.0
  }
}