{
  "0": {
    "precision": 0.5521978021978022,
    "recall": 0.6017964071856288,
    "f1-score": 0.5759312320916905,
    "support": 334.0
  },
  "1": {
    "precision": 0.6942528735632184,
    "recall": 0.6494623655913978,
    "f1-score": 0.6711111111111111,
    "support": 465.0
  },
  "accuracy": 0.6295369211514393,
  "macro avg": {
    "precision": 0.6232253378805104,
    "recall": 0.6256293863885133,
    "f1-score": 0.6235211716014009,
    "support": 799.0
  },
  "weighted avg": {
    "precision": 0.6348706534930695,
    "recall": 0.6295369211514393,
    "f1-score": 0.6313237774534309,
    "support": 799.0
  }
}