{
  "train_loss": [
    1.5839034223556518,
    0.23260854057967661,
    0.07276415508240461,
    0.03901139448396861,
    0.036296008015051485,
    0.025640693334862588,
    0.024859442221932114,
    0.02529672437463887,
    0.017573984148912133,
    0.011146743698627688,
    0.02146558721316978,
    0.022825850336812437,
    0.015319204773986713,
    0.020108593420591205,
    0.009752598641207443,
    0.011561573066283018,
    0.009633036684826948,
    0.016642694168549497,
    0.023240671021630986,
    0.042038064727094024,
    0.0334105048654601,
    0.014439722162205727,
    0.00872062539216131,
    0.01691191214660648,
    0.01590809212822933,
    0.0026272808494832134,
    0.002739758762763813,
    0.006511268009417108,
    0.004900885172974085,
    0.007297273651420255
  ],
  "val_loss": [
    0.8967276048660279,
    0.7319797331094742,
    0.651744635105133,
    0.5945833557844162,
    0.5805806669592858,
    0.6615805530548096,
    0.6397271943092346,
    0.5694122767448425,
    0.5145885241031647,
    0.5836830851435661,
    0.5269094270467758,
    0.5493335789442062,
    0.5351203739643097,
    0.5188157023489475,
    0.5812206865102053,
    0.520239095389843,
    0.5502201640605926,
    0.608044747710228,
    0.549526529610157,
    0.5819070088863373,
    0.48806189447641374,
    0.4445900726318359,
    0.43073335617780684,
    0.5176882746815682,
    0.43108478490263225,
    0.37821695521473886,
    0.3789473581314087,
    0.45177922427654266,
    0.4095049747824669,
    0.41374249547719955
  ],
  "train_acc": [
    0.5965625,
    0.93421875,
    0.98125,
    0.9909375,
    0.990625,
    0.99375,
    0.9934375,
    0.99328125,
    0.995625,
    0.99703125,
    0.995,
    0.995,
    0.9959375,
    0.9953125,
    0.99765625,
    0.99796875,
    0.99671875,
    0.99515625,
    0.99359375,
    0.9878125,
    0.9909375,
    0.99703125,
    0.99796875,
    0.99609375,
    0.99578125,
    0.9996875,
    0.999375,
    0.99875,
    0.99890625,
    0.99765625
  ],
  "val_acc": [
    0.734375,
    0.784375,
    0.829375,
    0.83625,
    0.8375,
    0.8175,
    0.8375,
    0.843125,
    0.859375,
    0.851875,
    0.853125,
    0.853125,
    0.86,
    0.86,
    0.86625,
    0.86875,
    0.854375,
    0.84875,
    0.854375,
    0.844375,
    0.865,
    0.883125,
    0.88625,
    0.865,
    0.88375,
    0.9025,
    0.905,
    0.88625,
    0.8875,
    0.894375
  ]
}