{
  "0": {
    "precision": 0.7446808510638298,
    "recall": 0.5833333333333334,
    "f1-score": 0.6542056074766355,
    "support": 60.0
  },
  "1": {
    "precision": 0.6575342465753424,
    "recall": 0.8,
    "f1-score": 0.7218045112781954,
    "support": 60.0
  },
  "accuracy": 0.6916666666666667,
  "macro avg": {
    "precision": 0.7011075488195861,
    "recall": 0.6916666666666667,
    "f1-score": 0.6880050593774154,
    "support": 120.0
  },
  "weighted avg": {
    "precision": 0.7011075488195861,
    "recall": 0.6916666666666667,
    "f1-score": 0.6880050593774155,
    "support": 120.0
  }
}