{
  "0": {
    "precision": 0.5700934579439252,
    "recall": 0.40939597315436244,
    "f1-score": 0.4765625,
    "support": 149.0
  },
  "1": {
    "precision": 0.7170418006430869,
    "recall": 0.828996282527881,
    "f1-score": 0.7689655172413793,
    "support": 269.0
  },
  "accuracy": 0.6794258373205742,
  "macro avg": {
    "precision": 0.643567629293506,
    "recall": 0.6191961278411218,
    "f1-score": 0.6227640086206896,
    "support": 418.0
  },
  "weighted avg": {
    "precision": 0.6646606928388403,
    "recall": 0.6794258373205742,
    "f1-score": 0.664735733583567,
    "support": 418.0
  }
}