{
  "best_val_acc": 0.6794258373205742,
  "final_macro_f1": 0.5977044271761602,
  "final_auc": 0.6558094857912727,
  "config": {
    "dataset": "pitt",
    "model_type": "mobilenetv2",
    "epochs": 30,
    "batch_size": 32,
    "lr": 0.0001,
    "seed": 999,
    "run_name": "",
    "train_csv": null,
    "val_csv": null
  }
}