{
  "0": {
    "precision": 0.9408284023668639,
    "recall": 0.9578313253012049,
    "f1-score": 0.9492537313432836,
    "support": 498.0
  },
  "1": {
    "precision": 0.8292682926829268,
    "recall": 0.7727272727272727,
    "f1-score": 0.8,
    "support": 132.0
  },
  "accuracy": 0.919047619047619,
  "macro avg": {
    "precision": 0.8850483475248954,
    "recall": 0.8652792990142388,
    "f1-score": 0.8746268656716418,
    "support": 630.0
  },
  "weighted avg": {
    "precision": 0.9174539031949913,
    "recall": 0.919047619047619,
    "f1-score": 0.9179815209665957,
    "support": 630.0
  }
}