{
  "0": {
    "precision": 0.8023255813953488,
    "recall": 0.8023255813953488,
    "f1-score": 0.8023255813953488,
    "support": 86.0
  },
  "1": {
    "precision": 0.7258064516129032,
    "recall": 0.7258064516129032,
    "f1-score": 0.7258064516129032,
    "support": 62.0
  },
  "accuracy": 0.7702702702702703,
  "macro avg": {
    "precision": 0.764066016504126,
    "recall": 0.764066016504126,
    "f1-score": 0.764066016504126,
    "support": 148.0
  },
  "weighted avg": {
    "precision": 0.7702702702702703,
    "recall": 0.7702702702702703,
    "f1-score": 0.7702702702702703,
    "support": 148.0
  }
}