{
  "0": {
    "precision": 0.8,
    "recall": 1.0,
    "f1-score": 0.8888888888888888,
    "support": 32.0
  },
  "1": {
    "precision": 0.8108108108108109,
    "recall": 0.9375,
    "f1-score": 0.8695652173913043,
    "support": 32.0
  },
  "2": {
    "precision": 0.9696969696969697,
    "recall": 1.0,
    "f1-score": 0.9846153846153847,
    "support": 32.0
  },
  "3": {
    "precision": 0.8529411764705882,
    "recall": 0.90625,
    "f1-score": 0.8787878787878788,
    "support": 32.0
  },
  "4": {
    "precision": 0.9629629629629629,
    "recall": 0.8125,
    "f1-score": 0.8813559322033898,
    "support": 32.0
  },
  "5": {
    "precision": 0.9655172413793104,
    "recall": 0.875,
    "f1-score": 0.9180327868852459,
    "support": 32.0
  },
  "6": {
    "precision": 0.9375,
    "recall": 0.9375,
    "f1-score": 0.9375,
    "support": 32.0
  },
  "7": {
    "precision": 0.96,
    "recall": 0.75,
    "f1-score": 0.8421052631578947,
    "support": 32.0
  },
  "8": {
    "precision": 1.0,
    "recall": 1.0,
    "f1-score": 1.0,
    "support": 32.0
  },
  "9": {
    "precision": 1.0,
    "recall": 0.875,
    "f1-score": 0.9333333333333333,
    "support": 32.0
  },
  "10": {
    "precision": 0.9411764705882353,
    "recall": 1.0,
    "f1-score": 0.9696969696969697,
    "support": 32.0
  },
  "11": {
    "precision": 0.9696969696969697,
    "recall": 1.0,
    "f1-score": 0.9846153846153847,
    "support": 32.0
  },
  "12": {
    "precision": 0.8648648648648649,
    "recall": 1.0,
    "f1-score": 0.927536231884058,
    "support": 32.0
  },
  "13": {
    "precision": 0.9629629629629629,
    "recall": 0.8125,
    "f1-score": 0.8813559322033898,
    "support": 32.0
  },
  "14": {
    "precision": 0.9259259259259259,
    "recall": 0.78125,
    "f1-score": 0.847457627118644,
    "support": 32.0
  },
  "15": {
    "precision": 0.8378378378378378,
    "recall": 0.96875,
    "f1-score": 0.8985507246376812,
    "support": 32.0
  },
  "16": {
    "precision": 0.7105263157894737,
    "recall": 0.84375,
    "f1-score": 0.7714285714285715,
    "support": 32.0
  },
  "17": {
    "precision": 1.0,
    "recall": 0.9375,
    "f1-score": 0.967741935483871,
    "support": 32.0
  },
  "18": {
    "precision": 0.9354838709677419,
    "recall": 0.90625,
    "f1-score": 0.9206349206349206,
    "support": 32.0
  },
  "19": {
    "precision": 0.9523809523809523,
    "recall": 0.625,
    "f1-score": 0.7547169811320755,
    "support": 32.0
  },
  "20": {
    "precision": 1.0,
    "recall": 1.0,
    "f1-score": 1.0,
    "support": 32.0
  },
  "21": {
    "precision": 0.8064516129032258,
    "recall": 0.78125,
    "f1-score": 0.7936507936507936,
    "support": 32.0
  },
  "22": {
    "precision": 0.6595744680851063,
    "recall": 0.96875,
    "f1-score": 0.7848101265822784,
    "support": 32.0
  },
  "23": {
    "precision": 0.75,
    "recall": 0.75,
    "f1-score": 0.75,
    "support": 32.0
  },
  "24": {
    "precision": 0.7073170731707317,
    "recall": 0.90625,
    "f1-score": 0.7945205479452054,
    "support": 32.0
  },
  "25": {
    "precision": 0.9310344827586207,
    "recall": 0.84375,
    "f1-score": 0.8852459016393442,
    "support": 32.0
  },
  "26": {
    "precision": 0.9142857142857143,
    "recall": 1.0,
    "f1-score": 0.9552238805970149,
    "support": 32.0
  },
  "27": {
    "precision": 0.967741935483871,
    "recall": 0.9375,
    "f1-score": 0.9523809523809523,
    "support": 32.0
  },
  "28": {
    "precision": 0.8125,
    "recall": 0.40625,
    "f1-score": 0.5416666666666666,
    "support": 32.0
  },
  "29": {
    "precision": 0.9354838709677419,
    "recall": 0.90625,
    "f1-score": 0.9206349206349206,
    "support": 32.0
  },
  "30": {
    "precision": 0.8611111111111112,
    "recall": 0.96875,
    "f1-score": 0.9117647058823529,
    "support": 32.0
  },
  "31": {
    "precision": 0.9142857142857143,
    "recall": 1.0,
    "f1-score": 0.9552238805970149,
    "support": 32.0
  },
  "32": {
    "precision": 0.8666666666666667,
    "recall": 0.8125,
    "f1-score": 0.8387096774193549,
    "support": 32.0
  },
  "33": {
    "precision": 0.9032258064516129,
    "recall": 0.875,
    "f1-score": 0.8888888888888888,
    "support": 32.0
  },
  "34": {
    "precision": 0.9411764705882353,
    "recall": 1.0,
    "f1-score": 0.9696969696969697,
    "support": 32.0
  },
  "35": {
    "precision": 1.0,
    "recall": 0.875,
    "f1-score": 0.9333333333333333,
    "support": 32.0
  },
  "36": {
    "precision": 0.9696969696969697,
    "recall": 1.0,
    "f1-score": 0.9846153846153847,
    "support": 32.0
  },
  "37": {
    "precision": 0.9117647058823529,
    "recall": 0.96875,
    "f1-score": 0.9393939393939394,
    "support": 32.0
  },
  "38": {
    "precision": 1.0,
    "recall": 0.84375,
    "f1-score": 0.9152542372881356,
    "support": 32.0
  },
  "39": {
    "precision": 0.8611111111111112,
    "recall": 0.96875,
    "f1-score": 0.9117647058823529,
    "support": 32.0
  },
  "40": {
    "precision": 0.9696969696969697,
    "recall": 1.0,
    "f1-score": 0.9846153846153847,
    "support": 32.0
  },
  "41": {
    "precision": 0.8108108108108109,
    "recall": 0.9375,
    "f1-score": 0.8695652173913043,
    "support": 32.0
  },
  "42": {
    "precision": 0.875,
    "recall": 0.875,
    "f1-score": 0.875,
    "support": 32.0
  },
  "43": {
    "precision": 0.8823529411764706,
    "recall": 0.9375,
    "f1-score": 0.9090909090909091,
    "support": 32.0
  },
  "44": {
    "precision": 0.9393939393939394,
    "recall": 0.96875,
    "f1-score": 0.9538461538461539,
    "support": 32.0
  },
  "45": {
    "precision": 0.7073170731707317,
    "recall": 0.90625,
    "f1-score": 0.7945205479452054,
    "support": 32.0
  },
  "46": {
    "precision": 0.8888888888888888,
    "recall": 1.0,
    "f1-score": 0.9411764705882353,
    "support": 32.0
  },
  "47": {
    "precision": 0.9523809523809523,
    "recall": 0.625,
    "f1-score": 0.7547169811320755,
    "support": 32.0
  },
  "48": {
    "precision": 0.95,
    "recall": 0.59375,
    "f1-score": 0.7307692307692307,
    "support": 32.0
  },
  "49": {
    "precision": 0.78125,
    "recall": 0.78125,
    "f1-score": 0.78125,
    "support": 32.0
  },
  "accuracy": 0.888125,
  "macro avg": {
    "precision": 0.8966160924260632,
    "recall": 0.888125,
    "f1-score": 0.8855850074514457,
    "support": 1600.0
  },
  "weighted avg": {
    "precision": 0.8966160924260632,
    "recall": 0.888125,
    "f1-score": 0.8855850074514457,
    "support": 1600.0
  }
}