{
  "0": {
    "precision": 0.48186528497409326,
    "recall": 0.6241610738255033,
    "f1-score": 0.543859649122807,
    "support": 149.0
  },
  "1": {
    "precision": 0.7511111111111111,
    "recall": 0.6282527881040892,
    "f1-score": 0.6842105263157895,
    "support": 269.0
  },
  "accuracy": 0.6267942583732058,
  "macro avg": {
    "precision": 0.6164881980426021,
    "recall": 0.6262069309647963,
    "f1-score": 0.6140350877192983,
    "support": 418.0
  },
  "weighted avg": {
    "precision": 0.6551359242823656,
    "recall": 0.6267942583732058,
    "f1-score": 0.6341811466465206,
    "support": 418.0
  }
}