{
  "0": {
    "precision": 0.7088607594936709,
    "recall": 0.8484848484848485,
    "f1-score": 0.7724137931034483,
    "support": 66.0
  },
  "1": {
    "precision": 0.7872340425531915,
    "recall": 0.6166666666666667,
    "f1-score": 0.6915887850467289,
    "support": 60.0
  },
  "accuracy": 0.7380952380952381,
  "macro avg": {
    "precision": 0.7480474010234313,
    "recall": 0.7325757575757577,
    "f1-score": 0.7320012890750887,
    "support": 126.0
  },
  "weighted avg": {
    "precision": 0.746181370474395,
    "recall": 0.7380952380952381,
    "f1-score": 0.73392569402882,
    "support": 126.0
  }
}