{
  "0": {
    "precision": 0.7222222222222222,
    "recall": 0.6610169491525424,
    "f1-score": 0.6902654867256637,
    "support": 59.0
  },
  "1": {
    "precision": 0.6923076923076923,
    "recall": 0.75,
    "f1-score": 0.72,
    "support": 60.0
  },
  "accuracy": 0.7058823529411765,
  "macro avg": {
    "precision": 0.7072649572649572,
    "recall": 0.7055084745762712,
    "f1-score": 0.7051327433628318,
    "support": 119.0
  },
  "weighted avg": {
    "precision": 0.7071392659627953,
    "recall": 0.7058823529411765,
    "f1-score": 0.7052576782925558,
    "support": 119.0
  }
}