{
  "0": {
    "precision": 0.6428571428571429,
    "recall": 0.5625,
    "f1-score": 0.6,
    "support": 32.0
  },
  "1": {
    "precision": 0.5454545454545454,
    "recall": 0.1875,
    "f1-score": 0.27906976744186046,
    "support": 32.0
  },
  "2": {
    "precision": 0.717948717948718,
    "recall": 0.875,
    "f1-score": 0.7887323943661971,
    "support": 32.0
  },
  "3": {
    "precision": 0.7142857142857143,
    "recall": 0.78125,
    "f1-score": 0.746268656716418,
    "support": 32.0
  },
  "4": {
    "precision": 0.896551724137931,
    "recall": 0.8125,
    "f1-score": 0.8524590163934426,
    "support": 32.0
  },
  "5": {
    "precision": 0.5714285714285714,
    "recall": 0.75,
    "f1-score": 0.6486486486486487,
    "support": 32.0
  },
  "6": {
    "precision": 0.8333333333333334,
    "recall": 0.9375,
    "f1-score": 0.8823529411764706,
    "support": 32.0
  },
  "7": {
    "precision": 0.6470588235294118,
    "recall": 0.6875,
    "f1-score": 0.6666666666666666,
    "support": 32.0
  },
  "8": {
    "precision": 0.7567567567567568,
    "recall": 0.875,
    "f1-score": 0.8115942028985508,
    "support": 32.0
  },
  "9": {
    "precision": 0.8214285714285714,
    "recall": 0.71875,
    "f1-score": 0.7666666666666667,
    "support": 32.0
  },
  "10": {
    "precision": 0.7619047619047619,
    "recall": 1.0,
    "f1-score": 0.8648648648648649,
    "support": 32.0
  },
  "11": {
    "precision": 0.5957446808510638,
    "recall": 0.875,
    "f1-score": 0.7088607594936709,
    "support": 32.0
  },
  "12": {
    "precision": 0.631578947368421,
    "recall": 0.375,
    "f1-score": 0.47058823529411764,
    "support": 32.0
  },
  "13": {
    "precision": 0.72,
    "recall": 0.5625,
    "f1-score": 0.631578947368421,
    "support": 32.0
  },
  "14": {
    "precision": 0.5806451612903226,
    "recall": 0.5625,
    "f1-score": 0.5714285714285714,
    "support": 32.0
  },
  "15": {
    "precision": 0.8666666666666667,
    "recall": 0.40625,
    "f1-score": 0.5531914893617021,
    "support": 32.0
  },
  "16": {
    "precision": 0.5384615384615384,
    "recall": 0.4375,
    "f1-score": 0.4827586206896552,
    "support": 32.0
  },
  "17": {
    "precision": 0.8529411764705882,
    "recall": 0.90625,
    "f1-score": 0.8787878787878788,
    "support": 32.0
  },
  "18": {
    "precision": 0.42857142857142855,
    "recall": 0.375,
    "f1-score": 0.4,
    "support": 32.0
  },
  "19": {
    "precision": 0.4444444444444444,
    "recall": 0.125,
    "f1-score": 0.1951219512195122,
    "support": 32.0
  },
  "20": {
    "precision": 0.509090909090909,
    "recall": 0.875,
    "f1-score": 0.6436781609195402,
    "support": 32.0
  },
  "21": {
    "precision": 0.3125,
    "recall": 0.15625,
    "f1-score": 0.20833333333333334,
    "support": 32.0
  },
  "22": {
    "precision": 0.43478260869565216,
    "recall": 0.3125,
    "f1-score": 0.36363636363636365,
    "support": 32.0
  },
  "23": {
    "precision": 0.48,
    "recall": 0.75,
    "f1-score": 0.5853658536585366,
    "support": 32.0
  },
  "24": {
    "precision": 0.6944444444444444,
    "recall": 0.78125,
    "f1-score": 0.7352941176470589,
    "support": 32.0
  },
  "25": {
    "precision": 0.6363636363636364,
    "recall": 0.65625,
    "f1-score": 0.6461538461538462,
    "support": 32.0
  },
  "26": {
    "precision": 0.5,
    "recall": 0.625,
    "f1-score": 0.5555555555555556,
    "support": 32.0
  },
  "27": {
    "precision": 0.6382978723404256,
    "recall": 0.9375,
    "f1-score": 0.759493670886076,
    "support": 32.0
  },
  "28": {
    "precision": 0.24,
    "recall": 0.1875,
    "f1-score": 0.21052631578947367,
    "support": 32.0
  },
  "29": {
    "precision": 0.47368421052631576,
    "recall": 0.28125,
    "f1-score": 0.35294117647058826,
    "support": 32.0
  },
  "30": {
    "precision": 0.9090909090909091,
    "recall": 0.3125,
    "f1-score": 0.46511627906976744,
    "support": 32.0
  },
  "31": {
    "precision": 0.5625,
    "recall": 0.84375,
    "f1-score": 0.675,
    "support": 32.0
  },
  "32": {
    "precision": 0.6666666666666666,
    "recall": 0.25,
    "f1-score": 0.36363636363636365,
    "support": 32.0
  },
  "33": {
    "precision": 0.29411764705882354,
    "recall": 0.15625,
    "f1-score": 0.20408163265306123,
    "support": 32.0
  },
  "34": {
    "precision": 0.8260869565217391,
    "recall": 0.59375,
    "f1-score": 0.6909090909090909,
    "support": 32.0
  },
  "35": {
    "precision": 0.9230769230769231,
    "recall": 0.75,
    "f1-score": 0.8275862068965517,
    "support": 32.0
  },
  "36": {
    "precision": 0.75,
    "recall": 0.65625,
    "f1-score": 0.7,
    "support": 32.0
  },
  "37": {
    "precision": 0.6,
    "recall": 0.9375,
    "f1-score": 0.7317073170731707,
    "support": 32.0
  },
  "38": {
    "precision": 0.6808510638297872,
    "recall": 1.0,
    "f1-score": 0.810126582278481,
    "support": 32.0
  },
  "39": {
    "precision": 0.6666666666666666,
    "recall": 0.8125,
    "f1-score": 0.7323943661971831,
    "support": 32.0
  },
  "40": {
    "precision": 0.84375,
    "recall": 0.84375,
    "f1-score": 0.84375,
    "support": 32.0
  },
  "41": {
    "precision": 0.3770491803278688,
    "recall": 0.71875,
    "f1-score": 0.4946236559139785,
    "support": 32.0
  },
  "42": {
    "precision": 0.6111111111111112,
    "recall": 0.6875,
    "f1-score": 0.6470588235294118,
    "support": 32.0
  },
  "43": {
    "precision": 0.6808510638297872,
    "recall": 1.0,
    "f1-score": 0.810126582278481,
    "support": 32.0
  },
  "44": {
    "precision": 0.55,
    "recall": 0.6875,
    "f1-score": 0.6111111111111112,
    "support": 32.0
  },
  "45": {
    "precision": 0.6956521739130435,
    "recall": 0.5,
    "f1-score": 0.5818181818181818,
    "support": 32.0
  },
  "46": {
    "precision": 0.5957446808510638,
    "recall": 0.875,
    "f1-score": 0.7088607594936709,
    "support": 32.0
  },
  "47": {
    "precision": 0.5172413793103449,
    "recall": 0.46875,
    "f1-score": 0.4918032786885246,
    "support": 32.0
  },
  "48": {
    "precision": 0.2727272727272727,
    "recall": 0.09375,
    "f1-score": 0.13953488372093023,
    "support": 32.0
  },
  "49": {
    "precision": 0.35294117647058826,
    "recall": 0.375,
    "f1-score": 0.36363636363636365,
    "support": 32.0
  },
  "accuracy": 0.61875,
  "macro avg": {
    "precision": 0.6172670252020782,
    "recall": 0.61875,
    "f1-score": 0.5950700030487602,
    "support": 1600.0
  },
  "weighted avg": {
    "precision": 0.6172670252020782,
    "recall": 0.61875,
    "f1-score": 0.5950700030487602,
    "support": 1600.0
  }
}