{
  "0": {
    "precision": 1.0,
    "recall": 0.9935897435897436,
    "f1-score": 0.9967845659163987,
    "support": 156.0
  },
  "1": {
    "precision": 0.8811881188118812,
    "recall": 0.9270833333333334,
    "f1-score": 0.9035532994923858,
    "support": 96.0
  },
  "2": {
    "precision": 0.7857142857142857,
    "recall": 0.8148148148148148,
    "f1-score": 0.8,
    "support": 54.0
  },
  "3": {
    "precision": 0.9882352941176471,
    "recall": 1.0,
    "f1-score": 0.9940828402366864,
    "support": 84.0
  },
  "4": {
    "precision": 0.8888888888888888,
    "recall": 0.8888888888888888,
    "f1-score": 0.8888888888888888,
    "support": 90.0
  },
  "5": {
    "precision": 0.989010989010989,
    "recall": 1.0,
    "f1-score": 0.994475138121547,
    "support": 90.0
  },
  "6": {
    "precision": 1.0,
    "recall": 0.8888888888888888,
    "f1-score": 0.9411764705882353,
    "support": 72.0
  },
  "accuracy": 0.9439252336448598,
  "macro avg": {
    "precision": 0.9332910823633844,
    "recall": 0.9304665242165243,
    "f1-score": 0.9312801718920202,
    "support": 642.0
  },
  "weighted avg": {
    "precision": 0.9455535584912514,
    "recall": 0.9439252336448598,
    "f1-score": 0.944252236647042,
    "support": 642.0
  }
}