{
  "0": {
    "precision": 0.518796992481203,
    "recall": 0.46308724832214765,
    "f1-score": 0.48936170212765956,
    "support": 149.0
  },
  "1": {
    "precision": 0.7192982456140351,
    "recall": 0.7620817843866171,
    "f1-score": 0.740072202166065,
    "support": 269.0
  },
  "accuracy": 0.6555023923444976,
  "macro avg": {
    "precision": 0.6190476190476191,
    "recall": 0.6125845163543824,
    "f1-score": 0.6147169521468623,
    "support": 418.0
  },
  "weighted avg": {
    "precision": 0.6478277032293653,
    "recall": 0.6555023923444976,
    "f1-score": 0.6507041052624228,
    "support": 418.0
  }
}