{
  "best_val_acc": 0.6555023923444976,
  "final_macro_f1": 0.5777394670780026,
  "final_auc": 0.6104139118285472,
  "config": {
    "dataset": "pitt",
    "model_type": "mobilenetv2",
    "epochs": 30,
    "batch_size": 32,
    "lr": 0.0001,
    "seed": 123,
    "run_name": "",
    "train_csv": null,
    "val_csv": null
  }
}