{
  "0": {
    "precision": 0.5833333333333334,
    "recall": 0.21875,
    "f1-score": 0.3181818181818182,
    "support": 32.0
  },
  "1": {
    "precision": 0.21052631578947367,
    "recall": 0.125,
    "f1-score": 0.1568627450980392,
    "support": 32.0
  },
  "2": {
    "precision": 0.7037037037037037,
    "recall": 0.59375,
    "f1-score": 0.6440677966101694,
    "support": 32.0
  },
  "3": {
    "precision": 0.5862068965517241,
    "recall": 0.53125,
    "f1-score": 0.5573770491803278,
    "support": 32.0
  },
  "4": {
    "precision": 0.8695652173913043,
    "recall": 0.625,
    "f1-score": 0.7272727272727273,
    "support": 32.0
  },
  "5": {
    "precision": 0.5384615384615384,
    "recall": 0.875,
    "f1-score": 0.6666666666666666,
    "support": 32.0
  },
  "6": {
    "precision": 0.6444444444444445,
    "recall": 0.90625,
    "f1-score": 0.7532467532467533,
    "support": 32.0
  },
  "7": {
    "precision": 0.6470588235294118,
    "recall": 0.34375,
    "f1-score": 0.4489795918367347,
    "support": 32.0
  },
  "8": {
    "precision": 0.6590909090909091,
    "recall": 0.90625,
    "f1-score": 0.7631578947368421,
    "support": 32.0
  },
  "9": {
    "precision": 0.7142857142857143,
    "recall": 0.46875,
    "f1-score": 0.5660377358490566,
    "support": 32.0
  },
  "10": {
    "precision": 0.7560975609756098,
    "recall": 0.96875,
    "f1-score": 0.8493150684931506,
    "support": 32.0
  },
  "11": {
    "precision": 0.44,
    "recall": 0.6875,
    "f1-score": 0.5365853658536586,
    "support": 32.0
  },
  "12": {
    "precision": 0.375,
    "recall": 0.375,
    "f1-score": 0.375,
    "support": 32.0
  },
  "13": {
    "precision": 0.85,
    "recall": 0.53125,
    "f1-score": 0.6538461538461539,
    "support": 32.0
  },
  "14": {
    "precision": 0.5263157894736842,
    "recall": 0.3125,
    "f1-score": 0.39215686274509803,
    "support": 32.0
  },
  "15": {
    "precision": 0.95,
    "recall": 0.59375,
    "f1-score": 0.7307692307692307,
    "support": 32.0
  },
  "16": {
    "precision": 0.6,
    "recall": 0.5625,
    "f1-score": 0.5806451612903226,
    "support": 32.0
  },
  "17": {
    "precision": 0.43548387096774194,
    "recall": 0.84375,
    "f1-score": 0.574468085106383,
    "support": 32.0
  },
  "18": {
    "precision": 0.42424242424242425,
    "recall": 0.4375,
    "f1-score": 0.4307692307692308,
    "support": 32.0
  },
  "19": {
    "precision": 0.4444444444444444,
    "recall": 0.125,
    "f1-score": 0.1951219512195122,
    "support": 32.0
  },
  "20": {
    "precision": 0.7419354838709677,
    "recall": 0.71875,
    "f1-score": 0.7301587301587301,
    "support": 32.0
  },
  "21": {
    "precision": 1.0,
    "recall": 0.0625,
    "f1-score": 0.11764705882352941,
    "support": 32.0
  },
  "22": {
    "precision": 0.8181818181818182,
    "recall": 0.28125,
    "f1-score": 0.4186046511627907,
    "support": 32.0
  },
  "23": {
    "precision": 0.4444444444444444,
    "recall": 0.375,
    "f1-score": 0.4067796610169492,
    "support": 32.0
  },
  "24": {
    "precision": 0.7222222222222222,
    "recall": 0.8125,
    "f1-score": 0.7647058823529411,
    "support": 32.0
  },
  "25": {
    "precision": 0.7058823529411765,
    "recall": 0.375,
    "f1-score": 0.4897959183673469,
    "support": 32.0
  },
  "26": {
    "precision": 0.4918032786885246,
    "recall": 0.9375,
    "f1-score": 0.6451612903225806,
    "support": 32.0
  },
  "27": {
    "precision": 0.5,
    "recall": 0.96875,
    "f1-score": 0.6595744680851063,
    "support": 32.0
  },
  "28": {
    "precision": 0.17647058823529413,
    "recall": 0.09375,
    "f1-score": 0.12244897959183673,
    "support": 32.0
  },
  "29": {
    "precision": 0.5833333333333334,
    "recall": 0.21875,
    "f1-score": 0.3181818181818182,
    "support": 32.0
  },
  "30": {
    "precision": 1.0,
    "recall": 0.34375,
    "f1-score": 0.5116279069767442,
    "support": 32.0
  },
  "31": {
    "precision": 0.4307692307692308,
    "recall": 0.875,
    "f1-score": 0.5773195876288659,
    "support": 32.0
  },
  "32": {
    "precision": 0.3333333333333333,
    "recall": 0.03125,
    "f1-score": 0.05714285714285714,
    "support": 32.0
  },
  "33": {
    "precision": 0.42857142857142855,
    "recall": 0.09375,
    "f1-score": 0.15384615384615385,
    "support": 32.0
  },
  "34": {
    "precision": 0.5909090909090909,
    "recall": 0.40625,
    "f1-score": 0.48148148148148145,
    "support": 32.0
  },
  "35": {
    "precision": 0.5581395348837209,
    "recall": 0.75,
    "f1-score": 0.64,
    "support": 32.0
  },
  "36": {
    "precision": 0.7083333333333334,
    "recall": 0.53125,
    "f1-score": 0.6071428571428571,
    "support": 32.0
  },
  "37": {
    "precision": 0.4117647058823529,
    "recall": 0.65625,
    "f1-score": 0.5060240963855421,
    "support": 32.0
  },
  "38": {
    "precision": 0.38095238095238093,
    "recall": 1.0,
    "f1-score": 0.5517241379310345,
    "support": 32.0
  },
  "39": {
    "precision": 0.5263157894736842,
    "recall": 0.3125,
    "f1-score": 0.39215686274509803,
    "support": 32.0
  },
  "40": {
    "precision": 0.92,
    "recall": 0.71875,
    "f1-score": 0.8070175438596491,
    "support": 32.0
  },
  "41": {
    "precision": 0.35,
    "recall": 0.875,
    "f1-score": 0.5,
    "support": 32.0
  },
  "42": {
    "precision": 0.6,
    "recall": 0.46875,
    "f1-score": 0.5263157894736842,
    "support": 32.0
  },
  "43": {
    "precision": 0.8148148148148148,
    "recall": 0.6875,
    "f1-score": 0.7457627118644068,
    "support": 32.0
  },
  "44": {
    "precision": 0.7777777777777778,
    "recall": 0.65625,
    "f1-score": 0.711864406779661,
    "support": 32.0
  },
  "45": {
    "precision": 0.4411764705882353,
    "recall": 0.46875,
    "f1-score": 0.45454545454545453,
    "support": 32.0
  },
  "46": {
    "precision": 0.5,
    "recall": 0.8125,
    "f1-score": 0.6190476190476191,
    "support": 32.0
  },
  "47": {
    "precision": 0.5151515151515151,
    "recall": 0.53125,
    "f1-score": 0.5230769230769231,
    "support": 32.0
  },
  "48": {
    "precision": 0.25,
    "recall": 0.3125,
    "f1-score": 0.2777777777777778,
    "support": 32.0
  },
  "49": {
    "precision": 0.2978723404255319,
    "recall": 0.4375,
    "f1-score": 0.35443037974683544,
    "support": 32.0
  },
  "accuracy": 0.536875,
  "macro avg": {
    "precision": 0.5795683251093934,
    "recall": 0.536875,
    "f1-score": 0.511837817885763,
    "support": 1600.0
  },
  "weighted avg": {
    "precision": 0.5795683251093934,
    "recall": 0.536875,
    "f1-score": 0.511837817885763,
    "support": 1600.0
  }
}