{
  "0": {
    "precision": 0.9388560157790927,
    "recall": 0.9577464788732394,
    "f1-score": 0.9482071713147411,
    "support": 497.0
  },
  "1": {
    "precision": 0.8306451612903226,
    "recall": 0.7686567164179104,
    "f1-score": 0.7984496124031008,
    "support": 134.0
  },
  "accuracy": 0.9175911251980983,
  "macro avg": {
    "precision": 0.8847505885347077,
    "recall": 0.8632015976455749,
    "f1-score": 0.873328391858921,
    "support": 631.0
  },
  "weighted avg": {
    "precision": 0.915876214667373,
    "recall": 0.9175911251980983,
    "f1-score": 0.9164044567439648,
    "support": 631.0
  }
}