{
  "0": {
    "precision": 0.8076923076923077,
    "recall": 0.7636363636363637,
    "f1-score": 0.7850467289719626,
    "support": 55.0
  },
  "1": {
    "precision": 0.7936507936507936,
    "recall": 0.8333333333333334,
    "f1-score": 0.8130081300813008,
    "support": 60.0
  },
  "accuracy": 0.8,
  "macro avg": {
    "precision": 0.8006715506715507,
    "recall": 0.7984848484848486,
    "f1-score": 0.7990274295266317,
    "support": 115.0
  },
  "weighted avg": {
    "precision": 0.8003663003663003,
    "recall": 0.8,
    "f1-score": 0.7996352860724869,
    "support": 115.0
  }
}