{
  "best_val_acc": 0.936608557844691,
  "final_macro_f1": 0.8906947112330961,
  "final_auc": 0.9494729571458602,
  "config": {
    "dataset": "physionet",
    "model_type": "resnet50",
    "epochs": 30,
    "batch_size": 32,
    "lr": 0.0001,
    "seed": 42,
    "run_name": "anchor_phys_s42"
  }
}