{
  "0": {
    "precision": 0.48014440433212996,
    "recall": 0.6045454545454545,
    "f1-score": 0.5352112676056338,
    "support": 220.0
  },
  "1": {
    "precision": 0.7686170212765957,
    "recall": 0.6674364896073903,
    "f1-score": 0.7144622991347342,
    "support": 433.0
  },
  "accuracy": 0.6462480857580398,
  "macro avg": {
    "precision": 0.6243807128043628,
    "recall": 0.6359909720764224,
    "f1-score": 0.624836783370184,
    "support": 653.0
  },
  "weighted avg": {
    "precision": 0.6714286970380314,
    "recall": 0.6462480857580398,
    "f1-score": 0.6540714462459102,
    "support": 653.0
  }
}