{
  "0": {
    "precision": 1.0,
    "recall": 1.0,
    "f1-score": 1.0,
    "support": 150.0
  },
  "1": {
    "precision": 0.9361702127659575,
    "recall": 0.9166666666666666,
    "f1-score": 0.9263157894736842,
    "support": 96.0
  },
  "2": {
    "precision": 0.9642857142857143,
    "recall": 1.0,
    "f1-score": 0.9818181818181818,
    "support": 54.0
  },
  "3": {
    "precision": 1.0,
    "recall": 1.0,
    "f1-score": 1.0,
    "support": 84.0
  },
  "4": {
    "precision": 1.0,
    "recall": 0.9761904761904762,
    "f1-score": 0.9879518072289156,
    "support": 84.0
  },
  "5": {
    "precision": 1.0,
    "recall": 1.0,
    "f1-score": 1.0,
    "support": 96.0
  },
  "6": {
    "precision": 0.9,
    "recall": 0.9230769230769231,
    "f1-score": 0.9113924050632911,
    "support": 78.0
  },
  "accuracy": 0.9750778816199377,
  "macro avg": {
    "precision": 0.9714937038645246,
    "recall": 0.9737048665620094,
    "f1-score": 0.9724968833691532,
    "support": 642.0
  },
  "weighted avg": {
    "precision": 0.9753018208675397,
    "recall": 0.9750778816199377,
    "f1-score": 0.9751106807006558,
    "support": 642.0
  }
}