{
  "0": {
    "precision": 0.8076923076923077,
    "recall": 0.7,
    "f1-score": 0.75,
    "support": 60.0
  },
  "1": {
    "precision": 0.7352941176470589,
    "recall": 0.8333333333333334,
    "f1-score": 0.78125,
    "support": 60.0
  },
  "accuracy": 0.7666666666666667,
  "macro avg": {
    "precision": 0.7714932126696833,
    "recall": 0.7666666666666666,
    "f1-score": 0.765625,
    "support": 120.0
  },
  "weighted avg": {
    "precision": 0.7714932126696833,
    "recall": 0.7666666666666667,
    "f1-score": 0.765625,
    "support": 120.0
  }
}