{
  "0": {
    "precision": 0.9477911646586346,
    "recall": 0.9496981891348089,
    "f1-score": 0.9487437185929648,
    "support": 497.0
  },
  "1": {
    "precision": 0.8120300751879699,
    "recall": 0.8059701492537313,
    "f1-score": 0.8089887640449438,
    "support": 134.0
  },
  "accuracy": 0.919175911251981,
  "macro avg": {
    "precision": 0.8799106199233022,
    "recall": 0.8778341691942702,
    "f1-score": 0.8788662413189543,
    "support": 631.0
  },
  "weighted avg": {
    "precision": 0.918960758970728,
    "recall": 0.919175911251981,
    "f1-score": 0.9190651704005167,
    "support": 631.0
  }
}