{
  "0": {
    "precision": 0.8888888888888888,
    "recall": 0.75,
    "f1-score": 0.8135593220338984,
    "support": 32.0
  },
  "1": {
    "precision": 0.8666666666666667,
    "recall": 0.8125,
    "f1-score": 0.8387096774193549,
    "support": 32.0
  },
  "2": {
    "precision": 0.9333333333333333,
    "recall": 0.875,
    "f1-score": 0.9032258064516129,
    "support": 32.0
  },
  "3": {
    "precision": 0.8787878787878788,
    "recall": 0.90625,
    "f1-score": 0.8923076923076924,
    "support": 32.0
  },
  "4": {
    "precision": 1.0,
    "recall": 0.84375,
    "f1-score": 0.9152542372881356,
    "support": 32.0
  },
  "5": {
    "precision": 0.9032258064516129,
    "recall": 0.875,
    "f1-score": 0.8888888888888888,
    "support": 32.0
  },
  "6": {
    "precision": 0.8709677419354839,
    "recall": 0.84375,
    "f1-score": 0.8571428571428571,
    "support": 32.0
  },
  "7": {
    "precision": 0.9523809523809523,
    "recall": 0.625,
    "f1-score": 0.7547169811320755,
    "support": 32.0
  },
  "8": {
    "precision": 1.0,
    "recall": 1.0,
    "f1-score": 1.0,
    "support": 32.0
  },
  "9": {
    "precision": 1.0,
    "recall": 0.96875,
    "f1-score": 0.9841269841269841,
    "support": 32.0
  },
  "10": {
    "precision": 0.9411764705882353,
    "recall": 1.0,
    "f1-score": 0.9696969696969697,
    "support": 32.0
  },
  "11": {
    "precision": 0.7948717948717948,
    "recall": 0.96875,
    "f1-score": 0.8732394366197183,
    "support": 32.0
  },
  "12": {
    "precision": 0.6739130434782609,
    "recall": 0.96875,
    "f1-score": 0.7948717948717948,
    "support": 32.0
  },
  "13": {
    "precision": 0.9333333333333333,
    "recall": 0.875,
    "f1-score": 0.9032258064516129,
    "support": 32.0
  },
  "14": {
    "precision": 0.96,
    "recall": 0.75,
    "f1-score": 0.8421052631578947,
    "support": 32.0
  },
  "15": {
    "precision": 0.8421052631578947,
    "recall": 1.0,
    "f1-score": 0.9142857142857143,
    "support": 32.0
  },
  "16": {
    "precision": 0.7317073170731707,
    "recall": 0.9375,
    "f1-score": 0.821917808219178,
    "support": 32.0
  },
  "17": {
    "precision": 0.7631578947368421,
    "recall": 0.90625,
    "f1-score": 0.8285714285714286,
    "support": 32.0
  },
  "18": {
    "precision": 0.7878787878787878,
    "recall": 0.8125,
    "f1-score": 0.8,
    "support": 32.0
  },
  "19": {
    "precision": 0.9090909090909091,
    "recall": 0.625,
    "f1-score": 0.7407407407407407,
    "support": 32.0
  },
  "20": {
    "precision": 1.0,
    "recall": 1.0,
    "f1-score": 1.0,
    "support": 32.0
  },
  "21": {
    "precision": 0.7777777777777778,
    "recall": 0.65625,
    "f1-score": 0.711864406779661,
    "support": 32.0
  },
  "22": {
    "precision": 0.8076923076923077,
    "recall": 0.65625,
    "f1-score": 0.7241379310344828,
    "support": 32.0
  },
  "23": {
    "precision": 0.88,
    "recall": 0.6875,
    "f1-score": 0.7719298245614035,
    "support": 32.0
  },
  "24": {
    "precision": 0.7111111111111111,
    "recall": 1.0,
    "f1-score": 0.8311688311688312,
    "support": 32.0
  },
  "25": {
    "precision": 0.78125,
    "recall": 0.78125,
    "f1-score": 0.78125,
    "support": 32.0
  },
  "26": {
    "precision": 0.9142857142857143,
    "recall": 1.0,
    "f1-score": 0.9552238805970149,
    "support": 32.0
  },
  "27": {
    "precision": 0.8,
    "recall": 1.0,
    "f1-score": 0.8888888888888888,
    "support": 32.0
  },
  "28": {
    "precision": 0.4166666666666667,
    "recall": 0.46875,
    "f1-score": 0.4411764705882353,
    "support": 32.0
  },
  "29": {
    "precision": 0.8214285714285714,
    "recall": 0.71875,
    "f1-score": 0.7666666666666667,
    "support": 32.0
  },
  "30": {
    "precision": 1.0,
    "recall": 0.96875,
    "f1-score": 0.9841269841269841,
    "support": 32.0
  },
  "31": {
    "precision": 0.84375,
    "recall": 0.84375,
    "f1-score": 0.84375,
    "support": 32.0
  },
  "32": {
    "precision": 0.8846153846153846,
    "recall": 0.71875,
    "f1-score": 0.7931034482758621,
    "support": 32.0
  },
  "33": {
    "precision": 0.8181818181818182,
    "recall": 0.84375,
    "f1-score": 0.8307692307692308,
    "support": 32.0
  },
  "34": {
    "precision": 0.8709677419354839,
    "recall": 0.84375,
    "f1-score": 0.8571428571428571,
    "support": 32.0
  },
  "35": {
    "precision": 0.8709677419354839,
    "recall": 0.84375,
    "f1-score": 0.8571428571428571,
    "support": 32.0
  },
  "36": {
    "precision": 0.8108108108108109,
    "recall": 0.9375,
    "f1-score": 0.8695652173913043,
    "support": 32.0
  },
  "37": {
    "precision": 0.96875,
    "recall": 0.96875,
    "f1-score": 0.96875,
    "support": 32.0
  },
  "38": {
    "precision": 0.967741935483871,
    "recall": 0.9375,
    "f1-score": 0.9523809523809523,
    "support": 32.0
  },
  "39": {
    "precision": 0.896551724137931,
    "recall": 0.8125,
    "f1-score": 0.8524590163934426,
    "support": 32.0
  },
  "40": {
    "precision": 0.8648648648648649,
    "recall": 1.0,
    "f1-score": 0.927536231884058,
    "support": 32.0
  },
  "41": {
    "precision": 0.9615384615384616,
    "recall": 0.78125,
    "f1-score": 0.8620689655172413,
    "support": 32.0
  },
  "42": {
    "precision": 0.7941176470588235,
    "recall": 0.84375,
    "f1-score": 0.8181818181818182,
    "support": 32.0
  },
  "43": {
    "precision": 0.9117647058823529,
    "recall": 0.96875,
    "f1-score": 0.9393939393939394,
    "support": 32.0
  },
  "44": {
    "precision": 1.0,
    "recall": 0.96875,
    "f1-score": 0.9841269841269841,
    "support": 32.0
  },
  "45": {
    "precision": 0.7222222222222222,
    "recall": 0.8125,
    "f1-score": 0.7647058823529411,
    "support": 32.0
  },
  "46": {
    "precision": 0.7619047619047619,
    "recall": 1.0,
    "f1-score": 0.8648648648648649,
    "support": 32.0
  },
  "47": {
    "precision": 0.7083333333333334,
    "recall": 0.53125,
    "f1-score": 0.6071428571428571,
    "support": 32.0
  },
  "48": {
    "precision": 0.8947368421052632,
    "recall": 0.53125,
    "f1-score": 0.6666666666666666,
    "support": 32.0
  },
  "49": {
    "precision": 0.6410256410256411,
    "recall": 0.78125,
    "f1-score": 0.704225352112676,
    "support": 32.0
  },
  "accuracy": 0.845,
  "macro avg": {
    "precision": 0.854690877373054,
    "recall": 0.845,
    "f1-score": 0.8431399687111855,
    "support": 1600.0
  },
  "weighted avg": {
    "precision": 0.854690877373054,
    "recall": 0.845,
    "f1-score": 0.8431399687111855,
    "support": 1600.0
  }
}