{
  "0": {
    "precision": 0.8640776699029126,
    "recall": 1.0,
    "f1-score": 0.9270833333333334,
    "support": 89.0
  },
  "1": {
    "precision": 1.0,
    "recall": 0.8978102189781022,
    "f1-score": 0.9461538461538461,
    "support": 137.0
  },
  "accuracy": 0.9380530973451328,
  "macro avg": {
    "precision": 0.9320388349514563,
    "recall": 0.948905109489051,
    "f1-score": 0.9366185897435897,
    "support": 226.0
  },
  "weighted avg": {
    "precision": 0.9464730646962798,
    "recall": 0.9380530973451328,
    "f1-score": 0.9386437769457681,
    "support": 226.0
  }
}