{
  "0": {
    "precision": 0.9370629370629371,
    "recall": 0.8933333333333333,
    "f1-score": 0.9146757679180887,
    "support": 150.0
  },
  "1": {
    "precision": 0.7522123893805309,
    "recall": 0.8333333333333334,
    "f1-score": 0.7906976744186046,
    "support": 102.0
  },
  "2": {
    "precision": 0.9375,
    "recall": 0.5555555555555556,
    "f1-score": 0.6976744186046512,
    "support": 54.0
  },
  "3": {
    "precision": 0.6344086021505376,
    "recall": 0.7564102564102564,
    "f1-score": 0.6900584795321637,
    "support": 78.0
  },
  "4": {
    "precision": 0.7471264367816092,
    "recall": 0.7738095238095238,
    "f1-score": 0.7602339181286549,
    "support": 84.0
  },
  "5": {
    "precision": 0.7340425531914894,
    "recall": 0.71875,
    "f1-score": 0.7263157894736842,
    "support": 96.0
  },
  "6": {
    "precision": 0.9625,
    "recall": 0.9871794871794872,
    "f1-score": 0.9746835443037974,
    "support": 78.0
  },
  "accuracy": 0.8084112149532711,
  "macro avg": {
    "precision": 0.8149789883667292,
    "recall": 0.7883387842316413,
    "f1-score": 0.7934770846256635,
    "support": 642.0
  },
  "weighted avg": {
    "precision": 0.8188406246729515,
    "recall": 0.8084112149532711,
    "f1-score": 0.8083532544463361,
    "support": 642.0
  }
}