{
  "0": {
    "precision": 0.875,
    "recall": 0.65625,
    "f1-score": 0.75,
    "support": 32.0
  },
  "1": {
    "precision": 0.9666666666666667,
    "recall": 0.90625,
    "f1-score": 0.9354838709677419,
    "support": 32.0
  },
  "2": {
    "precision": 0.9333333333333333,
    "recall": 0.875,
    "f1-score": 0.9032258064516129,
    "support": 32.0
  },
  "3": {
    "precision": 0.8857142857142857,
    "recall": 0.96875,
    "f1-score": 0.9253731343283582,
    "support": 32.0
  },
  "4": {
    "precision": 1.0,
    "recall": 1.0,
    "f1-score": 1.0,
    "support": 32.0
  },
  "5": {
    "precision": 0.9642857142857143,
    "recall": 0.84375,
    "f1-score": 0.9,
    "support": 32.0
  },
  "6": {
    "precision": 0.875,
    "recall": 0.875,
    "f1-score": 0.875,
    "support": 32.0
  },
  "7": {
    "precision": 1.0,
    "recall": 0.9375,
    "f1-score": 0.967741935483871,
    "support": 32.0
  },
  "8": {
    "precision": 1.0,
    "recall": 1.0,
    "f1-score": 1.0,
    "support": 32.0
  },
  "9": {
    "precision": 0.8387096774193549,
    "recall": 0.8125,
    "f1-score": 0.8253968253968254,
    "support": 32.0
  },
  "10": {
    "precision": 1.0,
    "recall": 0.9375,
    "f1-score": 0.967741935483871,
    "support": 32.0
  },
  "11": {
    "precision": 0.96875,
    "recall": 0.96875,
    "f1-score": 0.96875,
    "support": 32.0
  },
  "12": {
    "precision": 1.0,
    "recall": 0.65625,
    "f1-score": 0.7924528301886793,
    "support": 32.0
  },
  "13": {
    "precision": 0.9696969696969697,
    "recall": 1.0,
    "f1-score": 0.9846153846153847,
    "support": 32.0
  },
  "14": {
    "precision": 0.7,
    "recall": 0.65625,
    "f1-score": 0.6774193548387096,
    "support": 32.0
  },
  "15": {
    "precision": 0.9117647058823529,
    "recall": 0.96875,
    "f1-score": 0.9393939393939394,
    "support": 32.0
  },
  "16": {
    "precision": 0.8421052631578947,
    "recall": 1.0,
    "f1-score": 0.9142857142857143,
    "support": 32.0
  },
  "17": {
    "precision": 0.8857142857142857,
    "recall": 0.96875,
    "f1-score": 0.9253731343283582,
    "support": 32.0
  },
  "18": {
    "precision": 0.967741935483871,
    "recall": 0.9375,
    "f1-score": 0.9523809523809523,
    "support": 32.0
  },
  "19": {
    "precision": 0.9615384615384616,
    "recall": 0.78125,
    "f1-score": 0.8620689655172413,
    "support": 32.0
  },
  "20": {
    "precision": 0.9411764705882353,
    "recall": 1.0,
    "f1-score": 0.9696969696969697,
    "support": 32.0
  },
  "21": {
    "precision": 0.7647058823529411,
    "recall": 0.8125,
    "f1-score": 0.7878787878787878,
    "support": 32.0
  },
  "22": {
    "precision": 0.71875,
    "recall": 0.71875,
    "f1-score": 0.71875,
    "support": 32.0
  },
  "23": {
    "precision": 1.0,
    "recall": 1.0,
    "f1-score": 1.0,
    "support": 32.0
  },
  "24": {
    "precision": 0.84375,
    "recall": 0.84375,
    "f1-score": 0.84375,
    "support": 32.0
  },
  "25": {
    "precision": 0.84375,
    "recall": 0.84375,
    "f1-score": 0.84375,
    "support": 32.0
  },
  "26": {
    "precision": 0.9696969696969697,
    "recall": 1.0,
    "f1-score": 0.9846153846153847,
    "support": 32.0
  },
  "27": {
    "precision": 0.8648648648648649,
    "recall": 1.0,
    "f1-score": 0.927536231884058,
    "support": 32.0
  },
  "28": {
    "precision": 0.5957446808510638,
    "recall": 0.875,
    "f1-score": 0.7088607594936709,
    "support": 32.0
  },
  "29": {
    "precision": 1.0,
    "recall": 0.8125,
    "f1-score": 0.896551724137931,
    "support": 32.0
  },
  "30": {
    "precision": 1.0,
    "recall": 0.875,
    "f1-score": 0.9333333333333333,
    "support": 32.0
  },
  "31": {
    "precision": 0.7777777777777778,
    "recall": 0.875,
    "f1-score": 0.8235294117647058,
    "support": 32.0
  },
  "32": {
    "precision": 0.7619047619047619,
    "recall": 1.0,
    "f1-score": 0.8648648648648649,
    "support": 32.0
  },
  "33": {
    "precision": 0.875,
    "recall": 0.875,
    "f1-score": 0.875,
    "support": 32.0
  },
  "34": {
    "precision": 0.9629629629629629,
    "recall": 0.8125,
    "f1-score": 0.8813559322033898,
    "support": 32.0
  },
  "35": {
    "precision": 0.8888888888888888,
    "recall": 1.0,
    "f1-score": 0.9411764705882353,
    "support": 32.0
  },
  "36": {
    "precision": 0.6785714285714286,
    "recall": 0.59375,
    "f1-score": 0.6333333333333333,
    "support": 32.0
  },
  "37": {
    "precision": 1.0,
    "recall": 1.0,
    "f1-score": 1.0,
    "support": 32.0
  },
  "38": {
    "precision": 0.8148148148148148,
    "recall": 0.6875,
    "f1-score": 0.7457627118644068,
    "support": 32.0
  },
  "39": {
    "precision": 1.0,
    "recall": 1.0,
    "f1-score": 1.0,
    "support": 32.0
  },
  "40": {
    "precision": 1.0,
    "recall": 1.0,
    "f1-score": 1.0,
    "support": 32.0
  },
  "41": {
    "precision": 1.0,
    "recall": 1.0,
    "f1-score": 1.0,
    "support": 32.0
  },
  "42": {
    "precision": 0.9142857142857143,
    "recall": 1.0,
    "f1-score": 0.9552238805970149,
    "support": 32.0
  },
  "43": {
    "precision": 0.8888888888888888,
    "recall": 1.0,
    "f1-score": 0.9411764705882353,
    "support": 32.0
  },
  "44": {
    "precision": 1.0,
    "recall": 1.0,
    "f1-score": 1.0,
    "support": 32.0
  },
  "45": {
    "precision": 0.6578947368421053,
    "recall": 0.78125,
    "f1-score": 0.7142857142857143,
    "support": 32.0
  },
  "46": {
    "precision": 1.0,
    "recall": 0.84375,
    "f1-score": 0.9152542372881356,
    "support": 32.0
  },
  "47": {
    "precision": 0.7241379310344828,
    "recall": 0.65625,
    "f1-score": 0.6885245901639344,
    "support": 32.0
  },
  "48": {
    "precision": 0.7878787878787878,
    "recall": 0.8125,
    "f1-score": 0.8,
    "support": 32.0
  },
  "49": {
    "precision": 0.7878787878787878,
    "recall": 0.8125,
    "f1-score": 0.8,
    "support": 32.0
  },
  "accuracy": 0.885625,
  "macro avg": {
    "precision": 0.8921869129795335,
    "recall": 0.885625,
    "f1-score": 0.8852182918448672,
    "support": 1600.0
  },
  "weighted avg": {
    "precision": 0.8921869129795335,
    "recall": 0.885625,
    "f1-score": 0.8852182918448672,
    "support": 1600.0
  }
}