{
  "final_val_acc": 0.6277258566978193,
  "top3_acc": 0.8940809968847352,
  "auc_macro": 0.8811194439834432,
  "macro_f1": 0.5841776093925167,
  "macro_precision": 0.6274785405705702,
  "macro_recall": 0.5917168149311005,
  "weighted_f1": 0.6116904441275907,
  "per_class_metrics": {
    "0": {
      "precision": 0.8128654970760234,
      "recall": 0.8910256410256411,
      "f1-score": 0.8501529051987767,
      "support": 156
    },
    "1": {
      "precision": 0.6470588235294118,
      "recall": 0.34375,
      "f1-score": 0.4489795918367347,
      "support": 96
    },
    "2": {
      "precision": 0.6,
      "recall": 0.3888888888888889,
      "f1-score": 0.47191011235955055,
      "support": 54
    },
    "3": {
      "precision": 0.5853658536585366,
      "recall": 0.2857142857142857,
      "f1-score": 0.384,
      "support": 84
    },
    "4": {
      "precision": 0.5833333333333334,
      "recall": 0.5833333333333334,
      "f1-score": 0.5833333333333334,
      "support": 84
    },
    "5": {
      "precision": 0.41954022988505746,
      "recall": 0.7604166666666666,
      "f1-score": 0.5407407407407407,
      "support": 96
    },
    "6": {
      "precision": 0.7441860465116279,
      "recall": 0.8888888888888888,
      "f1-score": 0.810126582278481,
      "support": 72
    },
    "macro avg": {
      "precision": 0.6274785405705702,
      "recall": 0.5917168149311005,
      "f1-score": 0.5841776093925167,
      "support": 642
    },
    "weighted avg": {
      "precision": 0.6438514855573255,
      "recall": 0.6277258566978193,
      "f1-score": 0.6116904441275907,
      "support": 642
    }
  }
}