{
  "train_loss": [
    1.52861971944292,
    0.7340710831579761,
    0.2955802677205047,
    0.1440437124154278,
    0.10164252828771823,
    0.09513094742721487,
    0.0748436248794523,
    0.04725406667060941,
    0.01759329827566199,
    0.011786489521161975,
    0.02554583729090999,
    0.11861429944912964,
    0.10958379154264741,
    0.07832849390711925,
    0.021833147354586472,
    0.050043078400542805,
    0.08235454390469556,
    0.041230965875715855,
    0.011921525207519346,
    0.006136208454965152,
    0.006965273479870129,
    0.05007326196461359,
    0.039664089203902124,
    0.06018251225619208,
    0.01055218898937849,
    0.004989858463586444,
    0.014665602255943362,
    0.041073110685727304,
    0.019451873649689266,
    0.024632966224208613
  ],
  "val_loss": [
    1.839970011577428,
    1.3707257234418875,
    1.398264338479978,
    1.9618140810003906,
    1.4288575760672027,
    1.6049355658415323,
    1.6688559674121137,
    1.426605551680579,
    1.6171876559747713,
    1.6384045072248048,
    2.6651812906948575,
    1.5769435312146338,
    1.6351133277871852,
    1.2978771863696732,
    1.5923603950445526,
    1.5147665264984342,
    1.3683448818242439,
    1.959394260451801,
    1.3445707440051333,
    1.6693986639310823,
    1.6384425732971537,
    1.549473533163143,
    1.519186529246771,
    1.4117623246463473,
    1.5058050474552351,
    1.44233770488625,
    1.809703133466459,
    1.6398317402582674,
    1.607772961908783,
    1.9186604931904148
  ],
  "train_acc": [
    0.41549844236760125,
    0.7429906542056075,
    0.903816199376947,
    0.9532710280373832,
    0.9684579439252337,
    0.9739096573208723,
    0.9774143302180686,
    0.9863707165109035,
    0.9945482866043613,
    0.9980529595015576,
    0.9910436137071651,
    0.9637850467289719,
    0.9649532710280374,
    0.9762461059190031,
    0.9937694704049844,
    0.9848130841121495,
    0.9758566978193146,
    0.9863707165109035,
    0.9968847352024922,
    0.9984423676012462,
    0.9984423676012462,
    0.9875389408099688,
    0.9883177570093458,
    0.9805295950155763,
    0.9972741433021807,
    0.9992211838006231,
    0.9961059190031153,
    0.9894859813084113,
    0.9945482866043613,
    0.9929906542056075
  ],
  "val_acc": [
    0.35202492211838005,
    0.4984423676012461,
    0.5202492211838006,
    0.5202492211838006,
    0.6137071651090342,
    0.5950155763239875,
    0.5607476635514018,
    0.6230529595015576,
    0.5887850467289719,
    0.5996884735202492,
    0.557632398753894,
    0.6261682242990654,
    0.5794392523364486,
    0.6308411214953271,
    0.6230529595015576,
    0.5950155763239875,
    0.6261682242990654,
    0.5856697819314641,
    0.6635514018691588,
    0.6448598130841121,
    0.6137071651090342,
    0.6137071651090342,
    0.6573208722741433,
    0.6448598130841121,
    0.6137071651090342,
    0.6433021806853583,
    0.616822429906542,
    0.618380062305296,
    0.6386292834890965,
    0.6277258566978193
  ]
}