{
  "0": {
    "precision": 1.0,
    "recall": 1.0,
    "f1-score": 1.0,
    "support": 156.0
  },
  "1": {
    "precision": 0.9693877551020408,
    "recall": 0.9895833333333334,
    "f1-score": 0.979381443298969,
    "support": 96.0
  },
  "2": {
    "precision": 0.9814814814814815,
    "recall": 0.9814814814814815,
    "f1-score": 0.9814814814814815,
    "support": 54.0
  },
  "3": {
    "precision": 0.9882352941176471,
    "recall": 1.0,
    "f1-score": 0.9940828402366864,
    "support": 84.0
  },
  "4": {
    "precision": 0.9767441860465116,
    "recall": 1.0,
    "f1-score": 0.9882352941176471,
    "support": 84.0
  },
  "5": {
    "precision": 1.0,
    "recall": 1.0,
    "f1-score": 1.0,
    "support": 96.0
  },
  "6": {
    "precision": 1.0,
    "recall": 0.9305555555555556,
    "f1-score": 0.9640287769784173,
    "support": 72.0
  },
  "accuracy": 0.9890965732087228,
  "macro avg": {
    "precision": 0.9879783881068115,
    "recall": 0.9859457671957672,
    "f1-score": 0.9867442623018859,
    "support": 642.0
  },
  "weighted avg": {
    "precision": 0.9892827115632168,
    "recall": 0.9890965732087228,
    "f1-score": 0.9890115479515748,
    "support": 642.0
  }
}