{
  "0": {
    "precision": 1.0,
    "recall": 1.0,
    "f1-score": 1.0,
    "support": 156.0
  },
  "1": {
    "precision": 0.9504950495049505,
    "recall": 1.0,
    "f1-score": 0.9746192893401016,
    "support": 96.0
  },
  "2": {
    "precision": 0.9454545454545454,
    "recall": 0.9629629629629629,
    "f1-score": 0.9541284403669725,
    "support": 54.0
  },
  "3": {
    "precision": 1.0,
    "recall": 0.9761904761904762,
    "f1-score": 0.9879518072289156,
    "support": 84.0
  },
  "4": {
    "precision": 0.9775280898876404,
    "recall": 0.9666666666666667,
    "f1-score": 0.9720670391061452,
    "support": 90.0
  },
  "5": {
    "precision": 1.0,
    "recall": 1.0,
    "f1-score": 1.0,
    "support": 90.0
  },
  "6": {
    "precision": 0.9710144927536232,
    "recall": 0.9305555555555556,
    "f1-score": 0.950354609929078,
    "support": 72.0
  },
  "accuracy": 0.9813084112149533,
  "macro avg": {
    "precision": 0.9777845968001085,
    "recall": 0.9766250944822373,
    "f1-score": 0.9770173122816017,
    "support": 642.0
  },
  "weighted avg": {
    "precision": 0.9816084762853102,
    "recall": 0.9813084112149533,
    "f1-score": 0.981286456071872,
    "support": 642.0
  }
}