{
  "0": {
    "precision": 0.5573770491803278,
    "recall": 0.604982206405694,
    "f1-score": 0.5802047781569966,
    "support": 281.0
  },
  "1": {
    "precision": 0.7382075471698113,
    "recall": 0.6986607142857143,
    "f1-score": 0.7178899082568807,
    "support": 448.0
  },
  "accuracy": 0.6625514403292181,
  "macro avg": {
    "precision": 0.6477922981750696,
    "recall": 0.6518214603457042,
    "f1-score": 0.6490473432069386,
    "support": 729.0
  },
  "weighted avg": {
    "precision": 0.6685047077527403,
    "recall": 0.6625514403292181,
    "f1-score": 0.6648178622238664,
    "support": 729.0
  }
}