{
  "0": {
    "precision": 0.7972972972972973,
    "recall": 0.8939393939393939,
    "f1-score": 0.8428571428571429,
    "support": 66.0
  },
  "1": {
    "precision": 0.8653846153846154,
    "recall": 0.75,
    "f1-score": 0.8035714285714286,
    "support": 60.0
  },
  "accuracy": 0.8253968253968254,
  "macro avg": {
    "precision": 0.8313409563409564,
    "recall": 0.821969696969697,
    "f1-score": 0.8232142857142857,
    "support": 126.0
  },
  "weighted avg": {
    "precision": 0.8297198297198297,
    "recall": 0.8253968253968254,
    "f1-score": 0.8241496598639456,
    "support": 126.0
  }
}