{
  "0": {
    "precision": 0.4485981308411215,
    "recall": 0.6545454545454545,
    "f1-score": 0.532347504621072,
    "support": 220.0
  },
  "1": {
    "precision": 0.7710843373493976,
    "recall": 0.5912240184757506,
    "f1-score": 0.6692810457516339,
    "support": 433.0
  },
  "accuracy": 0.6125574272588055,
  "macro avg": {
    "precision": 0.6098412340952596,
    "recall": 0.6228847365106025,
    "f1-score": 0.600814275186353,
    "support": 653.0
  },
  "weighted avg": {
    "precision": 0.6624366108075588,
    "recall": 0.6125574272588055,
    "f1-score": 0.6231472340384278,
    "support": 653.0
  }
}