{
  "0": {
    "precision": 0.6285714285714286,
    "recall": 0.7457627118644068,
    "f1-score": 0.6821705426356589,
    "support": 59.0
  },
  "1": {
    "precision": 0.6938775510204082,
    "recall": 0.5666666666666667,
    "f1-score": 0.6238532110091743,
    "support": 60.0
  },
  "accuracy": 0.6554621848739496,
  "macro avg": {
    "precision": 0.6612244897959183,
    "recall": 0.6562146892655367,
    "f1-score": 0.6530118768224167,
    "support": 119.0
  },
  "weighted avg": {
    "precision": 0.6614988852683931,
    "recall": 0.6554621848739496,
    "f1-score": 0.6527668460172634,
    "support": 119.0
  }
}