{
  "0": {
    "precision": 0.5441988950276243,
    "recall": 0.5898203592814372,
    "f1-score": 0.5660919540229885,
    "support": 334.0
  },
  "1": {
    "precision": 0.6864988558352403,
    "recall": 0.6451612903225806,
    "f1-score": 0.6651884700665188,
    "support": 465.0
  },
  "accuracy": 0.6220275344180225,
  "macro avg": {
    "precision": 0.6153488754314322,
    "recall": 0.6174908248020089,
    "f1-score": 0.6156402120447537,
    "support": 799.0
  },
  "weighted avg": {
    "precision": 0.6270142664613433,
    "recall": 0.6220275344180225,
    "f1-score": 0.6237638938981345,
    "support": 799.0
  }
}