{
  "0": {
    "precision": 0.9872611464968153,
    "recall": 0.9935897435897436,
    "f1-score": 0.9904153354632588,
    "support": 156.0
  },
  "1": {
    "precision": 0.946236559139785,
    "recall": 0.9166666666666666,
    "f1-score": 0.9312169312169312,
    "support": 96.0
  },
  "2": {
    "precision": 0.9375,
    "recall": 0.8333333333333334,
    "f1-score": 0.8823529411764706,
    "support": 54.0
  },
  "3": {
    "precision": 0.974025974025974,
    "recall": 0.8928571428571429,
    "f1-score": 0.9316770186335404,
    "support": 84.0
  },
  "4": {
    "precision": 0.9325842696629213,
    "recall": 0.9880952380952381,
    "f1-score": 0.9595375722543352,
    "support": 84.0
  },
  "5": {
    "precision": 0.9313725490196079,
    "recall": 0.9895833333333334,
    "f1-score": 0.9595959595959596,
    "support": 96.0
  },
  "6": {
    "precision": 0.9342105263157895,
    "recall": 0.9861111111111112,
    "f1-score": 0.9594594594594594,
    "support": 72.0
  },
  "accuracy": 0.9532710280373832,
  "macro avg": {
    "precision": 0.9490272892372705,
    "recall": 0.9428909384266527,
    "f1-score": 0.9448936025428508,
    "support": 642.0
  },
  "weighted avg": {
    "precision": 0.9537486473542196,
    "recall": 0.9532710280373832,
    "f1-score": 0.952668217117598,
    "support": 642.0
  }
}