{
  "0": {
    "precision": 1.0,
    "recall": 1.0,
    "f1-score": 1.0,
    "support": 156.0
  },
  "1": {
    "precision": 0.9591836734693877,
    "recall": 0.9791666666666666,
    "f1-score": 0.9690721649484536,
    "support": 96.0
  },
  "2": {
    "precision": 1.0,
    "recall": 0.9074074074074074,
    "f1-score": 0.9514563106796117,
    "support": 54.0
  },
  "3": {
    "precision": 1.0,
    "recall": 1.0,
    "f1-score": 1.0,
    "support": 84.0
  },
  "4": {
    "precision": 0.9882352941176471,
    "recall": 1.0,
    "f1-score": 0.9940828402366864,
    "support": 84.0
  },
  "5": {
    "precision": 1.0,
    "recall": 1.0,
    "f1-score": 1.0,
    "support": 96.0
  },
  "6": {
    "precision": 0.972972972972973,
    "recall": 1.0,
    "f1-score": 0.9863013698630136,
    "support": 72.0
  },
  "accuracy": 0.9890965732087228,
  "macro avg": {
    "precision": 0.9886274200800012,
    "recall": 0.9837962962962964,
    "f1-score": 0.9858446693896808,
    "support": 642.0
  },
  "weighted avg": {
    "precision": 0.9893262483068499,
    "recall": 0.9890965732087228,
    "f1-score": 0.9889816601585192,
    "support": 642.0
  }
}