{
  "0": {
    "precision": 1.0,
    "recall": 0.9651162790697675,
    "f1-score": 0.9822485207100592,
    "support": 86.0
  },
  "1": {
    "precision": 0.9696969696969697,
    "recall": 1.0,
    "f1-score": 0.9846153846153847,
    "support": 96.0
  },
  "accuracy": 0.9835164835164835,
  "macro avg": {
    "precision": 0.9848484848484849,
    "recall": 0.9825581395348837,
    "f1-score": 0.983431952662722,
    "support": 182.0
  },
  "weighted avg": {
    "precision": 0.984015984015984,
    "recall": 0.9835164835164835,
    "f1-score": 0.9834969763963848,
    "support": 182.0
  }
}