{
  "0": {
    "precision": 0.6097560975609756,
    "recall": 0.78125,
    "f1-score": 0.684931506849315,
    "support": 32.0
  },
  "1": {
    "precision": 0.7666666666666667,
    "recall": 0.71875,
    "f1-score": 0.7419354838709677,
    "support": 32.0
  },
  "2": {
    "precision": 0.96875,
    "recall": 0.96875,
    "f1-score": 0.96875,
    "support": 32.0
  },
  "3": {
    "precision": 0.8571428571428571,
    "recall": 0.75,
    "f1-score": 0.8,
    "support": 32.0
  },
  "4": {
    "precision": 0.9333333333333333,
    "recall": 0.875,
    "f1-score": 0.9032258064516129,
    "support": 32.0
  },
  "5": {
    "precision": 0.7894736842105263,
    "recall": 0.9375,
    "f1-score": 0.8571428571428571,
    "support": 32.0
  },
  "6": {
    "precision": 0.9666666666666667,
    "recall": 0.90625,
    "f1-score": 0.9354838709677419,
    "support": 32.0
  },
  "7": {
    "precision": 0.7948717948717948,
    "recall": 0.96875,
    "f1-score": 0.8732394366197183,
    "support": 32.0
  },
  "8": {
    "precision": 0.8888888888888888,
    "recall": 1.0,
    "f1-score": 0.9411764705882353,
    "support": 32.0
  },
  "9": {
    "precision": 1.0,
    "recall": 0.96875,
    "f1-score": 0.9841269841269841,
    "support": 32.0
  },
  "10": {
    "precision": 0.8888888888888888,
    "recall": 1.0,
    "f1-score": 0.9411764705882353,
    "support": 32.0
  },
  "11": {
    "precision": 0.9696969696969697,
    "recall": 1.0,
    "f1-score": 0.9846153846153847,
    "support": 32.0
  },
  "12": {
    "precision": 0.7727272727272727,
    "recall": 0.53125,
    "f1-score": 0.6296296296296297,
    "support": 32.0
  },
  "13": {
    "precision": 0.9629629629629629,
    "recall": 0.8125,
    "f1-score": 0.8813559322033898,
    "support": 32.0
  },
  "14": {
    "precision": 0.675,
    "recall": 0.84375,
    "f1-score": 0.75,
    "support": 32.0
  },
  "15": {
    "precision": 1.0,
    "recall": 0.90625,
    "f1-score": 0.9508196721311475,
    "support": 32.0
  },
  "16": {
    "precision": 0.8666666666666667,
    "recall": 0.8125,
    "f1-score": 0.8387096774193549,
    "support": 32.0
  },
  "17": {
    "precision": 0.896551724137931,
    "recall": 0.8125,
    "f1-score": 0.8524590163934426,
    "support": 32.0
  },
  "18": {
    "precision": 0.6744186046511628,
    "recall": 0.90625,
    "f1-score": 0.7733333333333333,
    "support": 32.0
  },
  "19": {
    "precision": 0.9696969696969697,
    "recall": 1.0,
    "f1-score": 0.9846153846153847,
    "support": 32.0
  },
  "20": {
    "precision": 1.0,
    "recall": 0.96875,
    "f1-score": 0.9841269841269841,
    "support": 32.0
  },
  "21": {
    "precision": 0.6551724137931034,
    "recall": 0.59375,
    "f1-score": 0.6229508196721312,
    "support": 32.0
  },
  "22": {
    "precision": 1.0,
    "recall": 0.8125,
    "f1-score": 0.896551724137931,
    "support": 32.0
  },
  "23": {
    "precision": 0.8823529411764706,
    "recall": 0.9375,
    "f1-score": 0.9090909090909091,
    "support": 32.0
  },
  "24": {
    "precision": 0.8275862068965517,
    "recall": 0.75,
    "f1-score": 0.7868852459016393,
    "support": 32.0
  },
  "25": {
    "precision": 0.9629629629629629,
    "recall": 0.8125,
    "f1-score": 0.8813559322033898,
    "support": 32.0
  },
  "26": {
    "precision": 0.8888888888888888,
    "recall": 1.0,
    "f1-score": 0.9411764705882353,
    "support": 32.0
  },
  "27": {
    "precision": 1.0,
    "recall": 1.0,
    "f1-score": 1.0,
    "support": 32.0
  },
  "28": {
    "precision": 0.7368421052631579,
    "recall": 0.4375,
    "f1-score": 0.5490196078431373,
    "support": 32.0
  },
  "29": {
    "precision": 0.9032258064516129,
    "recall": 0.875,
    "f1-score": 0.8888888888888888,
    "support": 32.0
  },
  "30": {
    "precision": 0.9655172413793104,
    "recall": 0.875,
    "f1-score": 0.9180327868852459,
    "support": 32.0
  },
  "31": {
    "precision": 0.6486486486486487,
    "recall": 0.75,
    "f1-score": 0.6956521739130435,
    "support": 32.0
  },
  "32": {
    "precision": 0.75,
    "recall": 0.46875,
    "f1-score": 0.5769230769230769,
    "support": 32.0
  },
  "33": {
    "precision": 0.6923076923076923,
    "recall": 0.5625,
    "f1-score": 0.6206896551724138,
    "support": 32.0
  },
  "34": {
    "precision": 0.8709677419354839,
    "recall": 0.84375,
    "f1-score": 0.8571428571428571,
    "support": 32.0
  },
  "35": {
    "precision": 0.8648648648648649,
    "recall": 1.0,
    "f1-score": 0.927536231884058,
    "support": 32.0
  },
  "36": {
    "precision": 0.9,
    "recall": 0.84375,
    "f1-score": 0.8709677419354839,
    "support": 32.0
  },
  "37": {
    "precision": 0.8571428571428571,
    "recall": 0.9375,
    "f1-score": 0.8955223880597015,
    "support": 32.0
  },
  "38": {
    "precision": 0.8125,
    "recall": 0.8125,
    "f1-score": 0.8125,
    "support": 32.0
  },
  "39": {
    "precision": 1.0,
    "recall": 0.9375,
    "f1-score": 0.967741935483871,
    "support": 32.0
  },
  "40": {
    "precision": 0.9393939393939394,
    "recall": 0.96875,
    "f1-score": 0.9538461538461539,
    "support": 32.0
  },
  "41": {
    "precision": 0.8571428571428571,
    "recall": 0.9375,
    "f1-score": 0.8955223880597015,
    "support": 32.0
  },
  "42": {
    "precision": 0.8666666666666667,
    "recall": 0.8125,
    "f1-score": 0.8387096774193549,
    "support": 32.0
  },
  "43": {
    "precision": 0.96875,
    "recall": 0.96875,
    "f1-score": 0.96875,
    "support": 32.0
  },
  "44": {
    "precision": 1.0,
    "recall": 0.9375,
    "f1-score": 0.967741935483871,
    "support": 32.0
  },
  "45": {
    "precision": 0.7045454545454546,
    "recall": 0.96875,
    "f1-score": 0.8157894736842105,
    "support": 32.0
  },
  "46": {
    "precision": 0.9642857142857143,
    "recall": 0.84375,
    "f1-score": 0.9,
    "support": 32.0
  },
  "47": {
    "precision": 0.8055555555555556,
    "recall": 0.90625,
    "f1-score": 0.8529411764705882,
    "support": 32.0
  },
  "48": {
    "precision": 0.7435897435897436,
    "recall": 0.90625,
    "f1-score": 0.8169014084507042,
    "support": 32.0
  },
  "49": {
    "precision": 0.7428571428571429,
    "recall": 0.8125,
    "f1-score": 0.7761194029850746,
    "support": 32.0
  },
  "accuracy": 0.855625,
  "macro avg": {
    "precision": 0.8612785498903842,
    "recall": 0.855625,
    "f1-score": 0.8533160792759878,
    "support": 1600.0
  },
  "weighted avg": {
    "precision": 0.8612785498903842,
    "recall": 0.855625,
    "f1-score": 0.8533160792759878,
    "support": 1600.0
  }
}