{
  "0": {
    "precision": 0.9539078156312625,
    "recall": 0.9577464788732394,
    "f1-score": 0.9558232931726908,
    "support": 497.0
  },
  "1": {
    "precision": 0.8409090909090909,
    "recall": 0.8283582089552238,
    "f1-score": 0.8345864661654135,
    "support": 134.0
  },
  "accuracy": 0.93026941362916,
  "macro avg": {
    "precision": 0.8974084532701767,
    "recall": 0.8930523439142316,
    "f1-score": 0.8952048796690522,
    "support": 631.0
  },
  "weighted avg": {
    "precision": 0.9299112560230677,
    "recall": 0.93026941362916,
    "f1-score": 0.930077279196502,
    "support": 631.0
  }
}