{
  "0": {
    "precision": 1.0,
    "recall": 1.0,
    "f1-score": 1.0,
    "support": 150.0
  },
  "1": {
    "precision": 0.9191919191919192,
    "recall": 0.9479166666666666,
    "f1-score": 0.9333333333333333,
    "support": 96.0
  },
  "2": {
    "precision": 0.82,
    "recall": 0.6833333333333333,
    "f1-score": 0.7454545454545455,
    "support": 60.0
  },
  "3": {
    "precision": 0.9882352941176471,
    "recall": 1.0,
    "f1-score": 0.9940828402366864,
    "support": 84.0
  },
  "4": {
    "precision": 0.9382716049382716,
    "recall": 0.9047619047619048,
    "f1-score": 0.9212121212121213,
    "support": 84.0
  },
  "5": {
    "precision": 1.0,
    "recall": 1.0,
    "f1-score": 1.0,
    "support": 96.0
  },
  "6": {
    "precision": 0.8641975308641975,
    "recall": 0.9722222222222222,
    "f1-score": 0.9150326797385621,
    "support": 72.0
  },
  "accuracy": 0.9470404984423676,
  "macro avg": {
    "precision": 0.9328423355874336,
    "recall": 0.9297477324263038,
    "f1-score": 0.9298736457107497,
    "support": 642.0
  },
  "weighted avg": {
    "precision": 0.9462480155534947,
    "recall": 0.9470404984423676,
    "f1-score": 0.9456299103273349,
    "support": 642.0
  }
}