{
  "0": {
    "precision": 0.868421052631579,
    "recall": 0.55,
    "f1-score": 0.673469387755102,
    "support": 60.0
  },
  "1": {
    "precision": 0.6707317073170732,
    "recall": 0.9166666666666666,
    "f1-score": 0.7746478873239436,
    "support": 60.0
  },
  "accuracy": 0.7333333333333333,
  "macro avg": {
    "precision": 0.769576379974326,
    "recall": 0.7333333333333334,
    "f1-score": 0.7240586375395228,
    "support": 120.0
  },
  "weighted avg": {
    "precision": 0.7695763799743262,
    "recall": 0.7333333333333333,
    "f1-score": 0.7240586375395228,
    "support": 120.0
  }
}