{
  "0": {
    "precision": 0.9100204498977505,
    "recall": 0.8953722334004024,
    "f1-score": 0.9026369168356998,
    "support": 497.0
  },
  "1": {
    "precision": 0.6338028169014085,
    "recall": 0.6716417910447762,
    "f1-score": 0.6521739130434783,
    "support": 134.0
  },
  "accuracy": 0.8478605388272583,
  "macro avg": {
    "precision": 0.7719116333995795,
    "recall": 0.7835070122225893,
    "f1-score": 0.777405414939589,
    "support": 631.0
  },
  "weighted avg": {
    "precision": 0.8513625056481312,
    "recall": 0.8478605388272583,
    "f1-score": 0.8494482599289522,
    "support": 631.0
  }
}