{
  "0": {
    "precision": 0.6363636363636364,
    "recall": 0.8305084745762712,
    "f1-score": 0.7205882352941176,
    "support": 59.0
  },
  "1": {
    "precision": 0.7619047619047619,
    "recall": 0.5333333333333333,
    "f1-score": 0.6274509803921569,
    "support": 60.0
  },
  "accuracy": 0.680672268907563,
  "macro avg": {
    "precision": 0.699134199134199,
    "recall": 0.6819209039548022,
    "f1-score": 0.6740196078431373,
    "support": 119.0
  },
  "weighted avg": {
    "precision": 0.6996616828549601,
    "recall": 0.680672268907563,
    "f1-score": 0.6736282748393475,
    "support": 119.0
  }
}