{
  "0": {
    "precision": 1.0,
    "recall": 0.46875,
    "f1-score": 0.6382978723404256,
    "support": 32.0
  },
  "1": {
    "precision": 0.8333333333333334,
    "recall": 0.9375,
    "f1-score": 0.8823529411764706,
    "support": 32.0
  },
  "2": {
    "precision": 1.0,
    "recall": 0.78125,
    "f1-score": 0.8771929824561403,
    "support": 32.0
  },
  "3": {
    "precision": 0.8823529411764706,
    "recall": 0.9375,
    "f1-score": 0.9090909090909091,
    "support": 32.0
  },
  "4": {
    "precision": 0.9666666666666667,
    "recall": 0.90625,
    "f1-score": 0.9354838709677419,
    "support": 32.0
  },
  "5": {
    "precision": 1.0,
    "recall": 0.9375,
    "f1-score": 0.967741935483871,
    "support": 32.0
  },
  "6": {
    "precision": 0.9333333333333333,
    "recall": 0.875,
    "f1-score": 0.9032258064516129,
    "support": 32.0
  },
  "7": {
    "precision": 1.0,
    "recall": 1.0,
    "f1-score": 1.0,
    "support": 32.0
  },
  "8": {
    "precision": 1.0,
    "recall": 1.0,
    "f1-score": 1.0,
    "support": 32.0
  },
  "9": {
    "precision": 0.9565217391304348,
    "recall": 0.6875,
    "f1-score": 0.8,
    "support": 32.0
  },
  "10": {
    "precision": 1.0,
    "recall": 0.84375,
    "f1-score": 0.9152542372881356,
    "support": 32.0
  },
  "11": {
    "precision": 0.7435897435897436,
    "recall": 0.90625,
    "f1-score": 0.8169014084507042,
    "support": 32.0
  },
  "12": {
    "precision": 1.0,
    "recall": 0.75,
    "f1-score": 0.8571428571428571,
    "support": 32.0
  },
  "13": {
    "precision": 0.9696969696969697,
    "recall": 1.0,
    "f1-score": 0.9846153846153847,
    "support": 32.0
  },
  "14": {
    "precision": 0.7209302325581395,
    "recall": 0.96875,
    "f1-score": 0.8266666666666667,
    "support": 32.0
  },
  "15": {
    "precision": 0.9393939393939394,
    "recall": 0.96875,
    "f1-score": 0.9538461538461539,
    "support": 32.0
  },
  "16": {
    "precision": 1.0,
    "recall": 0.96875,
    "f1-score": 0.9841269841269841,
    "support": 32.0
  },
  "17": {
    "precision": 0.8421052631578947,
    "recall": 1.0,
    "f1-score": 0.9142857142857143,
    "support": 32.0
  },
  "18": {
    "precision": 0.8888888888888888,
    "recall": 1.0,
    "f1-score": 0.9411764705882353,
    "support": 32.0
  },
  "19": {
    "precision": 0.9090909090909091,
    "recall": 0.625,
    "f1-score": 0.7407407407407407,
    "support": 32.0
  },
  "20": {
    "precision": 0.9696969696969697,
    "recall": 1.0,
    "f1-score": 0.9846153846153847,
    "support": 32.0
  },
  "21": {
    "precision": 0.9523809523809523,
    "recall": 0.625,
    "f1-score": 0.7547169811320755,
    "support": 32.0
  },
  "22": {
    "precision": 0.75,
    "recall": 0.75,
    "f1-score": 0.75,
    "support": 32.0
  },
  "23": {
    "precision": 0.9354838709677419,
    "recall": 0.90625,
    "f1-score": 0.9206349206349206,
    "support": 32.0
  },
  "24": {
    "precision": 1.0,
    "recall": 0.96875,
    "f1-score": 0.9841269841269841,
    "support": 32.0
  },
  "25": {
    "precision": 0.967741935483871,
    "recall": 0.9375,
    "f1-score": 0.9523809523809523,
    "support": 32.0
  },
  "26": {
    "precision": 0.8648648648648649,
    "recall": 1.0,
    "f1-score": 0.927536231884058,
    "support": 32.0
  },
  "27": {
    "precision": 0.8787878787878788,
    "recall": 0.90625,
    "f1-score": 0.8923076923076924,
    "support": 32.0
  },
  "28": {
    "precision": 0.5882352941176471,
    "recall": 0.9375,
    "f1-score": 0.7228915662650602,
    "support": 32.0
  },
  "29": {
    "precision": 0.84375,
    "recall": 0.84375,
    "f1-score": 0.84375,
    "support": 32.0
  },
  "30": {
    "precision": 0.8275862068965517,
    "recall": 0.75,
    "f1-score": 0.7868852459016393,
    "support": 32.0
  },
  "31": {
    "precision": 0.8823529411764706,
    "recall": 0.9375,
    "f1-score": 0.9090909090909091,
    "support": 32.0
  },
  "32": {
    "precision": 0.9285714285714286,
    "recall": 0.8125,
    "f1-score": 0.8666666666666667,
    "support": 32.0
  },
  "33": {
    "precision": 1.0,
    "recall": 0.78125,
    "f1-score": 0.8771929824561403,
    "support": 32.0
  },
  "34": {
    "precision": 0.9032258064516129,
    "recall": 0.875,
    "f1-score": 0.8888888888888888,
    "support": 32.0
  },
  "35": {
    "precision": 0.8888888888888888,
    "recall": 1.0,
    "f1-score": 0.9411764705882353,
    "support": 32.0
  },
  "36": {
    "precision": 0.6571428571428571,
    "recall": 0.71875,
    "f1-score": 0.6865671641791045,
    "support": 32.0
  },
  "37": {
    "precision": 1.0,
    "recall": 1.0,
    "f1-score": 1.0,
    "support": 32.0
  },
  "38": {
    "precision": 0.967741935483871,
    "recall": 0.9375,
    "f1-score": 0.9523809523809523,
    "support": 32.0
  },
  "39": {
    "precision": 1.0,
    "recall": 0.96875,
    "f1-score": 0.9841269841269841,
    "support": 32.0
  },
  "40": {
    "precision": 1.0,
    "recall": 1.0,
    "f1-score": 1.0,
    "support": 32.0
  },
  "41": {
    "precision": 0.8888888888888888,
    "recall": 1.0,
    "f1-score": 0.9411764705882353,
    "support": 32.0
  },
  "42": {
    "precision": 0.8157894736842105,
    "recall": 0.96875,
    "f1-score": 0.8857142857142857,
    "support": 32.0
  },
  "43": {
    "precision": 0.96875,
    "recall": 0.96875,
    "f1-score": 0.96875,
    "support": 32.0
  },
  "44": {
    "precision": 0.9696969696969697,
    "recall": 1.0,
    "f1-score": 0.9846153846153847,
    "support": 32.0
  },
  "45": {
    "precision": 0.6956521739130435,
    "recall": 1.0,
    "f1-score": 0.8205128205128205,
    "support": 32.0
  },
  "46": {
    "precision": 1.0,
    "recall": 0.8125,
    "f1-score": 0.896551724137931,
    "support": 32.0
  },
  "47": {
    "precision": 0.75,
    "recall": 0.84375,
    "f1-score": 0.7941176470588235,
    "support": 32.0
  },
  "48": {
    "precision": 0.8928571428571429,
    "recall": 0.78125,
    "f1-score": 0.8333333333333334,
    "support": 32.0
  },
  "49": {
    "precision": 0.75,
    "recall": 0.84375,
    "f1-score": 0.7941176470588235,
    "support": 32.0
  },
  "accuracy": 0.88875,
  "macro avg": {
    "precision": 0.9024798087993717,
    "recall": 0.88875,
    "f1-score": 0.8878593845273006,
    "support": 1600.0
  },
  "weighted avg": {
    "precision": 0.9024798087993717,
    "recall": 0.88875,
    "f1-score": 0.8878593845273006,
    "support": 1600.0
  }
}