{
  "0": {
    "precision": 0.5880597014925373,
    "recall": 0.5596590909090909,
    "f1-score": 0.5735080058224163,
    "support": 352.0
  },
  "1": {
    "precision": 0.6578366445916115,
    "recall": 0.6834862385321101,
    "f1-score": 0.6704161979752531,
    "support": 436.0
  },
  "accuracy": 0.6281725888324873,
  "macro avg": {
    "precision": 0.6229481730420744,
    "recall": 0.6215726647206006,
    "f1-score": 0.6219621018988347,
    "support": 788.0
  },
  "weighted avg": {
    "precision": 0.626667248689487,
    "recall": 0.6281725888324873,
    "f1-score": 0.6271272593486052,
    "support": 788.0
  }
}