{
  "0": {
    "precision": 1.0,
    "recall": 1.0,
    "f1-score": 1.0,
    "support": 156.0
  },
  "1": {
    "precision": 0.9411764705882353,
    "recall": 1.0,
    "f1-score": 0.9696969696969697,
    "support": 96.0
  },
  "2": {
    "precision": 0.9591836734693877,
    "recall": 0.8703703703703703,
    "f1-score": 0.912621359223301,
    "support": 54.0
  },
  "3": {
    "precision": 1.0,
    "recall": 0.9880952380952381,
    "f1-score": 0.9940119760479041,
    "support": 84.0
  },
  "4": {
    "precision": 0.9166666666666666,
    "recall": 0.9777777777777777,
    "f1-score": 0.946236559139785,
    "support": 90.0
  },
  "5": {
    "precision": 1.0,
    "recall": 1.0,
    "f1-score": 1.0,
    "support": 90.0
  },
  "6": {
    "precision": 1.0,
    "recall": 0.9166666666666666,
    "f1-score": 0.9565217391304348,
    "support": 72.0
  },
  "accuracy": 0.9750778816199377,
  "macro avg": {
    "precision": 0.9738609729606128,
    "recall": 0.9647014361300076,
    "f1-score": 0.9684412290340564,
    "support": 642.0
  },
  "weighted avg": {
    "precision": 0.9760885662676285,
    "recall": 0.9750778816199377,
    "f1-score": 0.9749226230793819,
    "support": 642.0
  }
}