{
  "0": {
    "precision": 0.52,
    "recall": 0.5909090909090909,
    "f1-score": 0.5531914893617021,
    "support": 220.0
  },
  "1": {
    "precision": 0.7766749379652605,
    "recall": 0.7228637413394919,
    "f1-score": 0.7488038277511961,
    "support": 433.0
  },
  "accuracy": 0.678407350689127,
  "macro avg": {
    "precision": 0.6483374689826302,
    "recall": 0.6568864161242914,
    "f1-score": 0.6509976585564492,
    "support": 653.0
  },
  "weighted avg": {
    "precision": 0.6901994611622632,
    "recall": 0.678407350689127,
    "f1-score": 0.6829007428420251,
    "support": 653.0
  }
}