{
  "0": {
    "precision": 1.0,
    "recall": 0.90625,
    "f1-score": 0.9508196721311475,
    "support": 32.0
  },
  "1": {
    "precision": 0.9393939393939394,
    "recall": 0.96875,
    "f1-score": 0.9538461538461539,
    "support": 32.0
  },
  "2": {
    "precision": 1.0,
    "recall": 1.0,
    "f1-score": 1.0,
    "support": 32.0
  },
  "3": {
    "precision": 0.9666666666666667,
    "recall": 0.90625,
    "f1-score": 0.9354838709677419,
    "support": 32.0
  },
  "4": {
    "precision": 0.9655172413793104,
    "recall": 0.875,
    "f1-score": 0.9180327868852459,
    "support": 32.0
  },
  "5": {
    "precision": 0.9642857142857143,
    "recall": 0.84375,
    "f1-score": 0.9,
    "support": 32.0
  },
  "6": {
    "precision": 0.9666666666666667,
    "recall": 0.90625,
    "f1-score": 0.9354838709677419,
    "support": 32.0
  },
  "7": {
    "precision": 0.9666666666666667,
    "recall": 0.90625,
    "f1-score": 0.9354838709677419,
    "support": 32.0
  },
  "8": {
    "precision": 1.0,
    "recall": 1.0,
    "f1-score": 1.0,
    "support": 32.0
  },
  "9": {
    "precision": 0.9696969696969697,
    "recall": 1.0,
    "f1-score": 0.9846153846153847,
    "support": 32.0
  },
  "10": {
    "precision": 1.0,
    "recall": 1.0,
    "f1-score": 1.0,
    "support": 32.0
  },
  "11": {
    "precision": 0.96875,
    "recall": 0.96875,
    "f1-score": 0.96875,
    "support": 32.0
  },
  "12": {
    "precision": 1.0,
    "recall": 1.0,
    "f1-score": 1.0,
    "support": 32.0
  },
  "13": {
    "precision": 0.8571428571428571,
    "recall": 0.9375,
    "f1-score": 0.8955223880597015,
    "support": 32.0
  },
  "14": {
    "precision": 1.0,
    "recall": 0.9375,
    "f1-score": 0.967741935483871,
    "support": 32.0
  },
  "15": {
    "precision": 0.8205128205128205,
    "recall": 1.0,
    "f1-score": 0.9014084507042254,
    "support": 32.0
  },
  "16": {
    "precision": 0.9393939393939394,
    "recall": 0.96875,
    "f1-score": 0.9538461538461539,
    "support": 32.0
  },
  "17": {
    "precision": 0.8205128205128205,
    "recall": 1.0,
    "f1-score": 0.9014084507042254,
    "support": 32.0
  },
  "18": {
    "precision": 0.9655172413793104,
    "recall": 0.875,
    "f1-score": 0.9180327868852459,
    "support": 32.0
  },
  "19": {
    "precision": 0.9285714285714286,
    "recall": 0.8125,
    "f1-score": 0.8666666666666667,
    "support": 32.0
  },
  "20": {
    "precision": 1.0,
    "recall": 1.0,
    "f1-score": 1.0,
    "support": 32.0
  },
  "21": {
    "precision": 0.7586206896551724,
    "recall": 0.6875,
    "f1-score": 0.7213114754098361,
    "support": 32.0
  },
  "22": {
    "precision": 0.8823529411764706,
    "recall": 0.9375,
    "f1-score": 0.9090909090909091,
    "support": 32.0
  },
  "23": {
    "precision": 0.8709677419354839,
    "recall": 0.84375,
    "f1-score": 0.8571428571428571,
    "support": 32.0
  },
  "24": {
    "precision": 0.7560975609756098,
    "recall": 0.96875,
    "f1-score": 0.8493150684931506,
    "support": 32.0
  },
  "25": {
    "precision": 0.9642857142857143,
    "recall": 0.84375,
    "f1-score": 0.9,
    "support": 32.0
  },
  "26": {
    "precision": 0.9142857142857143,
    "recall": 1.0,
    "f1-score": 0.9552238805970149,
    "support": 32.0
  },
  "27": {
    "precision": 0.9696969696969697,
    "recall": 1.0,
    "f1-score": 0.9846153846153847,
    "support": 32.0
  },
  "28": {
    "precision": 0.9166666666666666,
    "recall": 0.6875,
    "f1-score": 0.7857142857142857,
    "support": 32.0
  },
  "29": {
    "precision": 0.875,
    "recall": 0.875,
    "f1-score": 0.875,
    "support": 32.0
  },
  "30": {
    "precision": 0.967741935483871,
    "recall": 0.9375,
    "f1-score": 0.9523809523809523,
    "support": 32.0
  },
  "31": {
    "precision": 0.9142857142857143,
    "recall": 1.0,
    "f1-score": 0.9552238805970149,
    "support": 32.0
  },
  "32": {
    "precision": 0.967741935483871,
    "recall": 0.9375,
    "f1-score": 0.9523809523809523,
    "support": 32.0
  },
  "33": {
    "precision": 0.9310344827586207,
    "recall": 0.84375,
    "f1-score": 0.8852459016393442,
    "support": 32.0
  },
  "34": {
    "precision": 0.9393939393939394,
    "recall": 0.96875,
    "f1-score": 0.9538461538461539,
    "support": 32.0
  },
  "35": {
    "precision": 1.0,
    "recall": 1.0,
    "f1-score": 1.0,
    "support": 32.0
  },
  "36": {
    "precision": 0.9142857142857143,
    "recall": 1.0,
    "f1-score": 0.9552238805970149,
    "support": 32.0
  },
  "37": {
    "precision": 1.0,
    "recall": 0.96875,
    "f1-score": 0.9841269841269841,
    "support": 32.0
  },
  "38": {
    "precision": 0.9393939393939394,
    "recall": 0.96875,
    "f1-score": 0.9538461538461539,
    "support": 32.0
  },
  "39": {
    "precision": 0.9285714285714286,
    "recall": 0.8125,
    "f1-score": 0.8666666666666667,
    "support": 32.0
  },
  "40": {
    "precision": 1.0,
    "recall": 0.96875,
    "f1-score": 0.9841269841269841,
    "support": 32.0
  },
  "41": {
    "precision": 0.9411764705882353,
    "recall": 1.0,
    "f1-score": 0.9696969696969697,
    "support": 32.0
  },
  "42": {
    "precision": 0.90625,
    "recall": 0.90625,
    "f1-score": 0.90625,
    "support": 32.0
  },
  "43": {
    "precision": 0.9142857142857143,
    "recall": 1.0,
    "f1-score": 0.9552238805970149,
    "support": 32.0
  },
  "44": {
    "precision": 1.0,
    "recall": 1.0,
    "f1-score": 1.0,
    "support": 32.0
  },
  "45": {
    "precision": 0.8378378378378378,
    "recall": 0.96875,
    "f1-score": 0.8985507246376812,
    "support": 32.0
  },
  "46": {
    "precision": 0.8888888888888888,
    "recall": 1.0,
    "f1-score": 0.9411764705882353,
    "support": 32.0
  },
  "47": {
    "precision": 0.90625,
    "recall": 0.90625,
    "f1-score": 0.90625,
    "support": 32.0
  },
  "48": {
    "precision": 1.0,
    "recall": 0.6875,
    "f1-score": 0.8148148148148148,
    "support": 32.0
  },
  "49": {
    "precision": 0.8648648648648649,
    "recall": 1.0,
    "f1-score": 0.927536231884058,
    "support": 32.0
  },
  "accuracy": 0.930625,
  "macro avg": {
    "precision": 0.934185436741391,
    "recall": 0.930625,
    "f1-score": 0.9297424781244337,
    "support": 1600.0
  },
  "weighted avg": {
    "precision": 0.934185436741391,
    "recall": 0.930625,
    "f1-score": 0.9297424781244337,
    "support": 1600.0
  }
}