{
  "0": {
    "precision": 0.9868421052631579,
    "recall": 1.0,
    "f1-score": 0.9933774834437086,
    "support": 150.0
  },
  "1": {
    "precision": 0.85,
    "recall": 0.8854166666666666,
    "f1-score": 0.8673469387755102,
    "support": 96.0
  },
  "2": {
    "precision": 0.9122807017543859,
    "recall": 0.9629629629629629,
    "f1-score": 0.9369369369369369,
    "support": 54.0
  },
  "3": {
    "precision": 0.9882352941176471,
    "recall": 1.0,
    "f1-score": 0.9940828402366864,
    "support": 84.0
  },
  "4": {
    "precision": 0.9878048780487805,
    "recall": 0.9642857142857143,
    "f1-score": 0.9759036144578314,
    "support": 84.0
  },
  "5": {
    "precision": 1.0,
    "recall": 0.90625,
    "f1-score": 0.9508196721311475,
    "support": 96.0
  },
  "6": {
    "precision": 0.8987341772151899,
    "recall": 0.9102564102564102,
    "f1-score": 0.9044585987261147,
    "support": 78.0
  },
  "accuracy": 0.9501557632398754,
  "macro avg": {
    "precision": 0.9462710223427374,
    "recall": 0.9470245363102505,
    "f1-score": 0.9461322978154193,
    "support": 642.0
  },
  "weighted avg": {
    "precision": 0.9516793052476249,
    "recall": 0.9501557632398754,
    "f1-score": 0.9504234340392,
    "support": 642.0
  }
}