{
  "0": {
    "precision": 1.0,
    "recall": 1.0,
    "f1-score": 1.0,
    "support": 156.0
  },
  "1": {
    "precision": 0.9693877551020408,
    "recall": 0.9895833333333334,
    "f1-score": 0.979381443298969,
    "support": 96.0
  },
  "2": {
    "precision": 0.9622641509433962,
    "recall": 0.9444444444444444,
    "f1-score": 0.9532710280373832,
    "support": 54.0
  },
  "3": {
    "precision": 1.0,
    "recall": 1.0,
    "f1-score": 1.0,
    "support": 84.0
  },
  "4": {
    "precision": 0.9879518072289156,
    "recall": 0.9761904761904762,
    "f1-score": 0.9820359281437125,
    "support": 84.0
  },
  "5": {
    "precision": 1.0,
    "recall": 1.0,
    "f1-score": 1.0,
    "support": 96.0
  },
  "6": {
    "precision": 1.0,
    "recall": 1.0,
    "f1-score": 1.0,
    "support": 72.0
  },
  "accuracy": 0.9906542056074766,
  "macro avg": {
    "precision": 0.9885148161820504,
    "recall": 0.9871740362811792,
    "f1-score": 0.9878126284971521,
    "support": 642.0
  },
  "weighted avg": {
    "precision": 0.9906720256198882,
    "recall": 0.9906542056074766,
    "f1-score": 0.9906359377488966,
    "support": 642.0
  }
}