{
  "0": {
    "precision": 0.9372549019607843,
    "recall": 0.9617706237424547,
    "f1-score": 0.9493545183714002,
    "support": 497.0
  },
  "1": {
    "precision": 0.8429752066115702,
    "recall": 0.7611940298507462,
    "f1-score": 0.8,
    "support": 134.0
  },
  "accuracy": 0.919175911251981,
  "macro avg": {
    "precision": 0.8901150542861773,
    "recall": 0.8614823267966005,
    "f1-score": 0.8746772591857002,
    "support": 631.0
  },
  "weighted avg": {
    "precision": 0.9172335403493822,
    "recall": 0.919175911251981,
    "f1-score": 0.9176373940262852,
    "support": 631.0
  }
}