{
  "0": {
    "precision": 1.0,
    "recall": 0.9935897435897436,
    "f1-score": 0.9967845659163987,
    "support": 156.0
  },
  "1": {
    "precision": 0.9791666666666666,
    "recall": 0.9791666666666666,
    "f1-score": 0.9791666666666666,
    "support": 96.0
  },
  "2": {
    "precision": 1.0,
    "recall": 0.9259259259259259,
    "f1-score": 0.9615384615384616,
    "support": 54.0
  },
  "3": {
    "precision": 0.9882352941176471,
    "recall": 1.0,
    "f1-score": 0.9940828402366864,
    "support": 84.0
  },
  "4": {
    "precision": 0.9767441860465116,
    "recall": 1.0,
    "f1-score": 0.9882352941176471,
    "support": 84.0
  },
  "5": {
    "precision": 0.9896907216494846,
    "recall": 1.0,
    "f1-score": 0.9948186528497409,
    "support": 96.0
  },
  "6": {
    "precision": 0.9863013698630136,
    "recall": 1.0,
    "f1-score": 0.993103448275862,
    "support": 72.0
  },
  "accuracy": 0.9890965732087228,
  "macro avg": {
    "precision": 0.988591176906189,
    "recall": 0.985526048026048,
    "f1-score": 0.9868185613716377,
    "support": 642.0
  },
  "weighted avg": {
    "precision": 0.9892247418104001,
    "recall": 0.9890965732087228,
    "f1-score": 0.989006591029963,
    "support": 642.0
  }
}