{
  "0": {
    "precision": 0.8888888888888888,
    "recall": 0.9887640449438202,
    "f1-score": 0.9361702127659575,
    "support": 89.0
  },
  "1": {
    "precision": 0.9921259842519685,
    "recall": 0.9197080291970803,
    "f1-score": 0.9545454545454546,
    "support": 137.0
  },
  "accuracy": 0.9469026548672567,
  "macro avg": {
    "precision": 0.9405074365704287,
    "recall": 0.9542360370704502,
    "f1-score": 0.945357833655706,
    "support": 226.0
  },
  "weighted avg": {
    "precision": 0.9514706679364194,
    "recall": 0.9469026548672567,
    "f1-score": 0.9473091867650331,
    "support": 226.0
  }
}