{
  "train_loss": [
    0.9404015710049329,
    0.05720539069574941,
    0.03113776049939364,
    0.005860642137621004,
    0.0037120530690788944,
    0.015309894300788362,
    0.012122701395105722,
    0.0036038478241284667,
    0.0007872255491832637,
    0.00045601720957961687,
    0.007449202693932083,
    0.005233849202952931,
    0.012796177524446605,
    0.017761221582017768,
    0.017590733206935365,
    0.0034745308060838763,
    0.0024325424271078658,
    0.008406394961865973,
    0.041260201497020844,
    0.010598915742965549,
    0.023767656758369594,
    0.045315336586901706,
    0.012941220789027874,
    0.0012452069545205323,
    0.0006470130894309914,
    0.0004291381743864223,
    0.001275731134047076,
    0.006903811116380809,
    0.00112359004161927,
    0.0003722928871684983
  ],
  "val_loss": [
    0.15189193769407422,
    0.11612638666924101,
    0.12271313716271584,
    0.07138793779112039,
    0.11291333030244899,
    0.13066807071275058,
    0.17118087419630768,
    0.09767891102067175,
    0.08901820522936126,
    0.07044743625860592,
    0.16662582621555716,
    0.3079224945986397,
    0.12083051107316843,
    0.18745041951954922,
    0.15733302139562505,
    0.13140139660839356,
    0.10337269403159363,
    0.08237481786527837,
    0.10519623913224845,
    0.11957314095207464,
    0.26960381294812463,
    0.11037667981360537,
    0.12154012824469637,
    0.12127653293810622,
    0.1305207264297018,
    0.12041760119319403,
    0.18049124320983492,
    0.12602152619684967,
    0.11994570546211948,
    0.13491792932756222
  ],
  "train_acc": [
    0.6795171339563862,
    0.9832554517133957,
    0.9906542056074766,
    0.9988317757009346,
    0.9992211838006231,
    0.9961059190031153,
    0.9964953271028038,
    0.9996105919003115,
    1.0,
    1.0,
    0.9980529595015576,
    0.9984423676012462,
    0.9961059190031153,
    0.9953271028037384,
    0.9937694704049844,
    0.9992211838006231,
    0.9992211838006231,
    0.9980529595015576,
    0.9910436137071651,
    0.9968847352024922,
    0.9945482866043613,
    0.9836448598130841,
    0.9968847352024922,
    1.0,
    1.0,
    1.0,
    0.9992211838006231,
    0.9980529595015576,
    1.0,
    1.0
  ],
  "val_acc": [
    0.9439252336448598,
    0.9610591900311527,
    0.9532710280373832,
    0.9735202492211839,
    0.9704049844236761,
    0.9517133956386293,
    0.942367601246106,
    0.9626168224299065,
    0.9688473520249221,
    0.9766355140186916,
    0.9501557632398754,
    0.9236760124610592,
    0.9641744548286605,
    0.9439252336448598,
    0.9517133956386293,
    0.9579439252336449,
    0.9657320872274143,
    0.9688473520249221,
    0.9704049844236761,
    0.9610591900311527,
    0.9205607476635514,
    0.9688473520249221,
    0.9704049844236761,
    0.9750778816199377,
    0.9719626168224299,
    0.9750778816199377,
    0.956386292834891,
    0.9672897196261683,
    0.9657320872274143,
    0.9641744548286605
  ]
}