{
  "final_val_acc": 0.9641744548286605,
  "top3_acc": 0.9922118380062306,
  "auc_macro": 0.998451431476318,
  "macro_f1": 0.9580445316794984,
  "macro_precision": 0.9648126898325724,
  "macro_recall": 0.9541688470259898,
  "weighted_f1": 0.9638937549674165,
  "per_class_metrics": {
    "0": {
      "precision": 1.0,
      "recall": 0.9807692307692307,
      "f1-score": 0.9902912621359223,
      "support": 156
    },
    "1": {
      "precision": 0.92,
      "recall": 0.9583333333333334,
      "f1-score": 0.9387755102040817,
      "support": 96
    },
    "2": {
      "precision": 1.0,
      "recall": 0.8333333333333334,
      "f1-score": 0.9090909090909091,
      "support": 54
    },
    "3": {
      "precision": 0.9655172413793104,
      "recall": 1.0,
      "f1-score": 0.9824561403508771,
      "support": 84
    },
    "4": {
      "precision": 0.9879518072289156,
      "recall": 0.9761904761904762,
      "f1-score": 0.9820359281437125,
      "support": 84
    },
    "5": {
      "precision": 0.9230769230769231,
      "recall": 1.0,
      "f1-score": 0.96,
      "support": 96
    },
    "6": {
      "precision": 0.9571428571428572,
      "recall": 0.9305555555555556,
      "f1-score": 0.9436619718309859,
      "support": 72
    },
    "macro avg": {
      "precision": 0.9648126898325724,
      "recall": 0.9541688470259898,
      "f1-score": 0.9580445316794984,
      "support": 642
    },
    "weighted avg": {
      "precision": 0.9656402965930861,
      "recall": 0.9641744548286605,
      "f1-score": 0.9638937549674165,
      "support": 642
    }
  }
}