{
  "train_loss": [
    1.5271024217486753,
    0.7522153468146874,
    0.29369904801852975,
    0.14825906541859993,
    0.13892787342130952,
    0.12725274719738885,
    0.0963823669517523,
    0.06697511552859133,
    0.020508787284294765,
    0.03440385661160463,
    0.05235644335919452,
    0.020460173522479065,
    0.0378109341968907,
    0.06146757110860489,
    0.030026752107147114,
    0.050318554867743705,
    0.08502055732446297,
    0.06521614891624897,
    0.018833744114792886,
    0.012523710544908716,
    0.04160333252468399,
    0.09153973265345038,
    0.059439653246387884,
    0.04603086333037165,
    0.028534748896120864,
    0.0060958901965683125,
    0.004369456722833379,
    0.005098696557458235,
    0.0038414471340293176,
    0.015770780359252685
  ],
  "val_loss": [
    1.8438546531296964,
    1.3530643931430448,
    1.3578007354914585,
    1.351364542762067,
    1.3587919696469173,
    1.6316459602284654,
    1.392043408853614,
    1.5059507570905477,
    1.4918457994765582,
    1.5169973047537224,
    1.7882301286443185,
    1.5682334103781115,
    1.7334609059529884,
    1.6789171195290171,
    1.4977640994241304,
    1.5883962686095283,
    1.5424224962697966,
    1.5600550588789015,
    1.5152759345196118,
    1.6667065364642306,
    1.7208181018027189,
    1.6091343950352566,
    1.7429184973054215,
    1.6578017840875643,
    1.5458601267538339,
    1.486995163272103,
    1.5500998311325025,
    1.6634738622610443,
    1.7090020922949751,
    2.102938192284367
  ],
  "train_acc": [
    0.41549844236760125,
    0.7406542056074766,
    0.9010903426791277,
    0.9509345794392523,
    0.9548286604361371,
    0.9559968847352025,
    0.9692367601246106,
    0.9820872274143302,
    0.9937694704049844,
    0.9906542056074766,
    0.9863707165109035,
    0.993380062305296,
    0.9875389408099688,
    0.9836448598130841,
    0.991822429906542,
    0.9820872274143302,
    0.9754672897196262,
    0.9797507788161994,
    0.9957165109034268,
    0.9961059190031153,
    0.9883177570093458,
    0.9742990654205608,
    0.9820872274143302,
    0.9871495327102804,
    0.9910436137071651,
    0.9984423676012462,
    0.9996105919003115,
    0.9988317757009346,
    0.9992211838006231,
    0.9953271028037384
  ],
  "val_acc": [
    0.3395638629283489,
    0.4984423676012461,
    0.5685358255451713,
    0.6246105919003115,
    0.6292834890965732,
    0.6214953271028038,
    0.6137071651090342,
    0.6152647975077882,
    0.616822429906542,
    0.5903426791277259,
    0.5965732087227414,
    0.6152647975077882,
    0.573208722741433,
    0.6121495327102804,
    0.6043613707165109,
    0.5669781931464174,
    0.616822429906542,
    0.6012461059190031,
    0.6199376947040498,
    0.616822429906542,
    0.5934579439252337,
    0.6105919003115264,
    0.5887850467289719,
    0.6043613707165109,
    0.6152647975077882,
    0.6152647975077882,
    0.6043613707165109,
    0.618380062305296,
    0.6199376947040498,
    0.5841121495327103
  ]
}