{
  "final_val_acc": 0.5841121495327103,
  "top3_acc": 0.8940809968847352,
  "auc_macro": 0.8793799968883896,
  "macro_f1": 0.5258781470688928,
  "macro_precision": 0.5759952834035099,
  "macro_recall": 0.5452024827024827,
  "weighted_f1": 0.5605299978247261,
  "per_class_metrics": {
    "0": {
      "precision": 0.7777777777777778,
      "recall": 0.8974358974358975,
      "f1-score": 0.8333333333333334,
      "support": 156
    },
    "1": {
      "precision": 0.5526315789473685,
      "recall": 0.21875,
      "f1-score": 0.31343283582089554,
      "support": 96
    },
    "2": {
      "precision": 0.5666666666666667,
      "recall": 0.3148148148148148,
      "f1-score": 0.40476190476190477,
      "support": 54
    },
    "3": {
      "precision": 0.7,
      "recall": 0.4166666666666667,
      "f1-score": 0.5223880597014925,
      "support": 84
    },
    "4": {
      "precision": 0.5147058823529411,
      "recall": 0.4166666666666667,
      "f1-score": 0.4605263157894737,
      "support": 84
    },
    "5": {
      "precision": 0.45864661654135336,
      "recall": 0.6354166666666666,
      "f1-score": 0.5327510917030568,
      "support": 96
    },
    "6": {
      "precision": 0.46153846153846156,
      "recall": 0.9166666666666666,
      "f1-score": 0.6139534883720931,
      "support": 72
    },
    "macro avg": {
      "precision": 0.5759952834035099,
      "recall": 0.5452024827024827,
      "f1-score": 0.5258781470688928,
      "support": 642
    },
    "weighted avg": {
      "precision": 0.5985702545929391,
      "recall": 0.5841121495327103,
      "f1-score": 0.5605299978247261,
      "support": 642
    }
  }
}