{
  "0": {
    "precision": 1.0,
    "recall": 1.0,
    "f1-score": 1.0,
    "support": 156.0
  },
  "1": {
    "precision": 0.94,
    "recall": 0.9791666666666666,
    "f1-score": 0.9591836734693877,
    "support": 96.0
  },
  "2": {
    "precision": 0.8392857142857143,
    "recall": 0.8703703703703703,
    "f1-score": 0.8545454545454545,
    "support": 54.0
  },
  "3": {
    "precision": 1.0,
    "recall": 1.0,
    "f1-score": 1.0,
    "support": 84.0
  },
  "4": {
    "precision": 0.9868421052631579,
    "recall": 0.8928571428571429,
    "f1-score": 0.9375,
    "support": 84.0
  },
  "5": {
    "precision": 1.0,
    "recall": 1.0,
    "f1-score": 1.0,
    "support": 96.0
  },
  "6": {
    "precision": 0.972972972972973,
    "recall": 1.0,
    "f1-score": 0.9863013698630136,
    "support": 72.0
  },
  "accuracy": 0.9719626168224299,
  "macro avg": {
    "precision": 0.9627286846459778,
    "recall": 0.9631991685563114,
    "f1-score": 0.9625043568396937,
    "support": 642.0
  },
  "weighted avg": {
    "precision": 0.9727573511956199,
    "recall": 0.9719626168224299,
    "f1-score": 0.9719482645306118,
    "support": 642.0
  }
}