{
  "train_loss": [
    1.7315044900774956,
    0.259267583116889,
    0.07786881129257381,
    0.03806598323397339,
    0.04666143397800624,
    0.02338067791890353,
    0.02006726825842634,
    0.01439782015280798,
    0.0207572749000974,
    0.03416753363329917,
    0.03230497055919841,
    0.03215566761326045,
    0.02700395687716082,
    0.016687654568813742,
    0.007453822001407389,
    0.009303687704959884,
    0.009198999822983752,
    0.003997011438477784,
    0.004452071417472325,
    0.0023979795553168513,
    0.00066121849049523,
    0.012130036719318013,
    0.015619078348972835,
    0.022975463126786052,
    0.0329269960167585,
    0.02673452690592967,
    0.021862289485288785,
    0.017830813664477318,
    0.008424375765171134,
    0.0034161898399179334
  ],
  "val_loss": [
    1.0123581039905547,
    0.7415026783943176,
    0.7066994309425354,
    0.6808341431617737,
    0.6132795104384422,
    0.5973319730162621,
    0.6564016661047936,
    0.6279099310934544,
    0.6557584011554718,
    0.6723675227165222,
    0.6341739270091057,
    0.520611807256937,
    0.6182278673350811,
    0.5005091673135758,
    0.48915030047297475,
    0.5377675899863243,
    0.5089148354530334,
    0.513877936154604,
    0.5058988453447819,
    0.4737791948765516,
    0.47968217097222804,
    0.5527585013210774,
    0.5608088570833206,
    0.5457272678613663,
    0.6188161307573319,
    0.542941745519638,
    0.573719644844532,
    0.5436476305127144,
    0.4599200612306595,
    0.5560932058095932
  ],
  "train_acc": [
    0.55921875,
    0.92765625,
    0.98078125,
    0.9903125,
    0.98859375,
    0.99421875,
    0.99453125,
    0.996875,
    0.9946875,
    0.99171875,
    0.99078125,
    0.99109375,
    0.9925,
    0.99609375,
    0.99859375,
    0.9978125,
    0.998125,
    0.99953125,
    0.9984375,
    0.9996875,
    0.99984375,
    0.9971875,
    0.99546875,
    0.9940625,
    0.99125,
    0.993125,
    0.994375,
    0.99609375,
    0.998125,
    0.9990625
  ],
  "val_acc": [
    0.7075,
    0.790625,
    0.81,
    0.816875,
    0.8275,
    0.84,
    0.8325,
    0.8425,
    0.8275,
    0.835625,
    0.825625,
    0.858125,
    0.844375,
    0.864375,
    0.8775,
    0.865,
    0.864375,
    0.870625,
    0.86625,
    0.879375,
    0.875625,
    0.8575,
    0.850625,
    0.85,
    0.83875,
    0.855625,
    0.84875,
    0.868125,
    0.879375,
    0.87
  ]
}