{
  "final_val_acc": 0.87,
  "top3_acc": 0.956875,
  "auc_macro": 0.9969471460459185,
  "macro_f1": 0.8701163927837711,
  "macro_precision": 0.8935544634757955,
  "macro_recall": 0.87,
  "weighted_f1": 0.8701163927837711,
  "per_class_metrics": {
    "0": {
      "precision": 0.9310344827586207,
      "recall": 0.84375,
      "f1-score": 0.8852459016393442,
      "support": 32
    },
    "1": {
      "precision": 0.8055555555555556,
      "recall": 0.90625,
      "f1-score": 0.8529411764705882,
      "support": 32
    },
    "2": {
      "precision": 1.0,
      "recall": 0.9375,
      "f1-score": 0.967741935483871,
      "support": 32
    },
    "3": {
      "precision": 1.0,
      "recall": 0.875,
      "f1-score": 0.9333333333333333,
      "support": 32
    },
    "4": {
      "precision": 0.9411764705882353,
      "recall": 1.0,
      "f1-score": 0.9696969696969697,
      "support": 32
    },
    "5": {
      "precision": 0.8333333333333334,
      "recall": 0.9375,
      "f1-score": 0.8823529411764706,
      "support": 32
    },
    "6": {
      "precision": 1.0,
      "recall": 0.90625,
      "f1-score": 0.9508196721311475,
      "support": 32
    },
    "7": {
      "precision": 1.0,
      "recall": 0.9375,
      "f1-score": 0.967741935483871,
      "support": 32
    },
    "8": {
      "precision": 1.0,
      "recall": 1.0,
      "f1-score": 1.0,
      "support": 32
    },
    "9": {
      "precision": 0.96,
      "recall": 0.75,
      "f1-score": 0.8421052631578947,
      "support": 32
    },
    "10": {
      "precision": 1.0,
      "recall": 1.0,
      "f1-score": 1.0,
      "support": 32
    },
    "11": {
      "precision": 0.7380952380952381,
      "recall": 0.96875,
      "f1-score": 0.8378378378378378,
      "support": 32
    },
    "12": {
      "precision": 0.8,
      "recall": 0.875,
      "f1-score": 0.835820895522388,
      "support": 32
    },
    "13": {
      "precision": 0.9696969696969697,
      "recall": 1.0,
      "f1-score": 0.9846153846153847,
      "support": 32
    },
    "14": {
      "precision": 0.9032258064516129,
      "recall": 0.875,
      "f1-score": 0.8888888888888888,
      "support": 32
    },
    "15": {
      "precision": 0.9411764705882353,
      "recall": 1.0,
      "f1-score": 0.9696969696969697,
      "support": 32
    },
    "16": {
      "precision": 0.8571428571428571,
      "recall": 0.9375,
      "f1-score": 0.8955223880597015,
      "support": 32
    },
    "17": {
      "precision": 1.0,
      "recall": 0.75,
      "f1-score": 0.8571428571428571,
      "support": 32
    },
    "18": {
      "precision": 0.6756756756756757,
      "recall": 0.78125,
      "f1-score": 0.7246376811594203,
      "support": 32
    },
    "19": {
      "precision": 0.9285714285714286,
      "recall": 0.8125,
      "f1-score": 0.8666666666666667,
      "support": 32
    },
    "20": {
      "precision": 1.0,
      "recall": 0.90625,
      "f1-score": 0.9508196721311475,
      "support": 32
    },
    "21": {
      "precision": 0.6333333333333333,
      "recall": 0.59375,
      "f1-score": 0.6129032258064516,
      "support": 32
    },
    "22": {
      "precision": 0.8857142857142857,
      "recall": 0.96875,
      "f1-score": 0.9253731343283582,
      "support": 32
    },
    "23": {
      "precision": 1.0,
      "recall": 0.84375,
      "f1-score": 0.9152542372881356,
      "support": 32
    },
    "24": {
      "precision": 0.8157894736842105,
      "recall": 0.96875,
      "f1-score": 0.8857142857142857,
      "support": 32
    },
    "25": {
      "precision": 1.0,
      "recall": 0.78125,
      "f1-score": 0.8771929824561403,
      "support": 32
    },
    "26": {
      "precision": 0.7619047619047619,
      "recall": 1.0,
      "f1-score": 0.8648648648648649,
      "support": 32
    },
    "27": {
      "precision": 0.9666666666666667,
      "recall": 0.90625,
      "f1-score": 0.9354838709677419,
      "support": 32
    },
    "28": {
      "precision": 0.96,
      "recall": 0.75,
      "f1-score": 0.8421052631578947,
      "support": 32
    },
    "29": {
      "precision": 1.0,
      "recall": 0.5,
      "f1-score": 0.6666666666666666,
      "support": 32
    },
    "30": {
      "precision": 0.9310344827586207,
      "recall": 0.84375,
      "f1-score": 0.8852459016393442,
      "support": 32
    },
    "31": {
      "precision": 0.8235294117647058,
      "recall": 0.875,
      "f1-score": 0.8484848484848485,
      "support": 32
    },
    "32": {
      "precision": 0.8,
      "recall": 0.75,
      "f1-score": 0.7741935483870968,
      "support": 32
    },
    "33": {
      "precision": 0.7916666666666666,
      "recall": 0.59375,
      "f1-score": 0.6785714285714286,
      "support": 32
    },
    "34": {
      "precision": 0.8,
      "recall": 0.75,
      "f1-score": 0.7741935483870968,
      "support": 32
    },
    "35": {
      "precision": 0.8888888888888888,
      "recall": 1.0,
      "f1-score": 0.9411764705882353,
      "support": 32
    },
    "36": {
      "precision": 0.9375,
      "recall": 0.46875,
      "f1-score": 0.625,
      "support": 32
    },
    "37": {
      "precision": 0.8421052631578947,
      "recall": 1.0,
      "f1-score": 0.9142857142857143,
      "support": 32
    },
    "38": {
      "precision": 0.9375,
      "recall": 0.9375,
      "f1-score": 0.9375,
      "support": 32
    },
    "39": {
      "precision": 0.9393939393939394,
      "recall": 0.96875,
      "f1-score": 0.9538461538461539,
      "support": 32
    },
    "40": {
      "precision": 1.0,
      "recall": 0.9375,
      "f1-score": 0.967741935483871,
      "support": 32
    },
    "41": {
      "precision": 0.7948717948717948,
      "recall": 0.96875,
      "f1-score": 0.8732394366197183,
      "support": 32
    },
    "42": {
      "precision": 0.9,
      "recall": 0.84375,
      "f1-score": 0.8709677419354839,
      "support": 32
    },
    "43": {
      "precision": 1.0,
      "recall": 0.96875,
      "f1-score": 0.9841269841269841,
      "support": 32
    },
    "44": {
      "precision": 0.9411764705882353,
      "recall": 1.0,
      "f1-score": 0.9696969696969697,
      "support": 32
    },
    "45": {
      "precision": 1.0,
      "recall": 0.4375,
      "f1-score": 0.6086956521739131,
      "support": 32
    },
    "46": {
      "precision": 0.90625,
      "recall": 0.90625,
      "f1-score": 0.90625,
      "support": 32
    },
    "47": {
      "precision": 0.7894736842105263,
      "recall": 0.9375,
      "f1-score": 0.8571428571428571,
      "support": 32
    },
    "48": {
      "precision": 0.9411764705882353,
      "recall": 1.0,
      "f1-score": 0.9696969696969697,
      "support": 32
    },
    "49": {
      "precision": 0.4050632911392405,
      "recall": 1.0,
      "f1-score": 0.5765765765765766,
      "support": 32
    },
    "macro avg": {
      "precision": 0.8935544634757955,
      "recall": 0.87,
      "f1-score": 0.8701163927837711,
      "support": 1600
    },
    "weighted avg": {
      "precision": 0.8935544634757955,
      "recall": 0.87,
      "f1-score": 0.8701163927837711,
      "support": 1600
    }
  }
}