{
  "train_loss": [
    0.8781598933574938,
    0.06495088431694054,
    0.019606655556418443,
    0.006016891333637208,
    0.029727827328202137,
    0.015859811983834314,
    0.014938807811274707,
    0.023940028985411022,
    0.008135906292990176,
    0.006500317600506396,
    0.05724308506014098,
    0.005991771371855264,
    0.008753855589043198,
    0.019482714855880986,
    0.00718937259068788,
    0.007463066228679918,
    0.012998550647225614,
    0.0037397535545374283,
    0.01741712009578666,
    0.0060289710220834385,
    0.03996048524549283,
    0.001893281280041333,
    0.0007486644676433893,
    0.0005746763507832666,
    0.0008653911939282493,
    0.007416408390787392,
    0.008136246338155921,
    0.003841296270289502,
    0.010378605481585331,
    0.0317714417257529
  ],
  "val_loss": [
    0.34234430741031313,
    0.15669725450028513,
    0.14453955642252325,
    0.2306846282807559,
    0.118003454988509,
    0.1871802932590049,
    0.30078682897618253,
    0.12238706038347982,
    0.1072304444061157,
    0.13475647843094699,
    0.17346876172633185,
    0.15867768947435457,
    0.3261722411011633,
    0.16971292526597545,
    0.13686985979629157,
    0.21171347610362315,
    0.1788977818036629,
    0.15484465965043717,
    0.21845266137174563,
    0.19726807549923137,
    0.15957869477065953,
    0.11651971847895538,
    0.1232000412937142,
    0.12784577900383512,
    0.12858001706714797,
    0.2037397260266114,
    0.18184314792717565,
    0.19072287844291255,
    0.11598776140311193,
    0.14565643401036033
  ],
  "train_acc": [
    0.697429906542056,
    0.9805295950155763,
    0.992601246105919,
    0.9984423676012462,
    0.9945482866043613,
    0.9953271028037384,
    0.9961059190031153,
    0.9922118380062306,
    0.9984423676012462,
    0.9988317757009346,
    0.9832554517133957,
    0.9992211838006231,
    0.9964953271028038,
    0.9953271028037384,
    0.9984423676012462,
    0.9984423676012462,
    0.9980529595015576,
    0.9988317757009346,
    0.9949376947040498,
    0.9988317757009346,
    0.9883177570093458,
    1.0,
    1.0,
    1.0,
    1.0,
    0.9976635514018691,
    0.9980529595015576,
    0.9992211838006231,
    0.9961059190031153,
    0.9910436137071651
  ],
  "val_acc": [
    0.8878504672897196,
    0.9548286604361371,
    0.956386292834891,
    0.926791277258567,
    0.9657320872274143,
    0.9501557632398754,
    0.8925233644859814,
    0.9610591900311527,
    0.9657320872274143,
    0.9579439252336449,
    0.9439252336448598,
    0.9595015576323987,
    0.9018691588785047,
    0.9454828660436138,
    0.9548286604361371,
    0.9485981308411215,
    0.9439252336448598,
    0.9626168224299065,
    0.9454828660436138,
    0.956386292834891,
    0.9501557632398754,
    0.9641744548286605,
    0.9641744548286605,
    0.9579439252336449,
    0.9595015576323987,
    0.9579439252336449,
    0.9548286604361371,
    0.9548286604361371,
    0.9595015576323987,
    0.9626168224299065
  ]
}