{
  "final_val_acc": 0.9626168224299065,
  "top3_acc": 0.9968847352024922,
  "auc_macro": 0.9969788165867001,
  "macro_f1": 0.952404342745292,
  "macro_precision": 0.9522690926450325,
  "macro_recall": 0.9538454270597126,
  "weighted_f1": 0.9627256156199685,
  "per_class_metrics": {
    "0": {
      "precision": 1.0,
      "recall": 1.0,
      "f1-score": 1.0,
      "support": 156
    },
    "1": {
      "precision": 0.9191919191919192,
      "recall": 0.9479166666666666,
      "f1-score": 0.9333333333333333,
      "support": 96
    },
    "2": {
      "precision": 0.8245614035087719,
      "recall": 0.8703703703703703,
      "f1-score": 0.8468468468468469,
      "support": 54
    },
    "3": {
      "precision": 0.9880952380952381,
      "recall": 0.9880952380952381,
      "f1-score": 0.9880952380952381,
      "support": 84
    },
    "4": {
      "precision": 0.9866666666666667,
      "recall": 0.8809523809523809,
      "f1-score": 0.9308176100628931,
      "support": 84
    },
    "5": {
      "precision": 1.0,
      "recall": 0.9895833333333334,
      "f1-score": 0.9947643979057592,
      "support": 96
    },
    "6": {
      "precision": 0.9473684210526315,
      "recall": 1.0,
      "f1-score": 0.972972972972973,
      "support": 72
    },
    "macro avg": {
      "precision": 0.9522690926450325,
      "recall": 0.9538454270597126,
      "f1-score": 0.952404342745292,
      "support": 642
    },
    "weighted avg": {
      "precision": 0.9639552435322233,
      "recall": 0.9626168224299065,
      "f1-score": 0.9627256156199685,
      "support": 642
    }
  }
}