{
  "final_val_acc": 0.636875,
  "top3_acc": 0.82375,
  "auc_macro": 0.970642936862245,
  "macro_f1": 0.6295971966989249,
  "macro_precision": 0.6604690239305444,
  "macro_recall": 0.636875,
  "weighted_f1": 0.6295971966989249,
  "per_class_metrics": {
    "0": {
      "precision": 0.5675675675675675,
      "recall": 0.65625,
      "f1-score": 0.6086956521739131,
      "support": 32
    },
    "1": {
      "precision": 0.5384615384615384,
      "recall": 0.21875,
      "f1-score": 0.3111111111111111,
      "support": 32
    },
    "2": {
      "precision": 0.5869565217391305,
      "recall": 0.84375,
      "f1-score": 0.6923076923076923,
      "support": 32
    },
    "3": {
      "precision": 0.47619047619047616,
      "recall": 0.625,
      "f1-score": 0.5405405405405406,
      "support": 32
    },
    "4": {
      "precision": 0.4489795918367347,
      "recall": 0.6875,
      "f1-score": 0.5432098765432098,
      "support": 32
    },
    "5": {
      "precision": 0.5769230769230769,
      "recall": 0.46875,
      "f1-score": 0.5172413793103449,
      "support": 32
    },
    "6": {
      "precision": 0.8148148148148148,
      "recall": 0.6875,
      "f1-score": 0.7457627118644068,
      "support": 32
    },
    "7": {
      "precision": 0.8823529411764706,
      "recall": 0.9375,
      "f1-score": 0.9090909090909091,
      "support": 32
    },
    "8": {
      "precision": 0.8709677419354839,
      "recall": 0.84375,
      "f1-score": 0.8571428571428571,
      "support": 32
    },
    "9": {
      "precision": 0.6875,
      "recall": 0.6875,
      "f1-score": 0.6875,
      "support": 32
    },
    "10": {
      "precision": 0.9310344827586207,
      "recall": 0.84375,
      "f1-score": 0.8852459016393442,
      "support": 32
    },
    "11": {
      "precision": 0.5238095238095238,
      "recall": 0.6875,
      "f1-score": 0.5945945945945946,
      "support": 32
    },
    "12": {
      "precision": 0.4262295081967213,
      "recall": 0.8125,
      "f1-score": 0.5591397849462365,
      "support": 32
    },
    "13": {
      "precision": 0.5833333333333334,
      "recall": 0.65625,
      "f1-score": 0.6176470588235294,
      "support": 32
    },
    "14": {
      "precision": 0.8214285714285714,
      "recall": 0.71875,
      "f1-score": 0.7666666666666667,
      "support": 32
    },
    "15": {
      "precision": 0.9354838709677419,
      "recall": 0.90625,
      "f1-score": 0.9206349206349206,
      "support": 32
    },
    "16": {
      "precision": 0.7083333333333334,
      "recall": 0.53125,
      "f1-score": 0.6071428571428571,
      "support": 32
    },
    "17": {
      "precision": 0.7419354838709677,
      "recall": 0.71875,
      "f1-score": 0.7301587301587301,
      "support": 32
    },
    "18": {
      "precision": 0.5,
      "recall": 0.28125,
      "f1-score": 0.36,
      "support": 32
    },
    "19": {
      "precision": 0.3673469387755102,
      "recall": 0.5625,
      "f1-score": 0.4444444444444444,
      "support": 32
    },
    "20": {
      "precision": 0.88,
      "recall": 0.6875,
      "f1-score": 0.7719298245614035,
      "support": 32
    },
    "21": {
      "precision": 0.42857142857142855,
      "recall": 0.28125,
      "f1-score": 0.33962264150943394,
      "support": 32
    },
    "22": {
      "precision": 0.6451612903225806,
      "recall": 0.625,
      "f1-score": 0.6349206349206349,
      "support": 32
    },
    "23": {
      "precision": 0.9,
      "recall": 0.5625,
      "f1-score": 0.6923076923076923,
      "support": 32
    },
    "24": {
      "precision": 0.625,
      "recall": 0.625,
      "f1-score": 0.625,
      "support": 32
    },
    "25": {
      "precision": 0.78125,
      "recall": 0.78125,
      "f1-score": 0.78125,
      "support": 32
    },
    "26": {
      "precision": 0.6842105263157895,
      "recall": 0.8125,
      "f1-score": 0.7428571428571429,
      "support": 32
    },
    "27": {
      "precision": 0.5833333333333334,
      "recall": 0.875,
      "f1-score": 0.7,
      "support": 32
    },
    "28": {
      "precision": 0.7,
      "recall": 0.21875,
      "f1-score": 0.3333333333333333,
      "support": 32
    },
    "29": {
      "precision": 1.0,
      "recall": 0.3125,
      "f1-score": 0.47619047619047616,
      "support": 32
    },
    "30": {
      "precision": 0.7931034482758621,
      "recall": 0.71875,
      "f1-score": 0.7540983606557377,
      "support": 32
    },
    "31": {
      "precision": 0.7037037037037037,
      "recall": 0.59375,
      "f1-score": 0.6440677966101694,
      "support": 32
    },
    "32": {
      "precision": 0.39285714285714285,
      "recall": 0.34375,
      "f1-score": 0.36666666666666664,
      "support": 32
    },
    "33": {
      "precision": 0.625,
      "recall": 0.3125,
      "f1-score": 0.4166666666666667,
      "support": 32
    },
    "34": {
      "precision": 0.64,
      "recall": 0.5,
      "f1-score": 0.5614035087719298,
      "support": 32
    },
    "35": {
      "precision": 0.6666666666666666,
      "recall": 0.8125,
      "f1-score": 0.7323943661971831,
      "support": 32
    },
    "36": {
      "precision": 0.5151515151515151,
      "recall": 0.53125,
      "f1-score": 0.5230769230769231,
      "support": 32
    },
    "37": {
      "precision": 0.6585365853658537,
      "recall": 0.84375,
      "f1-score": 0.7397260273972602,
      "support": 32
    },
    "38": {
      "precision": 0.8518518518518519,
      "recall": 0.71875,
      "f1-score": 0.7796610169491526,
      "support": 32
    },
    "39": {
      "precision": 0.65,
      "recall": 0.40625,
      "f1-score": 0.5,
      "support": 32
    },
    "40": {
      "precision": 0.8928571428571429,
      "recall": 0.78125,
      "f1-score": 0.8333333333333334,
      "support": 32
    },
    "41": {
      "precision": 0.6,
      "recall": 0.375,
      "f1-score": 0.46153846153846156,
      "support": 32
    },
    "42": {
      "precision": 0.52,
      "recall": 0.8125,
      "f1-score": 0.6341463414634146,
      "support": 32
    },
    "43": {
      "precision": 0.7297297297297297,
      "recall": 0.84375,
      "f1-score": 0.782608695652174,
      "support": 32
    },
    "44": {
      "precision": 0.5869565217391305,
      "recall": 0.84375,
      "f1-score": 0.6923076923076923,
      "support": 32
    },
    "45": {
      "precision": 0.6097560975609756,
      "recall": 0.78125,
      "f1-score": 0.684931506849315,
      "support": 32
    },
    "46": {
      "precision": 0.6923076923076923,
      "recall": 0.84375,
      "f1-score": 0.7605633802816901,
      "support": 32
    },
    "47": {
      "precision": 0.8181818181818182,
      "recall": 0.5625,
      "f1-score": 0.6666666666666666,
      "support": 32
    },
    "48": {
      "precision": 0.38461538461538464,
      "recall": 0.46875,
      "f1-score": 0.4225352112676056,
      "support": 32
    },
    "49": {
      "precision": 0.475,
      "recall": 0.59375,
      "f1-score": 0.5277777777777778,
      "support": 32
    },
    "macro avg": {
      "precision": 0.6604690239305444,
      "recall": 0.636875,
      "f1-score": 0.6295971966989249,
      "support": 1600
    },
    "weighted avg": {
      "precision": 0.6604690239305444,
      "recall": 0.636875,
      "f1-score": 0.6295971966989249,
      "support": 1600
    }
  }
}