{
  "train_loss": [
    3.243114297389984,
    1.6200942409038543,
    0.8126192879676819,
    0.4216440311074257,
    0.22915350556373595,
    0.14162752829492092,
    0.12745393496006727,
    0.08986997002735735,
    0.0818645654246211,
    0.060442797923460606,
    0.07198120741173625,
    0.06572306744754314,
    0.04577797961886972,
    0.05347743265330791,
    0.05280028268694878,
    0.03105010836850852,
    0.044699576401617376,
    0.04365970557788387,
    0.05129810224752873,
    0.03628324519377202,
    0.043363688266836106,
    0.03525677425786853,
    0.032109169997274874,
    0.037048035180196164,
    0.035902778340969235,
    0.03841979661723599,
    0.029580058781430125,
    0.03601461803424172,
    0.02667561383335851,
    0.027499398726504296
  ],
  "val_loss": [
    2.589009656906128,
    1.8594780206680297,
    1.7506633639335631,
    1.8914802932739259,
    1.614262237548828,
    1.9062150669097901,
    1.6763135647773744,
    1.8304012203216553,
    1.737876317501068,
    1.888890700340271,
    1.7555678510665893,
    1.8541153502464294,
    1.7779657077789306,
    1.9476942920684814,
    1.6825929713249206,
    1.8567756223678589,
    1.8725292015075683,
    1.8848932051658631,
    1.8637910270690918,
    1.6883827805519105,
    1.9070219016075134,
    1.780621154308319,
    1.7681475186347961,
    1.9045583152770995,
    1.805379445552826,
    1.861115610599518,
    1.7783232498168946,
    1.7046614813804626,
    2.016513316631317,
    1.7769556140899658
  ],
  "train_acc": [
    0.16375,
    0.5325,
    0.7640625,
    0.87828125,
    0.93671875,
    0.96328125,
    0.9646875,
    0.97484375,
    0.97875,
    0.984375,
    0.98015625,
    0.9821875,
    0.98703125,
    0.9846875,
    0.985,
    0.99265625,
    0.98828125,
    0.9878125,
    0.98515625,
    0.99046875,
    0.9884375,
    0.98953125,
    0.99125,
    0.99015625,
    0.98875,
    0.98984375,
    0.99296875,
    0.99046875,
    0.99265625,
    0.99265625
  ],
  "val_acc": [
    0.30125,
    0.47125,
    0.519375,
    0.5075,
    0.57875,
    0.556875,
    0.58,
    0.565625,
    0.58375,
    0.5775,
    0.578125,
    0.595,
    0.594375,
    0.571875,
    0.608125,
    0.585,
    0.57375,
    0.581875,
    0.598125,
    0.628125,
    0.6,
    0.61875,
    0.620625,
    0.59375,
    0.620625,
    0.614375,
    0.62625,
    0.635625,
    0.593125,
    0.636875
  ]
}