{
  "0": {
    "precision": 0.9166666666666666,
    "recall": 0.9871794871794872,
    "f1-score": 0.9506172839506173,
    "support": 156.0
  },
  "1": {
    "precision": 0.9473684210526315,
    "recall": 0.9375,
    "f1-score": 0.9424083769633508,
    "support": 96.0
  },
  "2": {
    "precision": 0.9318181818181818,
    "recall": 0.7592592592592593,
    "f1-score": 0.8367346938775511,
    "support": 54.0
  },
  "3": {
    "precision": 0.9859154929577465,
    "recall": 0.8333333333333334,
    "f1-score": 0.9032258064516129,
    "support": 84.0
  },
  "4": {
    "precision": 0.8902439024390244,
    "recall": 0.8690476190476191,
    "f1-score": 0.8795180722891566,
    "support": 84.0
  },
  "5": {
    "precision": 0.8807339449541285,
    "recall": 1.0,
    "f1-score": 0.9365853658536586,
    "support": 96.0
  },
  "6": {
    "precision": 0.9726027397260274,
    "recall": 0.9861111111111112,
    "f1-score": 0.9793103448275862,
    "support": 72.0
  },
  "accuracy": 0.926791277258567,
  "macro avg": {
    "precision": 0.9321927642306296,
    "recall": 0.9103472585615443,
    "f1-score": 0.918342849173362,
    "support": 642.0
  },
  "weighted avg": {
    "precision": 0.9290355068978716,
    "recall": 0.926791277258567,
    "f1-score": 0.9254271023643735,
    "support": 642.0
  }
}