{
  "0": {
    "precision": 0.5172413793103449,
    "recall": 0.5033557046979866,
    "f1-score": 0.5102040816326531,
    "support": 149.0
  },
  "1": {
    "precision": 0.7289377289377289,
    "recall": 0.7397769516728625,
    "f1-score": 0.7343173431734318,
    "support": 269.0
  },
  "accuracy": 0.6555023923444976,
  "macro avg": {
    "precision": 0.6230895541240369,
    "recall": 0.6215663281854246,
    "f1-score": 0.6222607124030424,
    "support": 418.0
  },
  "weighted avg": {
    "precision": 0.6534765899557188,
    "recall": 0.6555023923444976,
    "f1-score": 0.6544300800883217,
    "support": 418.0
  }
}