{
  "0": {
    "precision": 0.9130434782608695,
    "recall": 0.98,
    "f1-score": 0.9453376205787781,
    "support": 150.0
  },
  "1": {
    "precision": 0.9354838709677419,
    "recall": 0.90625,
    "f1-score": 0.9206349206349206,
    "support": 96.0
  },
  "2": {
    "precision": 0.9583333333333334,
    "recall": 0.7666666666666667,
    "f1-score": 0.8518518518518519,
    "support": 60.0
  },
  "3": {
    "precision": 0.9166666666666666,
    "recall": 0.7857142857142857,
    "f1-score": 0.8461538461538461,
    "support": 84.0
  },
  "4": {
    "precision": 0.8589743589743589,
    "recall": 0.7976190476190477,
    "f1-score": 0.8271604938271605,
    "support": 84.0
  },
  "5": {
    "precision": 0.9223300970873787,
    "recall": 0.9895833333333334,
    "f1-score": 0.9547738693467337,
    "support": 96.0
  },
  "6": {
    "precision": 0.8275862068965517,
    "recall": 1.0,
    "f1-score": 0.9056603773584906,
    "support": 72.0
  },
  "accuracy": 0.9034267912772586,
  "macro avg": {
    "precision": 0.9046311445981285,
    "recall": 0.8894047619047619,
    "f1-score": 0.8930818542502544,
    "support": 642.0
  },
  "weighted avg": {
    "precision": 0.9058360057987848,
    "recall": 0.9034267912772586,
    "f1-score": 0.9014282706610318,
    "support": 642.0
  }
}