{
  "0": {
    "precision": 0.65,
    "recall": 0.40625,
    "f1-score": 0.5,
    "support": 32.0
  },
  "1": {
    "precision": 0.2608695652173913,
    "recall": 0.1875,
    "f1-score": 0.21818181818181817,
    "support": 32.0
  },
  "2": {
    "precision": 0.44776119402985076,
    "recall": 0.9375,
    "f1-score": 0.6060606060606061,
    "support": 32.0
  },
  "3": {
    "precision": 0.5,
    "recall": 0.5625,
    "f1-score": 0.5294117647058824,
    "support": 32.0
  },
  "4": {
    "precision": 0.8181818181818182,
    "recall": 0.28125,
    "f1-score": 0.4186046511627907,
    "support": 32.0
  },
  "5": {
    "precision": 0.44642857142857145,
    "recall": 0.78125,
    "f1-score": 0.5681818181818182,
    "support": 32.0
  },
  "6": {
    "precision": 0.7777777777777778,
    "recall": 0.65625,
    "f1-score": 0.711864406779661,
    "support": 32.0
  },
  "7": {
    "precision": 0.7857142857142857,
    "recall": 0.34375,
    "f1-score": 0.4782608695652174,
    "support": 32.0
  },
  "8": {
    "precision": 0.7297297297297297,
    "recall": 0.84375,
    "f1-score": 0.782608695652174,
    "support": 32.0
  },
  "9": {
    "precision": 0.782608695652174,
    "recall": 0.5625,
    "f1-score": 0.6545454545454545,
    "support": 32.0
  },
  "10": {
    "precision": 0.9655172413793104,
    "recall": 0.875,
    "f1-score": 0.9180327868852459,
    "support": 32.0
  },
  "11": {
    "precision": 0.5675675675675675,
    "recall": 0.65625,
    "f1-score": 0.6086956521739131,
    "support": 32.0
  },
  "12": {
    "precision": 0.46153846153846156,
    "recall": 0.1875,
    "f1-score": 0.26666666666666666,
    "support": 32.0
  },
  "13": {
    "precision": 0.6666666666666666,
    "recall": 0.5,
    "f1-score": 0.5714285714285714,
    "support": 32.0
  },
  "14": {
    "precision": 0.48484848484848486,
    "recall": 0.5,
    "f1-score": 0.49230769230769234,
    "support": 32.0
  },
  "15": {
    "precision": 0.75,
    "recall": 0.65625,
    "f1-score": 0.7,
    "support": 32.0
  },
  "16": {
    "precision": 0.4444444444444444,
    "recall": 0.5,
    "f1-score": 0.47058823529411764,
    "support": 32.0
  },
  "17": {
    "precision": 0.5777777777777777,
    "recall": 0.8125,
    "f1-score": 0.6753246753246753,
    "support": 32.0
  },
  "18": {
    "precision": 0.2545454545454545,
    "recall": 0.4375,
    "f1-score": 0.3218390804597701,
    "support": 32.0
  },
  "19": {
    "precision": 0.4444444444444444,
    "recall": 0.125,
    "f1-score": 0.1951219512195122,
    "support": 32.0
  },
  "20": {
    "precision": 0.6764705882352942,
    "recall": 0.71875,
    "f1-score": 0.696969696969697,
    "support": 32.0
  },
  "21": {
    "precision": 0.25,
    "recall": 0.09375,
    "f1-score": 0.13636363636363635,
    "support": 32.0
  },
  "22": {
    "precision": 0.4375,
    "recall": 0.4375,
    "f1-score": 0.4375,
    "support": 32.0
  },
  "23": {
    "precision": 0.4782608695652174,
    "recall": 0.34375,
    "f1-score": 0.4,
    "support": 32.0
  },
  "24": {
    "precision": 0.5686274509803921,
    "recall": 0.90625,
    "f1-score": 0.6987951807228916,
    "support": 32.0
  },
  "25": {
    "precision": 0.5454545454545454,
    "recall": 0.375,
    "f1-score": 0.4444444444444444,
    "support": 32.0
  },
  "26": {
    "precision": 0.4186046511627907,
    "recall": 0.5625,
    "f1-score": 0.48,
    "support": 32.0
  },
  "27": {
    "precision": 0.5,
    "recall": 0.96875,
    "f1-score": 0.6595744680851063,
    "support": 32.0
  },
  "28": {
    "precision": 0.4166666666666667,
    "recall": 0.15625,
    "f1-score": 0.22727272727272727,
    "support": 32.0
  },
  "29": {
    "precision": 0.75,
    "recall": 0.28125,
    "f1-score": 0.4090909090909091,
    "support": 32.0
  },
  "30": {
    "precision": 1.0,
    "recall": 0.3125,
    "f1-score": 0.47619047619047616,
    "support": 32.0
  },
  "31": {
    "precision": 0.5,
    "recall": 0.75,
    "f1-score": 0.6,
    "support": 32.0
  },
  "32": {
    "precision": 0.6666666666666666,
    "recall": 0.0625,
    "f1-score": 0.11428571428571428,
    "support": 32.0
  },
  "33": {
    "precision": 0.35294117647058826,
    "recall": 0.1875,
    "f1-score": 0.24489795918367346,
    "support": 32.0
  },
  "34": {
    "precision": 0.5714285714285714,
    "recall": 0.5,
    "f1-score": 0.5333333333333333,
    "support": 32.0
  },
  "35": {
    "precision": 0.7058823529411765,
    "recall": 0.75,
    "f1-score": 0.7272727272727273,
    "support": 32.0
  },
  "36": {
    "precision": 0.6428571428571429,
    "recall": 0.28125,
    "f1-score": 0.391304347826087,
    "support": 32.0
  },
  "37": {
    "precision": 0.68,
    "recall": 0.53125,
    "f1-score": 0.5964912280701754,
    "support": 32.0
  },
  "38": {
    "precision": 0.41025641025641024,
    "recall": 1.0,
    "f1-score": 0.5818181818181818,
    "support": 32.0
  },
  "39": {
    "precision": 0.3870967741935484,
    "recall": 0.375,
    "f1-score": 0.38095238095238093,
    "support": 32.0
  },
  "40": {
    "precision": 0.6511627906976745,
    "recall": 0.875,
    "f1-score": 0.7466666666666667,
    "support": 32.0
  },
  "41": {
    "precision": 0.26595744680851063,
    "recall": 0.78125,
    "f1-score": 0.3968253968253968,
    "support": 32.0
  },
  "42": {
    "precision": 0.5384615384615384,
    "recall": 0.4375,
    "f1-score": 0.4827586206896552,
    "support": 32.0
  },
  "43": {
    "precision": 0.6585365853658537,
    "recall": 0.84375,
    "f1-score": 0.7397260273972602,
    "support": 32.0
  },
  "44": {
    "precision": 0.47619047619047616,
    "recall": 0.625,
    "f1-score": 0.5405405405405406,
    "support": 32.0
  },
  "45": {
    "precision": 0.29411764705882354,
    "recall": 0.3125,
    "f1-score": 0.30303030303030304,
    "support": 32.0
  },
  "46": {
    "precision": 0.5,
    "recall": 0.75,
    "f1-score": 0.6,
    "support": 32.0
  },
  "47": {
    "precision": 0.2857142857142857,
    "recall": 0.0625,
    "f1-score": 0.10256410256410256,
    "support": 32.0
  },
  "48": {
    "precision": 0.6666666666666666,
    "recall": 0.25,
    "f1-score": 0.36363636363636365,
    "support": 32.0
  },
  "49": {
    "precision": 0.38461538461538464,
    "recall": 0.46875,
    "f1-score": 0.4225352112676056,
    "support": 32.0
  },
  "accuracy": 0.51625,
  "macro avg": {
    "precision": 0.5499311773880486,
    "recall": 0.51625,
    "f1-score": 0.49245132082191284,
    "support": 1600.0
  },
  "weighted avg": {
    "precision": 0.5499311773880486,
    "recall": 0.51625,
    "f1-score": 0.49245132082191284,
    "support": 1600.0
  }
}