{
  "0": {
    "precision": 0.6935483870967742,
    "recall": 0.7818181818181819,
    "f1-score": 0.7350427350427351,
    "support": 55.0
  },
  "1": {
    "precision": 0.7735849056603774,
    "recall": 0.6833333333333333,
    "f1-score": 0.7256637168141593,
    "support": 60.0
  },
  "accuracy": 0.7304347826086957,
  "macro avg": {
    "precision": 0.7335666463785758,
    "recall": 0.7325757575757577,
    "f1-score": 0.7303532259284472,
    "support": 115.0
  },
  "weighted avg": {
    "precision": 0.7353065706951759,
    "recall": 0.7304347826086957,
    "f1-score": 0.7301493342278261,
    "support": 115.0
  }
}