{
  "0": {
    "precision": 1.0,
    "recall": 1.0,
    "f1-score": 1.0,
    "support": 150.0
  },
  "1": {
    "precision": 0.9578947368421052,
    "recall": 0.9479166666666666,
    "f1-score": 0.9528795811518325,
    "support": 96.0
  },
  "2": {
    "precision": 0.9464285714285714,
    "recall": 0.8833333333333333,
    "f1-score": 0.9137931034482759,
    "support": 60.0
  },
  "3": {
    "precision": 1.0,
    "recall": 1.0,
    "f1-score": 1.0,
    "support": 84.0
  },
  "4": {
    "precision": 0.9871794871794872,
    "recall": 0.9166666666666666,
    "f1-score": 0.9506172839506173,
    "support": 84.0
  },
  "5": {
    "precision": 1.0,
    "recall": 1.0,
    "f1-score": 1.0,
    "support": 96.0
  },
  "6": {
    "precision": 0.8674698795180723,
    "recall": 1.0,
    "f1-score": 0.9290322580645162,
    "support": 72.0
  },
  "accuracy": 0.9704049844236761,
  "macro avg": {
    "precision": 0.9655675249954623,
    "recall": 0.9639880952380953,
    "f1-score": 0.9637603180878916,
    "support": 642.0
  },
  "weighted avg": {
    "precision": 0.9721565689578419,
    "recall": 0.9704049844236761,
    "f1-score": 0.9704769477102327,
    "support": 642.0
  }
}