{
  "0": {
    "precision": 0.954,
    "recall": 0.959758551307847,
    "f1-score": 0.9568706118355065,
    "support": 497.0
  },
  "1": {
    "precision": 0.8473282442748091,
    "recall": 0.8283582089552238,
    "f1-score": 0.8377358490566038,
    "support": 134.0
  },
  "accuracy": 0.9318541996830428,
  "macro avg": {
    "precision": 0.9006641221374045,
    "recall": 0.8940583801315354,
    "f1-score": 0.8973032304460551,
    "support": 631.0
  },
  "weighted avg": {
    "precision": 0.9313470439505934,
    "recall": 0.9318541996830428,
    "f1-score": 0.9315709950171658,
    "support": 631.0
  }
}