{
  "best_val_acc": 0.9318541996830428,
  "final_macro_f1": 0.8822057945041816,
  "final_auc": 0.9536022102765849,
  "config": {
    "dataset": "physionet",
    "model_type": "resnet50",
    "epochs": 30,
    "batch_size": 32,
    "lr": 0.0001,
    "seed": 123,
    "run_name": "anchor_phys_s123"
  }
}