{
  "0": {
    "precision": 0.9221556886227545,
    "recall": 0.9871794871794872,
    "f1-score": 0.9535603715170279,
    "support": 156.0
  },
  "1": {
    "precision": 0.9767441860465116,
    "recall": 0.875,
    "f1-score": 0.9230769230769231,
    "support": 96.0
  },
  "2": {
    "precision": 0.92,
    "recall": 0.8518518518518519,
    "f1-score": 0.8846153846153846,
    "support": 54.0
  },
  "3": {
    "precision": 0.9871794871794872,
    "recall": 0.9166666666666666,
    "f1-score": 0.9506172839506173,
    "support": 84.0
  },
  "4": {
    "precision": 0.9125,
    "recall": 0.8690476190476191,
    "f1-score": 0.8902439024390244,
    "support": 84.0
  },
  "5": {
    "precision": 0.9134615384615384,
    "recall": 0.9895833333333334,
    "f1-score": 0.95,
    "support": 96.0
  },
  "6": {
    "precision": 0.935064935064935,
    "recall": 1.0,
    "f1-score": 0.9664429530201343,
    "support": 72.0
  },
  "accuracy": 0.9361370716510904,
  "macro avg": {
    "precision": 0.9381579764821752,
    "recall": 0.9270469940112797,
    "f1-score": 0.9312224026598732,
    "support": 642.0
  },
  "weighted avg": {
    "precision": 0.9375292667066586,
    "recall": 0.9361370716510904,
    "f1-score": 0.9354458965972763,
    "support": 642.0
  }
}