{
  "train_loss": [
    1.5949900081753732,
    0.2004850049316883,
    0.069213459584862,
    0.03208899804390967,
    0.026375952800735833,
    0.015086766876047477,
    0.02164686542353593,
    0.01091826953808777,
    0.025746470793383196,
    0.03422649917891249,
    0.034076059230137616,
    0.03280564905377105,
    0.02269507720891852,
    0.027350728482706473,
    0.0052743025982636025,
    0.006090188148373272,
    0.016405269702372608,
    0.0033846307631756646,
    0.0013835345896950457,
    0.00110496040644648,
    0.00042352786171250044,
    0.007195027572233812,
    0.014312853807932697,
    0.015881222583120688,
    0.02743114838085603,
    0.04089170041494072,
    0.029085957814240827,
    0.009589421788405161,
    0.009705098913400434,
    0.008465160256018862
  ],
  "val_loss": [
    0.8191852366924286,
    0.6044296658039093,
    0.4981133580207825,
    0.5496656221151351,
    0.45566966086626054,
    0.5079425525665283,
    0.4599087482690811,
    0.5299800941348076,
    0.536512505710125,
    0.559081364274025,
    0.5620924860239029,
    0.5019565534591675,
    0.4257237678766251,
    0.40864275246858595,
    0.3784923741221428,
    0.4107309055328369,
    0.4293669676780701,
    0.3813776655495167,
    0.39393186271190644,
    0.3783566749840975,
    0.3476167479902506,
    0.45280620411038397,
    0.5132894125580788,
    0.543726264834404,
    0.5636297655105591,
    0.5265287101268769,
    0.4157005825638771,
    0.4351580321788788,
    0.3525534123182297,
    0.3435111337900162
  ],
  "train_acc": [
    0.59671875,
    0.948125,
    0.98421875,
    0.99171875,
    0.99390625,
    0.99640625,
    0.994375,
    0.99703125,
    0.99359375,
    0.9903125,
    0.990625,
    0.990625,
    0.99375,
    0.99359375,
    0.999375,
    0.998125,
    0.99625,
    0.9996875,
    0.9996875,
    0.9996875,
    1.0,
    0.9984375,
    0.9965625,
    0.99609375,
    0.99296875,
    0.98828125,
    0.9928125,
    0.99765625,
    0.99703125,
    0.99765625
  ],
  "val_acc": [
    0.736875,
    0.819375,
    0.85,
    0.845625,
    0.875,
    0.86,
    0.865625,
    0.845,
    0.854375,
    0.845625,
    0.846875,
    0.86,
    0.87875,
    0.874375,
    0.9075,
    0.893125,
    0.89,
    0.9,
    0.89875,
    0.900625,
    0.914375,
    0.88,
    0.865,
    0.8675,
    0.864375,
    0.861875,
    0.885,
    0.8925,
    0.90875,
    0.90875
  ]
}