{
  "0": {
    "precision": 0.6666666666666666,
    "recall": 1.0,
    "f1-score": 0.8,
    "support": 32.0
  },
  "1": {
    "precision": 0.7741935483870968,
    "recall": 0.75,
    "f1-score": 0.7619047619047619,
    "support": 32.0
  },
  "2": {
    "precision": 0.96875,
    "recall": 0.96875,
    "f1-score": 0.96875,
    "support": 32.0
  },
  "3": {
    "precision": 0.9310344827586207,
    "recall": 0.84375,
    "f1-score": 0.8852459016393442,
    "support": 32.0
  },
  "4": {
    "precision": 1.0,
    "recall": 0.96875,
    "f1-score": 0.9841269841269841,
    "support": 32.0
  },
  "5": {
    "precision": 0.7272727272727273,
    "recall": 1.0,
    "f1-score": 0.8421052631578947,
    "support": 32.0
  },
  "6": {
    "precision": 0.9393939393939394,
    "recall": 0.96875,
    "f1-score": 0.9538461538461539,
    "support": 32.0
  },
  "7": {
    "precision": 0.8235294117647058,
    "recall": 0.875,
    "f1-score": 0.8484848484848485,
    "support": 32.0
  },
  "8": {
    "precision": 1.0,
    "recall": 1.0,
    "f1-score": 1.0,
    "support": 32.0
  },
  "9": {
    "precision": 0.7804878048780488,
    "recall": 1.0,
    "f1-score": 0.8767123287671232,
    "support": 32.0
  },
  "10": {
    "precision": 0.967741935483871,
    "recall": 0.9375,
    "f1-score": 0.9523809523809523,
    "support": 32.0
  },
  "11": {
    "precision": 0.9666666666666667,
    "recall": 0.90625,
    "f1-score": 0.9354838709677419,
    "support": 32.0
  },
  "12": {
    "precision": 0.9583333333333334,
    "recall": 0.71875,
    "f1-score": 0.8214285714285714,
    "support": 32.0
  },
  "13": {
    "precision": 0.9696969696969697,
    "recall": 1.0,
    "f1-score": 0.9846153846153847,
    "support": 32.0
  },
  "14": {
    "precision": 0.6808510638297872,
    "recall": 1.0,
    "f1-score": 0.810126582278481,
    "support": 32.0
  },
  "15": {
    "precision": 0.9629629629629629,
    "recall": 0.8125,
    "f1-score": 0.8813559322033898,
    "support": 32.0
  },
  "16": {
    "precision": 0.90625,
    "recall": 0.90625,
    "f1-score": 0.90625,
    "support": 32.0
  },
  "17": {
    "precision": 0.9523809523809523,
    "recall": 0.625,
    "f1-score": 0.7547169811320755,
    "support": 32.0
  },
  "18": {
    "precision": 0.8157894736842105,
    "recall": 0.96875,
    "f1-score": 0.8857142857142857,
    "support": 32.0
  },
  "19": {
    "precision": 0.9142857142857143,
    "recall": 1.0,
    "f1-score": 0.9552238805970149,
    "support": 32.0
  },
  "20": {
    "precision": 1.0,
    "recall": 1.0,
    "f1-score": 1.0,
    "support": 32.0
  },
  "21": {
    "precision": 0.7575757575757576,
    "recall": 0.78125,
    "f1-score": 0.7692307692307693,
    "support": 32.0
  },
  "22": {
    "precision": 0.8125,
    "recall": 0.8125,
    "f1-score": 0.8125,
    "support": 32.0
  },
  "23": {
    "precision": 1.0,
    "recall": 1.0,
    "f1-score": 1.0,
    "support": 32.0
  },
  "24": {
    "precision": 0.8571428571428571,
    "recall": 0.5625,
    "f1-score": 0.6792452830188679,
    "support": 32.0
  },
  "25": {
    "precision": 1.0,
    "recall": 0.875,
    "f1-score": 0.9333333333333333,
    "support": 32.0
  },
  "26": {
    "precision": 0.9142857142857143,
    "recall": 1.0,
    "f1-score": 0.9552238805970149,
    "support": 32.0
  },
  "27": {
    "precision": 0.9411764705882353,
    "recall": 1.0,
    "f1-score": 0.9696969696969697,
    "support": 32.0
  },
  "28": {
    "precision": 1.0,
    "recall": 0.65625,
    "f1-score": 0.7924528301886793,
    "support": 32.0
  },
  "29": {
    "precision": 0.967741935483871,
    "recall": 0.9375,
    "f1-score": 0.9523809523809523,
    "support": 32.0
  },
  "30": {
    "precision": 1.0,
    "recall": 0.84375,
    "f1-score": 0.9152542372881356,
    "support": 32.0
  },
  "31": {
    "precision": 0.7714285714285715,
    "recall": 0.84375,
    "f1-score": 0.8059701492537313,
    "support": 32.0
  },
  "32": {
    "precision": 0.95,
    "recall": 0.59375,
    "f1-score": 0.7307692307692307,
    "support": 32.0
  },
  "33": {
    "precision": 0.7777777777777778,
    "recall": 0.65625,
    "f1-score": 0.711864406779661,
    "support": 32.0
  },
  "34": {
    "precision": 1.0,
    "recall": 1.0,
    "f1-score": 1.0,
    "support": 32.0
  },
  "35": {
    "precision": 1.0,
    "recall": 1.0,
    "f1-score": 1.0,
    "support": 32.0
  },
  "36": {
    "precision": 0.9642857142857143,
    "recall": 0.84375,
    "f1-score": 0.9,
    "support": 32.0
  },
  "37": {
    "precision": 1.0,
    "recall": 1.0,
    "f1-score": 1.0,
    "support": 32.0
  },
  "38": {
    "precision": 0.8823529411764706,
    "recall": 0.9375,
    "f1-score": 0.9090909090909091,
    "support": 32.0
  },
  "39": {
    "precision": 1.0,
    "recall": 0.9375,
    "f1-score": 0.967741935483871,
    "support": 32.0
  },
  "40": {
    "precision": 1.0,
    "recall": 0.96875,
    "f1-score": 0.9841269841269841,
    "support": 32.0
  },
  "41": {
    "precision": 1.0,
    "recall": 1.0,
    "f1-score": 1.0,
    "support": 32.0
  },
  "42": {
    "precision": 0.8055555555555556,
    "recall": 0.90625,
    "f1-score": 0.8529411764705882,
    "support": 32.0
  },
  "43": {
    "precision": 0.9354838709677419,
    "recall": 0.90625,
    "f1-score": 0.9206349206349206,
    "support": 32.0
  },
  "44": {
    "precision": 1.0,
    "recall": 1.0,
    "f1-score": 1.0,
    "support": 32.0
  },
  "45": {
    "precision": 0.967741935483871,
    "recall": 0.9375,
    "f1-score": 0.9523809523809523,
    "support": 32.0
  },
  "46": {
    "precision": 0.8205128205128205,
    "recall": 1.0,
    "f1-score": 0.9014084507042254,
    "support": 32.0
  },
  "47": {
    "precision": 0.8857142857142857,
    "recall": 0.96875,
    "f1-score": 0.9253731343283582,
    "support": 32.0
  },
  "48": {
    "precision": 0.8888888888888888,
    "recall": 1.0,
    "f1-score": 0.9411764705882353,
    "support": 32.0
  },
  "49": {
    "precision": 0.9642857142857143,
    "recall": 0.84375,
    "f1-score": 0.9,
    "support": 32.0
  },
  "accuracy": 0.90125,
  "macro avg": {
    "precision": 0.9114147692920024,
    "recall": 0.90125,
    "f1-score": 0.8998253931918277,
    "support": 1600.0
  },
  "weighted avg": {
    "precision": 0.9114147692920024,
    "recall": 0.90125,
    "f1-score": 0.8998253931918277,
    "support": 1600.0
  }
}