{
  "0": {
    "precision": 0.7804878048780488,
    "recall": 1.0,
    "f1-score": 0.8767123287671232,
    "support": 32.0
  },
  "1": {
    "precision": 0.9629629629629629,
    "recall": 0.8125,
    "f1-score": 0.8813559322033898,
    "support": 32.0
  },
  "2": {
    "precision": 1.0,
    "recall": 0.96875,
    "f1-score": 0.9841269841269841,
    "support": 32.0
  },
  "3": {
    "precision": 1.0,
    "recall": 0.78125,
    "f1-score": 0.8771929824561403,
    "support": 32.0
  },
  "4": {
    "precision": 0.9142857142857143,
    "recall": 1.0,
    "f1-score": 0.9552238805970149,
    "support": 32.0
  },
  "5": {
    "precision": 0.7804878048780488,
    "recall": 1.0,
    "f1-score": 0.8767123287671232,
    "support": 32.0
  },
  "6": {
    "precision": 1.0,
    "recall": 1.0,
    "f1-score": 1.0,
    "support": 32.0
  },
  "7": {
    "precision": 0.8064516129032258,
    "recall": 0.78125,
    "f1-score": 0.7936507936507936,
    "support": 32.0
  },
  "8": {
    "precision": 1.0,
    "recall": 0.90625,
    "f1-score": 0.9508196721311475,
    "support": 32.0
  },
  "9": {
    "precision": 0.9,
    "recall": 0.84375,
    "f1-score": 0.8709677419354839,
    "support": 32.0
  },
  "10": {
    "precision": 0.96875,
    "recall": 0.96875,
    "f1-score": 0.96875,
    "support": 32.0
  },
  "11": {
    "precision": 0.775,
    "recall": 0.96875,
    "f1-score": 0.8611111111111112,
    "support": 32.0
  },
  "12": {
    "precision": 0.8148148148148148,
    "recall": 0.6875,
    "f1-score": 0.7457627118644068,
    "support": 32.0
  },
  "13": {
    "precision": 1.0,
    "recall": 1.0,
    "f1-score": 1.0,
    "support": 32.0
  },
  "14": {
    "precision": 0.9142857142857143,
    "recall": 1.0,
    "f1-score": 0.9552238805970149,
    "support": 32.0
  },
  "15": {
    "precision": 0.9354838709677419,
    "recall": 0.90625,
    "f1-score": 0.9206349206349206,
    "support": 32.0
  },
  "16": {
    "precision": 0.9696969696969697,
    "recall": 1.0,
    "f1-score": 0.9846153846153847,
    "support": 32.0
  },
  "17": {
    "precision": 0.7941176470588235,
    "recall": 0.84375,
    "f1-score": 0.8181818181818182,
    "support": 32.0
  },
  "18": {
    "precision": 0.8181818181818182,
    "recall": 0.84375,
    "f1-score": 0.8307692307692308,
    "support": 32.0
  },
  "19": {
    "precision": 0.9523809523809523,
    "recall": 0.625,
    "f1-score": 0.7547169811320755,
    "support": 32.0
  },
  "20": {
    "precision": 0.8235294117647058,
    "recall": 0.875,
    "f1-score": 0.8484848484848485,
    "support": 32.0
  },
  "21": {
    "precision": 0.7857142857142857,
    "recall": 0.6875,
    "f1-score": 0.7333333333333333,
    "support": 32.0
  },
  "22": {
    "precision": 0.8333333333333334,
    "recall": 0.78125,
    "f1-score": 0.8064516129032258,
    "support": 32.0
  },
  "23": {
    "precision": 0.9642857142857143,
    "recall": 0.84375,
    "f1-score": 0.9,
    "support": 32.0
  },
  "24": {
    "precision": 0.8148148148148148,
    "recall": 0.6875,
    "f1-score": 0.7457627118644068,
    "support": 32.0
  },
  "25": {
    "precision": 0.8857142857142857,
    "recall": 0.96875,
    "f1-score": 0.9253731343283582,
    "support": 32.0
  },
  "26": {
    "precision": 1.0,
    "recall": 1.0,
    "f1-score": 1.0,
    "support": 32.0
  },
  "27": {
    "precision": 1.0,
    "recall": 0.96875,
    "f1-score": 0.9841269841269841,
    "support": 32.0
  },
  "28": {
    "precision": 0.8181818181818182,
    "recall": 0.5625,
    "f1-score": 0.6666666666666666,
    "support": 32.0
  },
  "29": {
    "precision": 0.7619047619047619,
    "recall": 1.0,
    "f1-score": 0.8648648648648649,
    "support": 32.0
  },
  "30": {
    "precision": 1.0,
    "recall": 0.75,
    "f1-score": 0.8571428571428571,
    "support": 32.0
  },
  "31": {
    "precision": 0.9090909090909091,
    "recall": 0.9375,
    "f1-score": 0.9230769230769231,
    "support": 32.0
  },
  "32": {
    "precision": 0.7142857142857143,
    "recall": 0.78125,
    "f1-score": 0.746268656716418,
    "support": 32.0
  },
  "33": {
    "precision": 0.9375,
    "recall": 0.9375,
    "f1-score": 0.9375,
    "support": 32.0
  },
  "34": {
    "precision": 0.8108108108108109,
    "recall": 0.9375,
    "f1-score": 0.8695652173913043,
    "support": 32.0
  },
  "35": {
    "precision": 0.9696969696969697,
    "recall": 1.0,
    "f1-score": 0.9846153846153847,
    "support": 32.0
  },
  "36": {
    "precision": 0.8928571428571429,
    "recall": 0.78125,
    "f1-score": 0.8333333333333334,
    "support": 32.0
  },
  "37": {
    "precision": 1.0,
    "recall": 1.0,
    "f1-score": 1.0,
    "support": 32.0
  },
  "38": {
    "precision": 0.7692307692307693,
    "recall": 0.625,
    "f1-score": 0.6896551724137931,
    "support": 32.0
  },
  "39": {
    "precision": 0.9411764705882353,
    "recall": 1.0,
    "f1-score": 0.9696969696969697,
    "support": 32.0
  },
  "40": {
    "precision": 1.0,
    "recall": 1.0,
    "f1-score": 1.0,
    "support": 32.0
  },
  "41": {
    "precision": 0.7297297297297297,
    "recall": 0.84375,
    "f1-score": 0.782608695652174,
    "support": 32.0
  },
  "42": {
    "precision": 0.7948717948717948,
    "recall": 0.96875,
    "f1-score": 0.8732394366197183,
    "support": 32.0
  },
  "43": {
    "precision": 0.9696969696969697,
    "recall": 1.0,
    "f1-score": 0.9846153846153847,
    "support": 32.0
  },
  "44": {
    "precision": 1.0,
    "recall": 1.0,
    "f1-score": 1.0,
    "support": 32.0
  },
  "45": {
    "precision": 0.7428571428571429,
    "recall": 0.8125,
    "f1-score": 0.7761194029850746,
    "support": 32.0
  },
  "46": {
    "precision": 0.8108108108108109,
    "recall": 0.9375,
    "f1-score": 0.8695652173913043,
    "support": 32.0
  },
  "47": {
    "precision": 0.7222222222222222,
    "recall": 0.8125,
    "f1-score": 0.7647058823529411,
    "support": 32.0
  },
  "48": {
    "precision": 0.9523809523809523,
    "recall": 0.625,
    "f1-score": 0.7547169811320755,
    "support": 32.0
  },
  "49": {
    "precision": 0.6571428571428571,
    "recall": 0.71875,
    "f1-score": 0.6865671641791045,
    "support": 32.0
  },
  "accuracy": 0.875625,
  "macro avg": {
    "precision": 0.8819845475856317,
    "recall": 0.875625,
    "f1-score": 0.8736917103885723,
    "support": 1600.0
  },
  "weighted avg": {
    "precision": 0.8819845475856317,
    "recall": 0.875625,
    "f1-score": 0.8736917103885723,
    "support": 1600.0
  }
}