{
  "0": {
    "precision": 1.0,
    "recall": 1.0,
    "f1-score": 1.0,
    "support": 156.0
  },
  "1": {
    "precision": 0.9696969696969697,
    "recall": 1.0,
    "f1-score": 0.9846153846153847,
    "support": 96.0
  },
  "2": {
    "precision": 1.0,
    "recall": 0.7962962962962963,
    "f1-score": 0.8865979381443299,
    "support": 54.0
  },
  "3": {
    "precision": 0.9333333333333333,
    "recall": 1.0,
    "f1-score": 0.9655172413793104,
    "support": 84.0
  },
  "4": {
    "precision": 0.9438202247191011,
    "recall": 1.0,
    "f1-score": 0.9710982658959537,
    "support": 84.0
  },
  "5": {
    "precision": 1.0,
    "recall": 1.0,
    "f1-score": 1.0,
    "support": 96.0
  },
  "6": {
    "precision": 0.9855072463768116,
    "recall": 0.9444444444444444,
    "f1-score": 0.9645390070921985,
    "support": 72.0
  },
  "accuracy": 0.9766355140186916,
  "macro avg": {
    "precision": 0.9760511105894594,
    "recall": 0.9629629629629629,
    "f1-score": 0.9674811195895966,
    "support": 642.0
  },
  "weighted avg": {
    "precision": 0.9777699839664239,
    "recall": 0.9766355140186916,
    "f1-score": 0.9758907736832263,
    "support": 642.0
  }
}